open,high,low,close,amount,volume
29.5,29.8,27.0,27.75,4859102208.0,1740850.0
27.580000000000002,28.38,27.53,27.71,821582208.0,294034.0
27.86,28.3,27.77,28.05,421591616.0,150079.0
28.2,28.25,27.7,27.75,332952800.0,119210.0
27.88,27.97,26.48,26.55,628908288.0,232231.0
26.5,27.18,26.37,27.18,268995040.0,100525.0
27.2,27.580000000000002,26.78,27.02,229577872.0,84465.0
27.5,27.53,26.8,26.88,145887120.0,53749.0
26.88,26.95,26.3,26.45,147086160.0,55354.0
26.45,26.55,26.1,26.45,101224496.0,38439.0
26.44,26.55,26.01,26.43,107344464.0,40980.0
26.3,26.66,26.02,26.400000000000002,150528192.0,57252.0
26.43,26.66,26.150000000000002,26.45,60508936.0,22826.0
26.45,26.830000000000002,26.22,26.330000000000002,71099576.0,26812.0
26.3,26.5,26.11,26.400000000000002,62335744.0,23713.0
26.310000000000002,26.900000000000002,26.21,26.6,76287992.0,28651.0
26.52,26.72,26.22,26.26,51110240.0,19384.0
26.25,26.650000000000002,26.2,26.36,67291880.0,25525.0
26.3,26.35,25.6,25.66,180516080.0,69839.0
25.6,25.85,25.5,25.6,101467904.0,39557.0
25.6,25.76,25.5,25.53,57214360.0,22365.0
25.5,25.55,25.3,25.36,65136972.0,25646.0
25.36,26.1,25.22,25.97,91041272.0,35539.0
25.98,26.45,25.6,25.92,184655968.0,70584.0
25.7,26.0,25.7,26.0,41845144.0,16184.0
26.0,26.900000000000002,25.900000000000002,26.45,180407904.0,67978.0
26.5,26.5,25.95,26.0,94601472.0,36162.0
26.0,26.13,25.51,25.580000000000002,91807408.0,35653.0
25.45,25.55,25.14,25.240000000000002,106523992.0,42153.0
25.240000000000002,25.35,25.05,25.150000000000002,77614088.0,30835.0
25.2,25.3,24.7,24.78,103557904.0,41615.0
24.6,25.07,24.59,24.75,70142720.0,28324.0
24.75,25.0,24.5,24.580000000000002,55170692.0,22337.0
24.54,25.080000000000002,24.5,24.6,78430312.0,31766.0
24.71,24.97,24.57,24.66,56436028.0,22842.0
24.900000000000002,24.990000000000002,24.650000000000002,24.75,57888236.0,23331.0
24.98,25.78,24.75,25.57,113946784.0,44960.0
25.57,25.98,25.150000000000002,25.28,134465424.0,52528.0
25.18,26.3,25.05,25.990000000000002,160059792.0,62296.0
26.3,27.5,26.12,26.900000000000002,575751104.0,213553.0
27.0,27.85,26.71,27.25,450453504.0,165397.0
27.25,27.3,26.12,26.2,251055904.0,93907.0
26.0,26.0,24.8,25.12,889867328.0,352749.0
25.0,25.25,24.8,24.900000000000002,199244304.0,79756.0
24.88,25.0,23.91,24.2,434206080.0,178618.0
24.080000000000002,24.44,23.75,24.400000000000002,194776960.0,81015.0
24.5,24.57,23.88,24.14,185091680.0,76933.0
24.14,24.29,23.98,24.13,112325240.0,46584.0
24.12,24.650000000000002,24.1,24.44,124668176.0,51144.0
24.51,24.63,24.080000000000002,24.27,197523216.0,81386.0
24.2,24.25,23.95,24.18,222404432.0,92502.0
24.18,25.16,24.18,24.59,191183024.0,77422.0
24.6,24.8,24.310000000000002,24.41,67037920.0,27377.0
24.47,24.78,24.2,24.59,154926928.0,63350.0
24.6,25.1,24.560000000000002,25.04,307633600.0,123627.0
26.0,27.48,25.5,27.2,628039232.0,237391.0
27.2,27.48,25.650000000000002,25.68,693158464.0,262676.0
25.5,25.55,24.91,25.2,478863328.0,190690.0
25.25,26.400000000000002,24.23,24.900000000000002,579973760.0,230447.0
24.900000000000002,25.0,24.3,24.68,237689136.0,96934.0
24.75,26.3,24.2,25.8,650679616.0,255105.0
25.88,26.0,24.6,24.75,264067024.0,105175.0
24.6,25.25,24.5,24.6,171007824.0,69145.0
24.6,25.0,24.5,24.82,114760608.0,46481.0
24.900000000000002,24.97,24.5,24.6,143173184.0,58148.0
24.6,25.25,24.35,25.080000000000002,231796192.0,93734.0
25.21,25.6,24.8,25.17,275768288.0,109559.0
25.2,27.1,25.17,25.82,1096015232.0,417051.0
25.78,26.0,25.1,25.42,330633280.0,129998.0
25.6,26.7,25.580000000000002,26.0,420418272.0,161098.0
26.48,26.900000000000002,25.55,25.6,542130560.0,206161.0
25.2,26.3,25.01,25.8,284899200.0,111329.0
26.0,26.18,25.43,25.69,148007824.0,57714.0
25.7,27.490000000000002,25.38,26.400000000000002,704219264.0,264909.0
26.400000000000002,26.5,25.51,25.62,273452608.0,105700.0
25.6,25.98,25.36,25.53,142355328.0,55663.0
25.0,25.42,24.8,25.42,285003712.0,113751.0
25.400000000000002,25.42,25.0,25.14,106073480.0,42199.0
25.0,25.080000000000002,24.28,24.5,187216560.0,75702.0
24.5,25.2,24.400000000000002,24.86,106042792.0,42704.0
24.5,25.2,24.5,25.02,109489000.0,43876.0
25.18,25.2,24.82,25.0,110102520.0,44099.0
25.080000000000002,25.71,24.88,25.34,114100496.0,45220.0
25.35,25.68,25.2,25.51,149693408.0,58872.0
26.01,27.05,25.51,25.51,575302208.0,218564.0
25.71,26.26,25.400000000000002,25.900000000000002,158738688.0,61611.0
26.03,26.3,25.25,25.5,180806576.0,70742.0
25.55,25.7,25.060000000000002,25.18,189202624.0,74952.0
25.25,25.72,25.25,25.38,111744656.0,44007.0
25.45,25.580000000000002,25.1,25.22,109090848.0,43203.0
25.2,25.5,25.1,25.240000000000002,88393320.0,34984.0
25.2,25.2,24.86,24.900000000000002,107536320.0,43070.0
24.900000000000002,25.490000000000002,24.88,25.150000000000002,85948608.0,34270.0
25.150000000000002,25.39,25.060000000000002,25.310000000000002,73823696.0,29275.0
25.42,25.900000000000002,25.38,25.69,154300912.0,60063.0
25.72,25.900000000000002,25.43,25.54,85045432.0,33278.0
25.6,26.080000000000002,25.400000000000002,25.560000000000002,159922400.0,62139.0
25.62,26.0,25.35,25.45,119159208.0,46344.0
25.45,25.88,25.400000000000002,25.6,107735816.0,42065.0
25.68,26.2,25.6,25.830000000000002,291591776.0,112504.0
26.0,26.2,25.18,25.3,204556960.0,79768.0
25.310000000000002,25.45,25.01,25.32,98184096.0,38945.0
25.45,25.78,25.19,25.3,69942880.0,27555.0
25.3,25.5,25.19,25.32,91864728.0,36366.0
25.0,25.490000000000002,25.0,25.150000000000002,99685688.0,39655.0
25.150000000000002,25.2,24.75,24.82,147290992.0,59137.0
24.810000000000002,25.09,24.78,24.84,57489168.0,23095.0
24.88,25.57,24.8,25.0,89234640.0,35593.0
25.0,25.2,24.68,24.740000000000002,81550296.0,32841.0
24.740000000000002,25.0,24.650000000000002,25.0,79526616.0,32108.0
24.900000000000002,24.900000000000002,24.35,24.43,63808332.0,26060.0
24.400000000000002,24.51,23.98,24.0,141397664.0,58738.0
24.0,24.27,23.8,23.900000000000002,81370248.0,33882.0
23.93,24.1,23.85,23.94,71131312.0,29692.0
23.95,24.0,23.01,23.06,94939552.0,40783.0
23.07,23.45,23.06,23.2,48081624.0,20713.0
23.25,23.35,23.06,23.150000000000002,49378356.0,21336.0
23.150000000000002,23.3,23.0,23.25,68124880.0,29466.0
23.3,23.69,23.25,23.5,65444252.0,27920.0
23.5,23.88,23.3,23.69,84995624.0,36081.0
23.85,23.96,23.3,23.47,67951040.0,28879.0
23.5,23.8,23.3,23.63,81374024.0,34564.0
23.7,24.5,23.650000000000002,24.29,183401584.0,76043.0
24.330000000000002,24.45,23.85,23.900000000000002,86693232.0,36149.0
23.900000000000002,23.98,23.6,23.740000000000002,74592064.0,31477.0
23.740000000000002,23.95,23.35,23.400000000000002,70035536.0,29706.0
23.400000000000002,23.88,23.3,23.45,84459832.0,35973.0
23.5,23.68,23.36,23.44,53251012.0,22703.0
23.5,23.97,23.400000000000002,23.7,72152784.0,30472.0
23.8,23.97,23.59,23.650000000000002,85402416.0,36028.0
23.66,23.98,23.650000000000002,23.84,62564700.0,26269.0
23.900000000000002,24.18,23.72,23.92,83916776.0,35076.0
23.990000000000002,24.34,23.81,23.91,101488512.0,42101.0
24.0,24.25,23.51,23.55,58230844.0,24508.0
23.5,23.72,23.39,23.62,45933936.0,19572.0
23.68,24.0,23.66,23.84,42589848.0,17875.0
24.0,24.69,23.95,24.18,232075376.0,95156.0
24.3,24.55,24.150000000000002,24.36,73399144.0,30139.0
24.45,24.5,23.88,23.97,61776776.0,25611.0
24.0,24.150000000000002,23.68,23.8,43529668.0,18308.0
23.8,23.830000000000002,23.61,23.650000000000002,32869450.0,13883.0
23.6,23.75,23.5,23.7,36978460.0,15679.0
23.75,23.8,23.51,23.54,42017240.0,17817.0
23.54,23.67,23.400000000000002,23.56,57647820.0,24541.0
23.57,23.69,23.47,23.57,56816672.0,24138.0
23.6,23.67,23.38,23.42,64999888.0,27711.0
23.43,23.7,23.35,23.41,56986820.0,24315.0
23.45,23.6,23.23,23.3,81188424.0,34828.0
23.3,23.7,23.25,23.55,53155960.0,22713.0
23.5,23.5,23.2,23.23,47119216.0,20275.0
23.2,23.3,23.12,23.25,35139352.0,15151.0
23.25,23.47,23.150000000000002,23.22,32988588.0,14218.0
23.150000000000002,23.27,23.01,23.080000000000002,30495192.0,13200.0
23.080000000000002,23.32,23.05,23.25,29985288.0,12940.0
23.3,23.400000000000002,23.06,23.11,45984564.0,19900.0
23.11,23.57,23.1,23.46,56295528.0,24146.0
23.5,23.95,23.46,23.6,75686152.0,31938.0
23.78,23.8,23.36,23.44,55708672.0,23741.0
23.45,23.6,23.27,23.6,47846536.0,20484.0
23.650000000000002,23.69,23.34,23.400000000000002,39087272.0,16672.0
23.400000000000002,23.47,23.25,23.35,37244460.0,15962.0
23.400000000000002,23.8,23.36,23.71,65375824.0,27666.0
23.8,23.88,23.42,23.45,44190880.0,18706.0
23.8,23.8,23.44,23.54,46836848.0,19835.0
23.56,23.650000000000002,23.28,23.31,32203728.0,13787.0
23.3,23.52,23.2,23.52,35311112.0,15141.0
23.5,23.52,23.29,23.39,31593068.0,13503.0
23.400000000000002,25.7,23.400000000000002,24.53,587270272.0,237187.0
24.400000000000002,24.7,23.98,23.990000000000002,98283112.0,40805.0
24.03,24.400000000000002,23.98,24.05,71283312.0,29560.0
24.060000000000002,24.35,24.0,24.05,39913392.0,16546.0
24.11,24.18,23.8,23.85,49172468.0,20594.0
23.900000000000002,24.19,23.66,23.900000000000002,56707988.0,23795.0
23.91,24.05,23.7,23.88,48536488.0,20349.0
23.900000000000002,24.0,23.78,23.86,36269312.0,15183.0
24.0,24.03,23.8,23.900000000000002,31858536.0,13345.0
23.900000000000002,24.3,23.87,24.07,49178596.0,20450.0
24.2,24.2,23.85,23.900000000000002,48813848.0,20390.0
23.900000000000002,24.05,23.8,23.900000000000002,51988912.0,21733.0
23.900000000000002,24.42,23.900000000000002,24.12,58221548.0,24085.0
24.12,24.18,24.0,24.07,31859776.0,13245.0
24.07,24.23,23.87,24.13,46013616.0,19144.0
24.11,24.5,24.0,24.18,69924360.0,28808.0
24.21,24.38,24.02,24.05,25864536.0,10712.0
24.12,24.14,23.92,23.97,43651328.0,18193.0
24.05,24.060000000000002,23.8,23.8,41847892.0,17501.0
23.7,23.88,23.2,23.6,90353104.0,38334.0
23.6,23.97,23.48,23.61,40726504.0,17217.0
23.61,23.97,23.400000000000002,23.75,56257252.0,23917.0
23.75,23.95,23.6,23.69,33950332.0,14328.0
23.69,23.69,23.48,23.52,40328132.0,17146.0
23.52,23.6,23.3,23.34,47208536.0,20149.0
23.240000000000002,23.490000000000002,23.22,23.25,44011128.0,18889.0
23.240000000000002,23.5,23.2,23.2,45974792.0,19728.0
23.22,23.400000000000002,23.05,23.16,31170252.0,13452.0
23.2,23.3,22.3,22.42,119844032.0,52586.0
22.400000000000002,22.42,22.02,22.06,66847232.0,30081.0
22.06,22.5,22.06,22.18,30649724.0,13773.0
22.2,22.3,22.1,22.2,29352808.0,13229.0
22.2,22.55,22.18,22.22,28948754.0,12997.0
22.35,22.48,22.2,22.400000000000002,23234632.0,10404.0
22.39,22.97,22.36,22.51,39583660.0,17509.0
22.5,22.6,22.25,22.29,19464678.0,8711.0
22.29,22.37,22.1,22.16,21101178.0,9509.0
22.19,22.28,21.72,21.78,30357332.0,13794.0
21.7,21.7,21.080000000000002,21.2,42610664.0,20006.0
21.16,21.490000000000002,21.0,21.3,29212052.0,13800.0
21.35,21.580000000000002,21.06,21.27,37648744.0,17702.0
21.27,21.38,21.09,21.240000000000002,22503520.0,10624.0
21.25,21.57,21.18,21.28,25657816.0,12041.0
21.39,21.6,21.3,21.43,21832800.0,10174.0
21.5,22.0,21.5,21.8,28836512.0,13255.0
21.95,21.98,21.48,21.5,16684227.0,7698.0
21.5,21.77,21.5,21.6,13372138.0,6183.0
21.6,21.69,21.25,21.35,16080055.0,7534.0
21.35,21.97,21.3,21.96,31819912.0,14769.0
21.990000000000002,22.26,21.8,21.81,39686556.0,18001.0
21.88,21.96,21.55,21.59,15538375.0,7156.0
21.7,21.96,21.6,21.79,21743898.0,9987.0
21.81,21.88,21.31,21.35,11511987.0,5366.0
21.3,21.48,21.23,21.38,9851014.0,4623.0
21.38,21.61,21.32,21.43,11161191.0,5213.0
21.45,21.5,21.27,21.3,11447270.0,5366.0
21.3,21.67,21.19,21.61,20314708.0,9469.0
21.63,22.09,21.6,21.7,34925928.0,15990.0
21.7,21.85,21.55,21.62,12769294.0,5896.0
21.62,22.080000000000002,21.56,21.91,34384640.0,15745.0
21.98,21.990000000000002,21.650000000000002,21.67,17199456.0,7885.0
21.68,21.7,21.36,21.44,42955216.0,20009.0
21.400000000000002,21.5,21.34,21.400000000000002,18726434.0,8758.0
21.41,21.5,21.28,21.3,20656944.0,9665.0
21.38,21.8,21.28,21.42,15464918.0,7217.0
21.41,21.8,21.31,21.6,45132824.0,21013.0
21.61,21.68,21.38,21.42,15918974.0,7412.0
21.42,21.45,21.330000000000002,21.37,18800800.0,8795.0
21.38,21.5,21.28,21.36,21314592.0,9994.0
21.35,21.6,21.3,21.43,19567920.0,9129.0
21.46,21.79,21.45,21.7,22947856.0,10604.0
21.75,22.28,21.73,21.900000000000002,74040120.0,33701.0
21.95,22.25,21.95,22.080000000000002,55158456.0,24969.0
22.1,22.2,21.89,22.05,43218568.0,19659.0
22.05,22.48,22.01,22.23,71852688.0,32205.0
22.25,22.400000000000002,21.98,22.05,44508436.0,20095.0
22.1,22.25,21.84,21.92,35231352.0,16040.0
21.89,21.89,21.7,21.740000000000002,25062368.0,11524.0
21.84,22.18,21.84,21.89,34759192.0,15843.0
22.3,22.48,22.0,22.18,49159276.0,22109.0
22.22,23.35,22.22,22.5,286871104.0,125544.0
22.400000000000002,22.5,22.0,22.07,54578880.0,24587.0
22.07,22.35,22.03,22.240000000000002,29982152.0,13537.0
22.25,22.26,21.85,21.990000000000002,34534980.0,15686.0
21.98,22.12,21.84,21.98,35661420.0,16262.0
22.0,22.11,21.88,22.0,24078000.0,10960.0
22.0,22.05,21.740000000000002,21.900000000000002,33380522.0,15292.0
21.900000000000002,22.2,21.88,22.0,23650722.0,10740.0
22.1,22.1,21.73,21.740000000000002,25392516.0,11614.0
21.73,21.900000000000002,21.580000000000002,21.61,23145756.0,10689.0
21.61,21.72,21.6,21.650000000000002,19114460.0,8831.0
21.650000000000002,21.650000000000002,21.3,21.330000000000002,24969544.0,11650.0
21.31,21.7,21.3,21.7,18717996.0,8739.0
21.7,21.73,21.400000000000002,21.43,20057856.0,9338.0
21.48,22.05,21.48,21.75,22405628.0,10262.0
21.95,22.13,21.71,21.95,35138384.0,16034.0
22.01,22.400000000000002,21.8,22.12,44631688.0,20279.0
22.12,22.12,21.45,21.5,51253164.0,23778.0
21.400000000000002,21.44,21.3,21.35,43904340.0,20584.0
21.35,21.650000000000002,21.28,21.32,33756908.0,15811.0
21.330000000000002,21.400000000000002,21.02,21.06,63165392.0,29937.0
21.05,21.080000000000002,20.5,20.63,73447992.0,35596.0
20.6,20.78,20.55,20.61,32630834.0,15804.0
20.650000000000002,20.8,20.5,20.75,35484296.0,17209.0
20.75,20.75,20.53,20.59,26983972.0,13093.0
20.650000000000002,20.87,20.6,20.75,20203054.0,9757.0
20.75,21.0,20.6,20.92,25943792.0,12490.0
20.92,20.96,20.71,20.82,30987544.0,14895.0
20.82,20.84,20.6,20.650000000000002,37608500.0,18174.0
20.650000000000002,20.7,20.28,20.38,57468888.0,28200.0
20.36,20.36,19.85,19.87,64770868.0,32480.0
19.87,20.23,19.75,20.2,39763168.0,19889.0
20.2,20.43,20.1,20.25,33782552.0,16731.0
20.3,20.85,20.3,20.39,36399576.0,17684.0
20.400000000000002,20.54,20.19,20.37,25962844.0,12750.0
20.38,20.48,19.900000000000002,19.92,31316732.0,15619.0
19.900000000000002,20.18,19.8,20.1,21595328.0,10797.0
20.11,20.5,20.1,20.25,16578722.0,8154.0
20.26,20.59,20.26,20.55,21262380.0,10379.0
20.7,20.82,20.6,20.77,35318752.0,17033.0
20.86,20.91,20.2,20.22,19898236.0,9714.0
20.2,20.2,19.92,20.19,16415700.0,8194.0
20.21,20.35,20.01,20.02,9674079.0,4814.0
20.05,20.1,19.85,19.88,19708140.0,9872.0
19.88,20.28,19.88,20.02,18415508.0,9204.0
20.02,20.55,19.92,20.400000000000002,19226508.0,9517.0
20.400000000000002,20.45,20.14,20.2,8874663.0,4381.0
20.150000000000002,20.2,20.0,20.02,11701547.0,5823.0
20.02,20.1,19.89,19.96,12397055.0,6208.0
19.96,20.02,19.88,19.92,13850522.0,6945.0
19.92,20.16,19.92,20.16,11132067.0,5558.0
20.18,20.2,19.82,19.92,14945228.0,7465.0
20.0,20.0,19.3,19.32,29523312.0,15138.0
19.3,19.35,19.12,19.19,19978476.0,10393.0
19.18,19.990000000000002,19.0,19.76,28504556.0,14785.0
20.650000000000002,20.650000000000002,19.88,19.94,26772192.0,13298.0
19.94,19.94,19.68,19.79,10673526.0,5392.0
19.8,19.900000000000002,19.68,19.85,7654106.0,3865.0
19.82,20.14,19.71,19.900000000000002,9076085.0,4554.0
19.990000000000002,20.7,19.98,20.45,75987512.0,37078.0
20.5,20.62,20.25,20.27,21696732.0,10613.0
20.26,20.38,20.080000000000002,20.27,14895132.0,7379.0
20.28,20.68,20.28,20.41,17236732.0,8407.0
20.400000000000002,21.14,20.1,20.900000000000002,83814112.0,40195.0
20.95,21.080000000000002,20.7,20.93,52826140.0,25269.0
20.93,20.93,20.61,20.72,15208786.0,7337.0
20.650000000000002,20.7,20.32,20.400000000000002,18061324.0,8826.0
20.400000000000002,20.98,20.25,20.580000000000002,24887348.0,11988.0
20.6,20.73,20.5,20.5,18387076.0,8914.0
20.51,20.900000000000002,20.42,20.51,15745511.0,7649.0
20.5,20.55,20.35,20.5,15417353.0,7547.0
20.5,20.75,20.46,20.490000000000002,19534880.0,9509.0
20.56,21.1,20.56,21.0,55349676.0,26458.0
21.1,21.39,21.01,21.13,54947944.0,25947.0
21.13,21.240000000000002,20.61,20.63,34626388.0,16568.0
20.61,20.93,20.55,20.78,18454152.0,8881.0
20.85,21.03,20.62,21.0,25820150.0,12432.0
21.0,21.05,20.76,20.88,25821808.0,12382.0
20.88,21.2,20.87,20.900000000000002,32672672.0,15546.0
20.900000000000002,21.02,20.8,20.98,22369828.0,10675.0
21.11,21.490000000000002,21.0,21.330000000000002,47813576.0,22464.0
21.34,21.44,21.1,21.22,40999832.0,19334.0
21.23,21.59,20.86,20.990000000000002,63438728.0,29682.0
21.01,21.35,21.01,21.3,24921874.0,11803.0
21.38,21.5,21.22,21.3,26938192.0,12623.0
21.3,21.35,21.05,21.25,17096656.0,8087.0
21.3,21.38,21.13,21.28,17471056.0,8222.0
21.35,21.48,21.26,21.38,34827620.0,16296.0
21.43,21.46,21.11,21.18,34538580.0,16259.0
21.18,21.38,21.01,21.2,24410992.0,11544.0
21.2,21.44,21.080000000000002,21.19,36726808.0,17318.0
21.2,21.25,20.95,20.990000000000002,40340952.0,19188.0
21.0,21.04,20.71,20.71,35504748.0,17055.0
20.71,20.98,20.54,20.6,35655444.0,17273.0
20.6,20.78,20.51,20.52,30859238.0,14953.0
20.51,20.52,20.28,20.490000000000002,35135844.0,17243.0
20.5,20.66,20.38,20.51,16513897.0,8071.0
20.55,20.580000000000002,20.080000000000002,20.14,24058100.0,11869.0
20.0,20.14,19.900000000000002,19.95,29090572.0,14541.0
19.96,20.48,19.95,20.330000000000002,22352068.0,11105.0
20.32,20.400000000000002,20.0,20.11,12818495.0,6356.0
20.1,20.19,19.98,20.02,17687800.0,8824.0
20.02,20.07,19.97,20.0,20214510.0,10104.0
20.0,20.3,20.0,20.05,11102764.0,5519.0
20.07,20.3,20.02,20.2,13444568.0,6690.0
20.25,20.35,20.080000000000002,20.330000000000002,20699624.0,10244.0
20.400000000000002,20.45,20.23,20.330000000000002,16399546.0,8073.0
20.35,20.68,20.25,20.5,25795812.0,12650.0
20.580000000000002,20.6,20.22,20.25,16869884.0,8300.0
20.22,20.240000000000002,20.0,20.150000000000002,30244592.0,15049.0
20.16,20.25,20.1,20.25,35429704.0,17568.0
20.38,20.5,20.2,20.23,21486484.0,10576.0
20.23,20.490000000000002,20.21,20.45,41533676.0,20445.0
20.46,20.490000000000002,20.28,20.29,26121138.0,12842.0
20.3,20.35,20.080000000000002,20.12,29132236.0,14393.0
20.26,20.35,19.89,19.990000000000002,19886284.0,9941.0
20.0,20.26,19.96,20.11,30861804.0,15356.0
20.14,20.2,20.0,20.0,29178158.0,14562.0
20.0,20.45,19.97,20.23,32408352.0,15967.0
20.3,20.35,20.06,20.080000000000002,25015532.0,12407.0
20.1,20.48,20.09,20.28,20601308.0,10160.0
20.3,20.400000000000002,20.23,20.37,20895628.0,10285.0
20.400000000000002,20.830000000000002,20.330000000000002,20.81,95763272.0,46215.0
20.81,20.85,20.6,20.66,30636854.0,14786.0
20.66,20.8,20.48,20.650000000000002,25576128.0,12407.0
20.61,20.8,20.5,20.56,27628604.0,13407.0
20.6,20.72,20.5,20.59,29801480.0,14467.0
20.62,20.75,20.18,20.2,39966640.0,19541.0
20.1,20.3,20.0,20.19,44448136.0,22106.0
20.150000000000002,20.17,19.7,19.82,41255636.0,20722.0
19.8,19.97,19.72,19.82,16778160.0,8469.0
19.82,19.98,19.75,19.85,34785820.0,17567.0
19.88,20.17,19.88,20.01,16097131.0,8047.0
20.17,20.23,20.05,20.21,13505264.0,6715.0
20.25,20.3,20.05,20.21,19141800.0,9493.0
20.28,20.28,20.1,20.150000000000002,21253876.0,10545.0
20.1,20.18,20.01,20.06,17014406.0,8479.0
20.06,20.11,19.91,19.92,20576632.0,10292.0
19.92,20.04,19.92,19.95,12351919.0,6183.0
19.95,20.0,19.8,19.89,9469464.0,4760.0
19.94,19.95,19.78,19.89,11785185.0,5940.0
19.900000000000002,20.05,19.85,19.990000000000002,8532406.0,4273.0
20.03,20.580000000000002,20.03,20.12,36337788.0,17905.0
20.150000000000002,20.25,20.0,20.0,10409494.0,5189.0
20.0,20.0,19.88,19.93,9317510.0,4675.0
19.92,19.98,19.89,19.98,6656397.0,3340.0
20.0,20.09,19.85,19.89,8097473.0,4066.0
19.89,19.89,19.650000000000002,19.7,16799352.0,8515.0
19.75,19.86,19.51,19.55,18475084.0,9411.0
19.61,19.98,19.35,19.39,19558256.0,10055.0
19.400000000000002,19.400000000000002,19.04,19.16,39162416.0,20445.0
19.18,19.400000000000002,19.18,19.3,11660723.0,6045.0
19.31,20.2,19.31,19.93,47149064.0,23719.0
20.0,20.080000000000002,19.78,19.93,20285944.0,10199.0
20.0,20.25,19.93,19.95,19067112.0,9509.0
19.95,19.96,19.580000000000002,19.69,15566974.0,7912.0
19.6,19.68,19.35,19.39,13034020.0,6699.0
19.38,20.39,19.2,19.69,17009692.0,8730.0
19.650000000000002,19.75,19.36,19.59,11675729.0,5985.0
19.400000000000002,19.400000000000002,18.42,18.45,42326188.0,22549.0
18.3,18.6,17.68,17.81,36240164.0,20018.0
18.0,18.25,17.900000000000002,18.240000000000002,21705314.0,12005.0
18.240000000000002,18.25,17.6,17.86,17798414.0,9982.0
17.89,17.95,17.650000000000002,17.79,14494845.0,8164.0
16.8,16.8,16.01,16.01,113908080.0,70546.0
15.5,15.72,14.88,15.57,89289280.0,58668.0
15.5,15.55,15.15,15.200000000000001,25977860.0,17011.0
15.18,15.5,15.16,15.4,17586712.0,11466.0
15.48,15.950000000000001,15.48,15.82,30802308.0,19509.0
15.82,16.01,15.700000000000001,15.82,17647286.0,11124.0
15.82,16.2,15.77,15.9,23869344.0,14963.0
15.92,15.950000000000001,15.8,15.88,7070648.0,4457.0
15.88,15.950000000000001,15.6,15.64,9489000.0,6007.0
15.55,15.68,15.49,15.620000000000001,9063350.0,5823.0
15.700000000000001,16.080000000000002,15.65,16.05,14218308.0,8931.0
16.080000000000002,16.17,15.8,15.860000000000001,7194357.0,4496.0
15.8,15.8,15.450000000000001,15.5,15855639.0,10190.0
15.4,15.8,15.22,15.530000000000001,8374124.0,5403.0
15.85,15.860000000000001,15.24,15.35,12057506.0,7809.0
15.3,15.31,15.1,15.11,19403152.0,12755.0
15.1,15.4,15.01,15.4,12506214.0,8264.0
15.450000000000001,15.6,15.3,15.35,11031395.0,7115.0
15.31,15.55,15.25,15.32,4578169.0,2980.0
15.32,15.450000000000001,15.3,15.4,5553000.0,3611.0
15.35,15.450000000000001,15.280000000000001,15.3,8412784.0,5470.0
15.3,15.74,15.25,15.72,14092988.0,9049.0
15.38,15.68,15.01,15.46,19168436.0,12455.0
15.42,15.450000000000001,15.05,15.06,13402914.0,8832.0
14.99,15.46,14.85,15.4,16686964.0,11031.0
15.4,15.41,15.25,15.33,10381386.0,6769.0
14.81,15.15,14.8,15.02,24189952.0,16151.0
15.02,15.24,15.0,15.02,6874039.0,4555.0
15.17,15.17,14.82,14.85,9450848.0,6341.0
14.84,14.85,14.51,14.52,14490757.0,9872.0
14.5,14.82,14.48,14.68,8775386.0,5997.0
14.700000000000001,15.6,14.55,15.450000000000001,30524998.0,20003.0
15.5,15.55,15.1,15.120000000000001,24941790.0,16209.0
15.0,15.23,14.9,15.07,7271422.0,4813.0
15.0,15.07,14.93,14.98,6956958.0,4639.0
15.0,15.18,14.9,15.06,7311255.0,4863.0
15.05,15.05,14.8,14.85,8104599.0,5449.0
14.8,15.0,14.75,14.93,5098840.0,3428.0
15.0,15.3,14.93,15.22,10091716.0,6655.0
15.22,15.4,14.85,14.870000000000001,7222923.0,4791.0
14.88,15.200000000000001,14.8,15.08,5782128.0,3842.0
15.1,15.120000000000001,14.72,14.85,10399872.0,6998.0
14.81,14.93,14.530000000000001,14.540000000000001,12009605.0,8174.0
14.6,15.44,14.38,15.200000000000001,27767728.0,18555.0
15.3,15.6,15.06,15.56,32764520.0,21253.0
15.56,15.68,15.21,15.48,24706288.0,15967.0
15.43,15.99,15.16,15.700000000000001,65500456.0,41460.0
15.68,15.93,15.35,15.43,25577484.0,16359.0
15.4,15.42,14.75,15.0,40293064.0,26658.0
15.0,15.3,14.75,14.83,20537746.0,13720.0
16.31,16.31,15.85,16.31,176124992.0,108297.0
16.8,16.81,16.26,16.36,139322448.0,84275.0
16.26,16.4,15.91,16.04,53614348.0,33137.0
16.02,16.42,16.0,16.36,40402184.0,24922.0
16.38,16.51,16.35,16.38,23231360.0,14148.0
16.36,16.4,16.0,16.07,14841527.0,9193.0
16.0,16.2,15.88,16.19,11882682.0,7417.0
16.22,16.39,16.01,16.3,16290002.0,9982.0
16.2,16.28,16.0,16.03,10889604.0,6760.0
16.03,16.03,15.77,15.780000000000001,14698999.0,9265.0
15.9,15.950000000000001,15.75,15.88,11051094.0,6961.0
15.780000000000001,15.88,15.3,15.3,18046918.0,11634.0
15.15,15.530000000000001,15.09,15.450000000000001,13558536.0,8858.0
15.450000000000001,16.15,15.280000000000001,16.03,25064878.0,15770.0
16.0,16.080000000000002,15.76,15.76,9266562.0,5820.0
15.700000000000001,16.0,15.52,15.73,8717755.0,5557.0
15.700000000000001,15.94,15.700000000000001,15.88,7382086.0,4647.0
15.8,15.950000000000001,15.700000000000001,15.88,6184258.0,3912.0
16.88,16.9,16.03,16.03,44713468.0,27355.0
16.05,16.2,16.0,16.19,10217899.0,6338.0
16.26,16.55,16.21,16.32,32176584.0,19589.0
16.35,16.78,16.3,16.69,52998864.0,32022.0
16.69,17.04,16.68,16.94,98109648.0,57947.0
17.0,17.02,16.76,16.9,49684736.0,29375.0
16.85,16.85,16.61,16.69,17677200.0,10565.0
16.69,16.81,16.65,16.81,12048240.0,7196.0
16.9,17.02,16.81,16.85,23320720.0,13798.0
16.89,16.9,16.53,16.6,21229128.0,12749.0
16.6,16.66,16.48,16.63,24820446.0,14978.0
16.63,16.88,16.6,16.67,16273894.0,9727.0
16.68,17.05,16.68,17.04,41355980.0,24481.0
17.0,17.150000000000002,16.6,16.67,30475658.0,18090.0
16.65,16.85,16.580000000000002,16.7,13096956.0,7853.0
16.7,16.7,16.48,16.490000000000002,21188696.0,12805.0
16.47,16.59,16.3,16.52,16861600.0,10286.0
16.52,16.580000000000002,16.330000000000002,16.4,12685390.0,7721.0
16.32,16.35,16.13,16.15,19515864.0,12034.0
16.15,16.2,16.01,16.09,15275787.0,9481.0
16.02,16.26,16.02,16.06,8856330.0,5506.0
16.080000000000002,16.22,15.71,16.06,22336684.0,14011.0
15.91,16.25,15.91,16.18,8049943.0,5002.0
16.18,16.47,16.18,16.28,23714912.0,14517.0
16.15,16.25,15.8,15.870000000000001,14472976.0,9052.0
15.870000000000001,15.93,15.69,15.77,11328125.0,7171.0
15.72,15.8,15.33,15.35,12850809.0,8288.0
15.35,15.46,15.19,15.27,15604254.0,10192.0
15.38,15.46,15.280000000000001,15.46,12364062.0,8055.0
15.450000000000001,15.530000000000001,15.26,15.27,12858913.0,8364.0
15.280000000000001,15.43,15.19,15.39,12121357.0,7946.0
15.450000000000001,15.700000000000001,15.34,15.69,9524391.0,6135.0
15.6,15.6,15.280000000000001,15.36,5627563.0,3655.0
15.3,15.3,14.93,15.0,15904151.0,10571.0
15.0,15.27,14.96,15.0,8897544.0,5906.0
15.05,15.17,14.96,15.0,10533881.0,7010.0
15.0,15.14,14.61,15.030000000000001,19003118.0,12854.0
15.1,15.1,14.8,14.8,7592602.0,5104.0
14.67,14.67,14.39,14.42,18164708.0,12541.0
14.42,14.58,14.21,14.24,8774974.0,6113.0
14.15,14.450000000000001,13.92,14.34,18571918.0,13130.0
14.19,14.23,13.700000000000001,13.84,16889228.0,12086.0
13.790000000000001,14.0,13.4,13.88,16216237.0,11798.0
13.69,13.790000000000001,13.200000000000001,13.27,19086436.0,14271.0
13.26,13.6,13.0,13.1,13197873.0,9921.0
13.1,13.86,12.98,13.84,19455554.0,14571.0
13.76,14.16,13.4,13.97,30629008.0,21999.0
14.06,14.06,13.700000000000001,13.88,11352028.0,8187.0
13.92,13.99,13.01,13.06,22613880.0,16981.0
12.950000000000001,13.4,12.8,13.280000000000001,17371048.0,13224.0
13.280000000000001,13.32,13.120000000000001,13.19,8631287.0,6524.0
14.51,14.51,13.8,14.14,73053408.0,51648.0
14.3,14.42,13.96,14.05,30823008.0,21787.0
14.35,14.700000000000001,14.280000000000001,14.44,32260380.0,22330.0
14.5,14.55,14.0,14.15,19869096.0,13935.0
14.15,14.52,14.1,14.51,21315716.0,14794.0
14.6,14.73,14.4,14.58,29462448.0,20170.0
14.55,14.700000000000001,14.1,14.24,28671040.0,20055.0
14.200000000000001,14.200000000000001,13.65,13.97,26390526.0,19031.0
14.0,14.25,13.92,14.08,11195162.0,7932.0
14.1,14.1,13.92,13.93,8703619.0,6230.0
13.9,14.05,13.82,13.84,7855852.0,5659.0
13.700000000000001,13.98,13.68,13.97,5196200.0,3753.0
13.98,14.3,13.96,14.200000000000001,17326234.0,12223.0
14.280000000000001,14.61,14.21,14.26,31155720.0,21617.0
14.26,14.870000000000001,14.22,14.77,32233188.0,22233.0
14.88,15.35,14.700000000000001,15.09,82453976.0,54865.0
15.25,15.44,15.0,15.41,52933504.0,34695.0
15.38,15.51,15.0,15.09,60088080.0,39409.0
15.05,16.6,15.02,16.17,486519584.0,296797.0
16.03,16.87,16.03,16.65,266391184.0,160662.0
16.72,17.11,16.29,16.37,166246144.0,99201.0
16.66,17.150000000000002,16.5,16.88,139087728.0,82737.0
16.6,17.150000000000002,16.580000000000002,17.04,140710800.0,83294.0
17.1,17.25,16.81,17.04,129508120.0,76317.0
17.38,17.47,16.95,17.080000000000002,132925120.0,77799.0
17.080000000000002,17.150000000000002,16.7,16.86,80791328.0,47794.0
16.9,17.03,16.68,16.93,49953048.0,29689.0
16.95,16.95,16.5,16.59,47458720.0,28534.0
16.57,16.95,16.52,16.81,47776392.0,28454.0
16.53,17.03,16.53,16.85,40196112.0,23754.0
16.84,16.85,16.31,16.4,43792360.0,26478.0
16.5,16.55,16.21,16.45,23225864.0,14209.0
16.48,16.580000000000002,16.3,16.38,22029194.0,13416.0
16.39,16.8,16.36,16.79,26074938.0,15720.0
16.78,17.05,16.57,16.94,56123688.0,33315.0
17.03,17.05,16.8,16.9,34569696.0,20426.0
16.95,17.04,16.82,16.93,25268952.0,14931.0
17.25,17.25,16.6,16.77,49154940.0,29258.0
16.79,16.92,16.72,16.87,29537904.0,17579.0
16.87,16.87,16.51,16.55,24283264.0,14609.0
16.52,16.75,16.42,16.6,16817768.0,10129.0
16.56,16.67,16.53,16.56,15626069.0,9424.0
16.5,16.59,16.45,16.52,9844715.0,5965.0
16.5,16.55,16.330000000000002,16.43,16352131.0,9962.0
16.45,16.5,16.25,16.42,18540470.0,11337.0
16.4,16.75,16.23,16.63,19000986.0,11639.0
16.5,16.5,16.3,16.4,11079740.0,6776.0
16.32,16.580000000000002,16.27,16.4,11614990.0,7075.22
16.4,16.42,16.07,16.23,14244922.0,8787.22
16.25,16.25,15.8,15.93,22319628.0,13979.720000000001
15.93,16.12,15.93,16.09,20494058.0,12775.57
16.09,16.26,15.98,16.240000000000002,24115384.0,14946.12
16.21,16.75,16.15,16.5,24588264.0,14939.85
16.580000000000002,16.67,16.4,16.4,9831309.0,5959.0
16.32,16.64,16.28,16.37,16478620.0,10034.300000000001
16.490000000000002,16.490000000000002,16.11,16.16,9147768.0,5644.0
16.13,16.13,15.85,15.89,29833628.0,18722.29
15.860000000000001,15.96,15.65,15.700000000000001,15502381.0,9804.76
15.72,15.8,15.35,15.370000000000001,27306854.0,17582.100000000002
15.3,15.35,14.96,15.01,31208604.0,20676.0
15.05,15.3,15.0,15.22,15239350.0,10082.960000000001
15.22,15.22,14.83,14.94,15629785.0,10467.92
15.25,15.42,14.94,15.290000000000001,32113072.0,21167.37
15.35,15.35,15.02,15.07,10955323.0,7245.17
15.1,15.3,14.97,14.99,14222324.0,9449.04
15.0,15.07,14.66,14.85,15949179.0,10818.74
14.9,14.950000000000001,14.67,14.73,13510021.0,9158.0
14.88,14.89,14.61,14.65,10896970.0,7377.03
14.8,14.84,14.4,14.450000000000001,22260468.0,15352.0
14.56,14.58,14.290000000000001,14.49,13795816.0,9541.9
14.5,14.69,14.36,14.38,9320130.0,6434.150000000001
14.3,14.3,14.09,14.16,9133193.0,6437.150000000001
14.200000000000001,14.67,14.18,14.49,26639296.0,18503.43
14.4,14.540000000000001,14.18,14.21,12512712.0,8759.5
14.200000000000001,14.790000000000001,14.11,14.67,18202552.0,12551.87
14.68,14.85,14.5,14.73,14666577.0,9956.7
14.75,14.96,14.64,14.75,8492504.0,5741.59
14.700000000000001,14.88,14.700000000000001,14.780000000000001,9169665.0,6209.9400000000005
14.780000000000001,14.85,14.56,14.66,6171333.0,4215.63
14.700000000000001,14.74,14.46,14.46,6742610.0,4624.0
14.46,14.52,14.36,14.370000000000001,6681128.0,4626.0
14.370000000000001,14.4,14.25,14.38,4344197.0,3032.0
14.38,14.8,14.38,14.69,11361004.0,7732.0
14.700000000000001,14.700000000000001,14.51,14.56,3964432.0,2711.0
14.950000000000001,14.950000000000001,14.67,14.67,5406924.0,3662.0
14.8,15.290000000000001,14.780000000000001,15.25,32391972.0,21423.0
16.78,16.78,16.26,16.78,210515264.0,126374.0
16.8,18.3,16.6,17.32,367671968.0,209743.0
17.2,17.5,16.91,17.06,110389888.0,64296.0
17.06,17.39,16.9,17.12,57531672.0,33542.0
17.77,18.07,17.3,17.35,193790448.0,109170.0
17.2,17.68,17.150000000000002,17.53,56003976.0,32375.0
17.52,17.77,17.400000000000002,17.69,79760848.0,45251.0
17.7,17.73,17.29,17.38,55104240.0,31551.0
17.35,17.45,17.22,17.38,30325848.0,17522.0
17.5,17.57,17.31,17.38,28925834.0,16596.0
17.38,17.45,17.2,17.34,33095492.0,19136.0
17.32,17.34,16.8,16.82,57389524.0,33663.0
16.78,16.97,16.740000000000002,16.81,28099568.0,16675.0
16.81,16.95,16.79,16.830000000000002,16667402.0,9889.0
16.85,17.3,16.7,17.26,33938328.0,19940.0
17.05,17.44,17.03,17.22,40198688.0,23264.0
17.22,17.3,16.9,17.27,17723996.0,10333.0
17.27,17.54,17.13,17.35,37964972.0,21821.0
17.3,17.82,17.3,17.76,112358136.0,63686.0
17.76,17.79,17.26,17.37,47343696.0,27109.0
17.25,17.78,17.21,17.5,96514888.0,55058.0
17.490000000000002,17.76,17.46,17.57,59771308.0,33986.0
17.6,17.76,17.28,17.36,42062048.0,24159.0
17.21,17.35,17.03,17.07,40323244.0,23518.0
17.06,17.240000000000002,16.990000000000002,17.21,24299536.0,14215.35
17.18,17.8,17.18,17.580000000000002,77974512.0,44362.66
17.46,17.77,17.29,17.45,51748664.0,29522.88
17.400000000000002,17.56,17.17,17.400000000000002,17176048.0,9901.31
17.400000000000002,17.69,17.3,17.490000000000002,30112500.0,17158.260000000002
17.490000000000002,17.490000000000002,17.1,17.22,24129680.0,13988.27
17.1,17.48,17.1,17.34,23833430.0,13757.39
17.400000000000002,17.42,17.23,17.400000000000002,12309712.0,7092.46
17.400000000000002,17.64,17.400000000000002,17.44,32077540.0,18295.24
17.2,17.55,17.2,17.38,21710316.0,12505.02
17.29,17.37,17.18,17.330000000000002,17895736.0,10364.59
17.28,17.28,16.89,16.96,79297120.0,46579.4
16.8,17.0,16.7,16.92,37123928.0,22079.850000000002
17.0,17.01,16.88,16.9,10198207.0,6022.03
16.9,17.0,16.75,16.93,18260008.0,10837.91
17.0,17.32,16.95,17.240000000000002,34943816.0,20321.16
17.3,18.26,17.25,18.16,335451200.0,186992.77
18.2,18.6,18.03,18.400000000000002,364098176.0,197640.31
12.280000000000001,12.36,12.18,12.31,131013912.0,106872.6
12.3,12.92,12.25,12.780000000000001,405116896.0,318431.37
12.8,12.870000000000001,12.66,12.77,153305328.0,120086.59
12.77,12.81,12.46,12.59,150369760.0,119373.90000000001
12.55,12.71,12.52,12.620000000000001,54555544.0,43176.79
12.620000000000001,12.75,12.450000000000001,12.48,62748788.0,49904.94
12.48,12.55,12.41,12.49,32577014.0,26102.56
12.49,12.6,12.41,12.52,35847568.0,28736.62
12.6,13.02,12.6,13.0,163820224.0,127257.45
13.0,13.02,12.76,12.84,85783408.0,66623.05
12.82,12.82,12.43,12.58,113412576.0,90131.0
12.5,12.6,12.41,12.43,57090352.0,45733.14
12.4,12.4,12.14,12.24,65796160.0,53743.21
12.200000000000001,12.4,12.18,12.33,34159524.0,27783.81
12.36,12.49,12.15,12.35,52199220.0,42383.21
12.32,12.450000000000001,12.22,12.33,24748662.0,20049.3
12.3,12.38,12.290000000000001,12.33,17257436.0,13993.5
12.3,12.3,11.88,11.9,69662600.0,58124.36
11.91,12.1,11.75,11.950000000000001,33230884.0,27964.54
11.950000000000001,11.950000000000001,11.85,11.85,15644393.0,13166.18
11.83,12.18,11.63,12.1,40068416.0,33728.090000000004
11.85,12.02,11.71,11.89,18317152.0,15403.94
11.9,11.98,11.86,11.9,14140553.0,11879.84
11.9,12.08,11.86,11.92,17765864.0,14841.49
11.9,12.02,11.88,11.91,16673288.0,13946.43
12.01,12.1,11.8,11.870000000000001,49805140.0,41718.24
11.8,11.8,11.48,11.5,23463440.0,20238.5
11.55,11.59,11.35,11.39,17098636.0,14964.01
11.39,11.52,10.950000000000001,11.03,35220648.0,31467.05
11.040000000000001,11.15,10.8,10.83,29532184.0,27067.83
10.8,10.86,10.55,10.8,18053516.0,16872.260000000002
10.8,10.870000000000001,10.55,10.61,20174260.0,18875.84
10.6,10.96,10.6,10.93,23858924.0,21955.55
10.950000000000001,10.98,10.6,10.66,19944028.0,18592.87
10.66,10.91,10.6,10.84,13578039.0,12597.24
10.84,11.0,10.71,10.91,11006206.0,10149.1
10.950000000000001,11.200000000000001,10.92,11.120000000000001,29155520.0,26264.06
11.15,11.26,10.98,11.02,24892172.0,22571.36
11.1,11.11,10.84,10.86,15469040.0,14167.99
10.86,10.96,10.78,10.790000000000001,11844647.0,10893.34
10.81,10.81,10.48,10.620000000000001,20693574.0,19493.34
10.61,10.75,10.5,10.75,11850685.0,11159.61
10.0,10.81,10.0,10.700000000000001,5718355.0,5346.02
10.700000000000001,10.9,10.700000000000001,10.71,14008780.0,12959.67
10.700000000000001,10.790000000000001,10.63,10.73,6463728.0,6040.67
10.89,11.03,10.8,11.02,21484102.0,19637.06
11.1,11.38,11.02,11.21,48649284.0,43411.96
11.25,11.3,11.11,11.19,20600052.0,18399.920000000002
11.200000000000001,11.35,11.18,11.3,30052932.0,26652.25
11.5,11.6,10.97,11.0,61638624.0,54778.96
11.0,11.1,10.6,10.72,49492012.0,46012.82
10.75,11.01,10.69,10.89,68304160.0,62715.28
10.8,10.89,10.700000000000001,10.88,22955776.0,21288.29
10.88,10.89,10.66,10.68,15275829.0,14172.2
10.65,10.89,10.61,10.77,18679774.0,17356.23
10.77,10.950000000000001,10.66,10.72,22311188.0,20688.29
10.700000000000001,10.78,10.63,10.75,16587406.0,15519.06
10.73,10.76,10.41,10.450000000000001,24964012.0,23713.58
10.42,10.43,10.16,10.17,25612956.0,24904.3
10.17,10.4,10.02,10.25,21344592.0,20891.98
10.200000000000001,10.5,10.11,10.26,8847404.0,8652.98
10.3,10.370000000000001,10.05,10.06,11495239.0,11299.9
9.99,10.120000000000001,9.88,10.05,23124626.0,23188.72
10.08,10.3,10.0,10.290000000000001,13971725.0,13801.89
10.35,10.55,10.21,10.370000000000001,31714628.0,30437.63
10.35,10.35,10.07,10.1,15211698.0,14921.7
10.1,10.22,10.0,10.18,7548270.0,7435.74
10.25,10.38,10.18,10.200000000000001,12603696.0,12265.14
10.23,10.25,10.02,10.1,16308734.0,16174.890000000001
10.1,10.200000000000001,10.02,10.11,5786663.0,5727.1
10.1,10.13,10.0,10.07,8134135.0,8095.5
10.07,10.13,9.99,9.99,12914650.0,12867.06
9.97,10.0,9.9,9.950000000000001,8415787.0,8466.35
10.0,10.19,9.88,9.9,24034592.0,23979.79
9.85,10.01,9.76,9.93,11676789.0,11809.57
10.0,10.0,9.9,9.99,13716901.0,13763.16
9.99,10.07,9.93,10.0,16928616.0,16946.05
10.02,10.09,9.99,10.0,12125308.0,12082.5
10.0,10.0,9.9,9.97,5985756.0,6012.38
10.0,10.09,9.92,10.06,12320074.0,12324.210000000001
10.05,10.18,10.05,10.07,13311931.0,13159.59
10.06,10.07,9.94,9.97,15282560.0,15314.4
9.98,10.0,9.9,9.93,15349888.0,15451.64
9.89,9.9,9.6,9.620000000000001,21659908.0,22191.25
9.6,9.620000000000001,9.36,9.450000000000001,17245672.0,18217.46
9.0,10.1,8.86,9.67,73598784.0,80539.78
10.0,10.01,9.24,9.86,138977360.0,143519.02
9.48,9.48,8.98,9.25,56493000.0,61753.12
9.25,9.5,9.01,9.32,151195872.0,162521.18
9.4,9.99,9.34,9.63,199555072.0,206161.71
9.6,9.66,9.21,9.32,92726848.0,98620.46
9.3,10.25,9.28,10.25,357536608.0,356247.85000000003
10.25,10.3,9.8,10.05,185463264.0,185009.75
9.96,10.07,9.81,10.0,154355856.0,154881.44
10.0,10.38,9.99,10.19,344912896.0,337743.14
9.5,10.08,9.48,9.94,1133235584.0,1165810.66
9.91,10.11,9.65,9.68,395495488.0,400298.33
9.67,9.88,9.48,9.66,216056592.0,223834.06
9.65,9.78,9.56,9.6,88924744.0,92218.79000000001
9.59,9.9,9.56,9.88,195213184.0,199758.11000000002
9.92,10.17,9.85,10.07,341870112.0,339744.84
10.03,10.24,10.0,10.17,169808288.0,167218.7
10.18,10.55,10.17,10.31,356845504.0,343671.24
10.3,10.3,10.05,10.09,137757904.0,135949.32
10.05,10.24,10.040000000000001,10.200000000000001,74658296.0,73639.02
10.200000000000001,10.32,10.11,10.31,102326632.0,99943.23
10.31,10.42,10.09,10.13,146725616.0,143431.47
10.120000000000001,10.290000000000001,10.09,10.15,91107936.0,89572.0
10.15,10.200000000000001,9.950000000000001,9.99,110205048.0,109805.61
9.99,10.07,9.84,9.950000000000001,128632752.0,129759.56
9.98,10.05,9.85,10.040000000000001,71654200.0,71871.76
10.05,10.06,9.89,9.950000000000001,71001864.0,71263.87
9.950000000000001,9.950000000000001,9.61,9.63,122433600.0,125411.91
9.59,9.73,9.58,9.64,59989624.0,62299.56
9.53,9.86,9.5,9.77,74292088.0,76208.0
9.78,9.93,9.77,9.8,60191828.0,61143.14
9.85,10.040000000000001,9.82,10.0,112757936.0,113319.97
9.99,10.02,9.790000000000001,9.82,84194608.0,85204.55
9.85,9.97,9.78,9.91,32482658.0,32916.16
9.93,10.16,9.93,10.1,146875952.0,145970.64
10.09,10.1,9.92,10.0,56832636.0,56895.590000000004
10.0,10.03,9.83,9.85,65264488.0,65821.64
9.82,9.91,9.8,9.85,46682180.0,47357.06
9.85,9.9,9.700000000000001,9.71,62401640.0,63860.23
9.700000000000001,9.75,9.65,9.71,63759940.0,65758.33
9.700000000000001,9.790000000000001,9.65,9.790000000000001,34725876.0,35776.58
9.78,9.85,9.71,9.73,46425240.0,47618.0
9.75,9.85,9.69,9.78,27704236.0,28415.420000000002
9.77,9.8,9.69,9.78,44595952.0,45872.54
9.82,10.08,9.81,9.92,140550448.0,140806.84
9.9,10.38,9.9,10.24,376794592.0,369648.77
10.21,10.370000000000001,10.15,10.24,246616672.0,240135.78
10.24,10.52,10.24,10.44,276727872.0,266013.17
10.450000000000001,10.57,10.35,10.47,181585712.0,173385.56
10.47,10.48,10.27,10.33,147661360.0,142984.88
10.3,10.61,10.27,10.48,254876192.0,243223.82
10.48,11.06,10.35,10.92,367321312.0,341723.48
10.91,11.120000000000001,10.82,10.94,375073152.0,342228.97000000003
10.94,11.21,10.9,11.15,221418576.0,199164.82
11.15,11.38,11.02,11.16,293529280.0,261787.88
11.16,11.24,11.1,11.19,135763088.0,121509.36
11.19,11.19,10.91,10.94,156867952.0,142631.89
10.9,11.33,10.870000000000001,11.27,192896368.0,172861.34
11.27,11.65,11.27,11.35,320779808.0,279556.34
11.32,11.55,11.21,11.370000000000001,149168224.0,131034.48
11.370000000000001,11.950000000000001,11.25,11.700000000000001,338301248.0,292476.0
11.88,12.1,11.57,11.76,378480864.0,319147.26
11.8,12.06,11.69,11.88,271678304.0,228671.27000000002
11.93,12.5,11.76,12.39,488134016.0,402228.09
12.39,12.700000000000001,12.19,12.46,292303552.0,235824.5
12.46,13.63,12.46,12.92,817409088.0,624599.66
12.93,13.200000000000001,12.55,12.74,400973600.0,310910.88
12.8,13.0,12.120000000000001,12.25,294765024.0,238714.91
12.39,12.39,11.84,12.1,408135680.0,339601.61
12.1,12.3,11.98,12.14,143904688.0,118853.8
12.15,12.17,11.91,11.950000000000001,202494720.0,168390.43
11.88,11.92,11.18,11.370000000000001,355364512.0,309347.75
11.5,12.51,11.25,12.51,615538688.0,507786.26
13.0,13.200000000000001,12.58,12.93,782734336.0,605845.0
12.950000000000001,13.92,12.66,13.71,608646400.0,455087.0
13.700000000000001,13.96,12.98,12.99,757441280.0,563705.27
12.88,13.47,12.8,13.38,368594720.0,279552.7
13.35,13.72,13.16,13.46,365308192.0,271388.37
13.44,13.89,13.280000000000001,13.540000000000001,278106880.0,203894.65
13.540000000000001,13.59,13.13,13.25,239048384.0,179614.88
13.18,13.23,12.9,12.91,213850720.0,163835.16
12.92,13.25,12.92,12.99,159212688.0,121828.43000000001
12.92,13.65,12.9,13.64,356202112.0,265476.85
13.65,13.86,13.51,13.63,421301024.0,306560.79
13.63,13.96,13.5,13.8,342786688.0,248976.80000000002
13.88,14.200000000000001,13.790000000000001,13.89,385153280.0,275484.34
13.92,14.08,13.38,13.46,290035680.0,211352.22
13.4,13.52,13.15,13.39,251137168.0,188355.74
13.4,13.6,13.3,13.4,197468512.0,147142.49
13.41,13.49,13.13,13.450000000000001,118824960.0,89626.85
13.48,13.55,13.1,13.16,149854672.0,112684.09
13.1,13.43,12.99,13.370000000000001,174078560.0,131893.98
13.38,13.55,13.17,13.19,116001784.0,87160.86
13.15,13.280000000000001,12.96,12.97,149943200.0,114879.17
12.950000000000001,13.0,12.52,12.61,151682976.0,118743.12
12.6,12.85,12.51,12.6,151103344.0,119357.7
12.620000000000001,12.93,12.61,12.92,129806792.0,101516.98
13.0,13.0,12.66,12.76,71825944.0,56167.08
12.700000000000001,12.97,12.65,12.790000000000001,133606384.0,104099.56
12.780000000000001,12.790000000000001,12.450000000000001,12.51,92822136.0,74048.41
12.51,12.52,12.23,12.26,177655328.0,144304.24
12.26,12.4,12.200000000000001,12.280000000000001,185848336.0,151060.61000000002
12.290000000000001,12.450000000000001,12.21,12.42,168539600.0,136771.33000000002
12.4,12.48,12.05,12.06,116307040.0,94766.0
11.96,12.05,11.8,11.84,104179632.0,87657.44
11.77,11.93,11.67,11.78,103127248.0,87740.40000000001
11.8,11.84,11.5,11.57,91770168.0,78679.93000000001
11.53,11.92,11.47,11.73,184935456.0,158733.35
11.74,11.83,11.5,11.64,95644704.0,82189.6
11.55,11.84,11.48,11.67,66314636.0,57119.42
11.6,11.950000000000001,11.6,11.77,130667336.0,110718.17
11.8,12.1,11.69,12.08,116521112.0,97444.58
12.08,12.120000000000001,11.9,12.01,81887664.0,68084.29000000001
12.0,12.0,11.6,11.71,114828184.0,97635.76
11.58,11.78,11.53,11.700000000000001,60584932.0,52049.6
11.700000000000001,11.950000000000001,11.65,11.81,55442304.0,46793.05
11.8,11.85,11.55,11.59,48785196.0,41847.99
11.59,12.030000000000001,11.56,12.0,178236240.0,149600.0
12.01,12.200000000000001,11.9,12.02,174384512.0,144515.79
12.08,12.1,11.93,11.97,41677212.0,34760.2
12.0,12.19,11.96,12.040000000000001,65856996.0,54608.32
12.1,12.25,12.07,12.15,54700452.0,45015.6
12.200000000000001,12.39,12.120000000000001,12.3,132915488.0,108505.0
12.3,12.33,11.88,11.92,136491376.0,112999.0
11.88,11.9,11.700000000000001,11.8,66318600.0,56355.3
11.89,12.0,11.38,11.5,207688080.0,179782.0
11.51,11.59,11.43,11.56,60559636.0,52610.93
11.5,11.540000000000001,11.38,11.52,62374388.0,54482.69
11.46,11.52,11.200000000000001,11.290000000000001,93186280.0,82150.06
11.26,11.26,11.0,11.13,117132848.0,105666.40000000001
11.15,11.26,11.06,11.200000000000001,68588408.0,61461.81
11.22,11.25,10.99,11.13,54278864.0,48963.46
11.14,11.200000000000001,10.99,11.09,64041620.0,57986.89
11.09,11.25,11.0,11.200000000000001,56389188.0,50749.28
11.200000000000001,11.43,11.15,11.42,68181688.0,60137.22
11.43,11.450000000000001,11.3,11.370000000000001,29204768.0,25744.95
11.36,11.36,11.13,11.18,41799168.0,37296.25
11.15,11.51,11.08,11.3,60977096.0,53781.91
11.33,11.33,11.06,11.09,42034744.0,37709.450000000004
11.05,11.200000000000001,11.01,11.17,23752932.0,21330.73
11.200000000000001,11.36,11.16,11.27,37721672.0,33509.81
11.3,11.32,11.08,11.1,22928330.0,20572.18
11.08,11.22,10.96,11.0,46786668.0,42363.54
11.0,11.1,10.85,10.9,56877072.0,51960.86
10.89,10.99,10.8,10.870000000000001,21164516.0,19452.420000000002
10.81,10.950000000000001,10.81,10.86,26073672.0,23939.05
10.86,10.89,10.74,10.8,29250960.0,27062.16
10.8,10.85,10.69,10.72,23322956.0,21722.29
10.72,10.950000000000001,10.5,10.52,50877544.0,47739.66
10.28,10.48,10.24,10.33,39153512.0,37757.64
10.33,10.42,10.25,10.35,39389576.0,38156.450000000004
10.5,10.5,10.27,10.32,35389780.0,34199.5
10.52,10.52,10.17,10.17,55222928.0,53694.770000000004
10.14,10.35,10.120000000000001,10.35,33626904.0,32761.3
10.35,10.540000000000001,10.27,10.51,65428312.0,62898.9
10.5,10.56,10.28,10.31,42882496.0,41249.65
10.3,10.44,10.26,10.34,41124152.0,39777.54
10.3,10.44,10.290000000000001,10.32,38063824.0,36707.14
10.33,10.38,10.0,10.08,45320248.0,44641.0
10.09,10.09,9.89,10.02,64679556.0,64788.58
10.02,10.03,9.8,9.98,67705064.0,68257.38
9.97,10.1,9.870000000000001,10.08,47236608.0,47306.87
10.1,10.25,10.040000000000001,10.13,50008272.0,49345.5
10.11,10.120000000000001,9.790000000000001,9.98,58991636.0,59670.81
10.0,10.040000000000001,9.58,9.74,68448760.0,69640.57
9.74,9.75,9.43,9.620000000000001,70569688.0,73983.28
9.61,9.61,9.35,9.42,56919296.0,60197.5
9.4,9.51,9.3,9.47,64441860.0,68329.54000000001
9.6,9.78,9.49,9.72,128336464.0,133165.89
9.74,9.74,9.49,9.56,36746440.0,38301.07
9.55,10.0,9.5,9.98,163692368.0,166182.46
10.0,10.08,9.870000000000001,9.99,96334112.0,96440.24
10.02,10.06,9.81,9.92,54517272.0,54869.33
9.9,9.97,9.8,9.870000000000001,42907616.0,43491.12
9.84,9.84,9.38,9.48,64546320.0,67654.62
9.5,9.63,9.25,9.53,46496912.0,49109.49
9.55,9.56,9.43,9.51,20493884.0,21588.71
9.51,9.61,9.48,9.49,18671564.0,19574.3
9.48,9.78,9.290000000000001,9.68,80745552.0,84493.27
9.68,9.790000000000001,9.65,9.72,63007996.0,64838.090000000004
9.72,9.75,9.450000000000001,9.52,48673496.0,51046.05
9.5,9.67,9.15,9.22,127294800.0,136502.11000000002
9.200000000000001,9.3,9.11,9.18,37302360.0,40541.340000000004
9.19,9.4,9.17,9.35,56006040.0,60111.49
9.33,9.33,9.17,9.19,17618810.0,19047.5
9.19,9.28,8.85,9.0,88414080.0,98533.69
9.0,9.36,8.9,9.28,108288912.0,117650.09
9.28,9.43,9.200000000000001,9.22,86735912.0,93122.22
9.22,9.25,9.0,9.1,64946864.0,71467.8
9.11,9.13,8.97,9.01,61978048.0,68759.62
9.0,9.28,8.950000000000001,9.21,57510900.0,62885.4
9.370000000000001,9.57,9.200000000000001,9.56,154402848.0,164334.65
9.56,9.6,9.39,9.41,62150732.0,65524.19
9.4,9.55,9.28,9.39,33162822.0,35217.13
9.38,9.55,9.34,9.52,40763492.0,43019.950000000004
9.52,10.040000000000001,9.52,9.75,180677856.0,184216.26
9.74,9.870000000000001,9.63,9.72,76534272.0,78338.97
9.75,9.78,9.38,9.4,74550072.0,78370.14
9.38,9.4,9.17,9.19,59518936.0,64524.68
9.15,9.3,9.09,9.27,49531852.0,53815.71
9.27,9.35,9.09,9.18,37611592.0,40998.200000000004
8.8,8.9,8.6,8.77,95306248.0,108355.36
8.77,8.82,8.67,8.73,48559712.0,55662.85
8.73,8.9,8.73,8.83,20721300.0,23523.850000000002
8.82,8.82,8.68,8.72,21475886.0,24580.29
8.8,8.8,8.55,8.58,22988248.0,26689.13
8.58,8.83,8.5,8.75,25972242.0,29869.99
8.77,9.08,8.76,9.03,56126648.0,62558.950000000004
9.06,9.35,8.9,8.92,71545400.0,78633.85
9.0,9.49,8.950000000000001,9.44,118662264.0,127650.63
9.48,9.82,9.47,9.540000000000001,193929072.0,201396.83000000002
9.53,9.53,9.4,9.52,57211988.0,60508.090000000004
9.52,9.59,9.28,9.31,51665492.0,54977.770000000004
9.3,9.4,9.27,9.32,35036324.0,37583.91
9.38,9.700000000000001,9.33,9.68,90878688.0,95022.84
9.700000000000001,9.76,9.56,9.57,74530560.0,77356.63
9.56,9.73,9.39,9.6,170811776.0,179699.53
9.6,9.92,9.58,9.83,224329344.0,228799.06
9.86,9.88,9.69,9.8,80846880.0,82701.90000000001
9.85,9.88,9.53,9.64,68932560.0,71161.45
9.67,9.67,9.4,9.58,53618656.0,56468.98
9.9,10.290000000000001,9.72,9.91,329352224.0,332047.83
10.08,10.28,9.99,10.21,360885408.0,354555.97000000003
10.28,10.38,10.18,10.21,165863520.0,161483.21
10.18,10.18,9.85,10.040000000000001,100333456.0,100769.29000000001
10.040000000000001,10.15,9.9,9.98,68864616.0,68676.43000000001
9.9,10.06,9.86,9.99,54375560.0,54612.76
10.0,10.120000000000001,9.72,10.0,101806712.0,102458.91
10.0,10.35,9.72,10.35,172634272.0,170635.33000000002
10.46,10.57,10.35,10.46,143562432.0,137484.71
10.5,10.77,10.5,10.540000000000001,147861168.0,139160.74
10.53,10.58,10.39,10.4,82362400.0,78836.03
10.370000000000001,10.5,10.33,10.47,80209856.0,76903.36
10.43,10.5,10.200000000000001,10.32,90486168.0,87501.59
10.34,10.6,10.200000000000001,10.51,104777216.0,100506.17
10.5,10.65,10.200000000000001,10.53,118852168.0,113936.76000000001
10.4,10.66,10.32,10.5,121756888.0,115652.25
10.5,11.05,10.48,11.03,222229936.0,204552.86000000002
11.03,11.67,11.03,11.36,335053888.0,293605.63
11.4,11.78,11.36,11.56,196239664.0,169768.64
11.58,11.700000000000001,11.4,11.63,119098328.0,103169.0
11.620000000000001,11.82,11.27,11.47,223874992.0,193471.0
11.47,11.98,11.4,11.950000000000001,252957136.0,217506.63
12.0,12.1,11.57,11.75,151294064.0,127277.58
11.75,11.75,11.33,11.39,123891720.0,108516.47
11.370000000000001,11.51,11.34,11.36,77509848.0,67888.21
11.41,11.44,11.28,11.4,88230920.0,77613.18000000001
11.4,11.700000000000001,11.22,11.68,81491480.0,71237.90000000001
11.68,11.69,11.18,11.25,84613976.0,74348.62
11.86,11.94,11.31,11.67,181291808.0,156184.24
11.66,11.9,11.56,11.89,133213192.0,113088.68000000001
11.89,12.15,11.85,12.0,203429760.0,169433.67
13.18,13.18,12.030000000000001,12.23,294022944.0,237273.71
12.200000000000001,12.49,11.950000000000001,12.22,238716192.0,195766.88
12.11,12.36,12.11,12.35,88506912.0,71974.01
12.41,12.46,11.96,12.0,131937360.0,108534.14
12.0,12.05,11.68,11.75,151013104.0,128274.84
11.75,11.85,11.4,11.51,186203520.0,160467.94
11.5,11.76,11.450000000000001,11.55,99313592.0,85630.82
11.55,11.94,11.55,11.93,93636272.0,79616.08
11.93,12.0,11.77,11.78,105368240.0,88457.53
11.78,12.07,11.58,11.74,151014624.0,127778.58
11.700000000000001,11.84,11.4,11.5,145736592.0,125761.89
11.5,11.790000000000001,11.4,11.700000000000001,128818176.0,110906.99
11.700000000000001,11.74,11.25,11.28,238319824.0,208819.61000000002
11.23,11.24,10.77,10.98,172404688.0,157256.79
11.0,11.05,10.620000000000001,10.66,155454048.0,143270.31
10.6,10.78,10.57,10.76,76071688.0,71218.03
10.88,10.950000000000001,10.72,10.85,116895328.0,108086.44
10.86,10.88,10.540000000000001,10.790000000000001,136276368.0,127681.56
10.8,11.01,10.8,10.92,119129032.0,109421.29000000001
10.950000000000001,11.07,10.77,10.77,87402832.0,80261.08
10.67,10.88,10.6,10.86,77768968.0,72548.16
10.9,10.96,10.66,10.69,48795076.0,45284.78
10.68,10.72,10.36,10.38,74282944.0,70899.19
10.38,10.5,10.290000000000001,10.34,74246064.0,71443.65000000001
10.38,10.75,10.36,10.74,93035576.0,88255.38
10.78,10.86,10.700000000000001,10.790000000000001,103517672.0,95871.31
10.8,10.85,10.56,10.6,82063040.0,77076.84
10.6,11.09,10.6,11.05,157474176.0,144346.61000000002
11.06,11.13,10.94,11.08,139297296.0,126315.18000000001
11.1,11.21,10.99,11.17,144583392.0,130428.54000000001
11.22,11.3,10.91,10.94,147832816.0,133021.29
10.94,11.06,10.9,11.0,132147680.0,120422.29000000001
11.06,11.34,11.0,11.33,172829680.0,153863.98
11.33,11.33,11.1,11.200000000000001,169297616.0,151149.13
11.08,11.15,10.950000000000001,11.0,116759968.0,105840.69
11.03,11.33,11.03,11.1,123651304.0,110857.19
11.120000000000001,11.200000000000001,10.96,11.05,55914080.0,50646.64
11.02,11.15,11.0,11.0,47970708.0,43377.15
10.97,11.0,10.77,10.86,70103528.0,64504.5
10.9,11.120000000000001,10.88,11.11,77968304.0,70452.92
11.13,11.26,11.120000000000001,11.14,83422784.0,74581.3
11.16,11.35,11.13,11.200000000000001,89272752.0,79526.93000000001
11.200000000000001,11.28,10.98,11.15,106640512.0,96348.59
11.16,11.200000000000001,10.94,10.950000000000001,111118088.0,100792.62
10.950000000000001,10.96,10.59,10.6,302666816.0,283106.21
10.6,10.700000000000001,10.4,10.49,153624800.0,145652.52
10.4,10.57,10.3,10.51,62224020.0,59624.6
10.52,10.6,10.28,10.3,90012976.0,86396.02
10.27,10.36,10.05,10.14,88087776.0,86753.17
10.15,10.290000000000001,10.06,10.09,63709288.0,62777.14
10.1,10.33,10.05,10.3,63036692.0,61985.58
10.3,10.31,10.15,10.19,45011092.0,43886.65
10.18,10.48,10.13,10.28,65445952.0,63441.590000000004
10.290000000000001,10.450000000000001,10.0,10.05,93407816.0,91572.8
10.0,10.21,10.0,10.06,97612312.0,96684.07
10.1,10.1,9.82,9.86,120081728.0,121281.62
9.88,10.01,9.86,10.0,37719728.0,37904.12
10.06,10.19,9.99,10.06,46448352.0,45976.4
9.5,9.99,9.5,9.85,81923792.0,83722.59
9.85,10.06,9.75,9.78,100856200.0,102303.69
9.8,9.96,9.5,9.620000000000001,122973760.0,126836.73
9.620000000000001,9.69,9.4,9.41,34389272.0,36161.04
9.4,9.53,9.3,9.38,39538520.0,42026.14
9.4,9.65,9.38,9.59,45657492.0,47914.14
9.620000000000001,9.68,9.58,9.63,25551010.0,26535.260000000002
9.65,9.66,9.4,9.44,25461784.0,26806.31
9.44,9.48,9.25,9.28,41204652.0,44140.35
9.38,9.41,9.14,9.4,42028840.0,45451.88
9.42,9.51,9.26,9.39,36613680.0,38919.89
9.39,9.52,9.25,9.25,48471688.0,51801.36
9.290000000000001,9.38,9.25,9.36,32338836.0,34665.48
9.34,9.38,9.26,9.3,51923620.0,55693.41
9.35,9.38,9.21,9.23,33721040.0,36267.25
9.22,9.35,9.19,9.33,30550780.0,33024.03
9.34,9.52,9.26,9.47,43255024.0,45747.29
9.47,9.48,9.38,9.38,21001940.0,22297.05
9.42,9.6,9.41,9.52,49524072.0,51949.32
9.52,9.65,9.48,9.5,46391660.0,48511.48
9.5,9.5,9.28,9.28,28317196.0,30270.65
9.28,9.48,9.27,9.31,17643908.0,18961.04
9.3,9.3,9.18,9.24,29699408.0,32205.09
9.200000000000001,9.31,8.9,9.0,47072132.0,51867.0
9.0,9.040000000000001,8.88,8.9,36734616.0,41035.78
8.9,9.040000000000001,8.9,9.0,25006688.0,27836.84
9.0,9.11,8.76,8.78,49234956.0,55227.9
8.77,8.78,8.540000000000001,8.6,39748076.0,45924.51
8.6,9.11,8.55,8.94,47744292.0,54139.15
8.950000000000001,9.040000000000001,8.83,8.96,34001064.0,37891.42
8.99,9.02,8.78,8.790000000000001,17264166.0,19442.34
8.8,8.86,8.51,8.66,45090312.0,51994.66
8.66,8.85,8.58,8.84,20411952.0,23345.39
8.83,8.96,8.76,8.82,18496548.0,20890.16
8.82,8.89,8.75,8.86,16242536.0,18447.27
8.86,8.9,8.78,8.8,11812377.0,13387.710000000001
8.8,8.950000000000001,8.65,8.69,19947544.0,22746.95
8.67,8.8,8.61,8.65,17157688.0,19710.65
8.700000000000001,8.870000000000001,8.63,8.83,19505464.0,22253.04
8.83,8.88,8.77,8.790000000000001,20624772.0,23393.84
8.82,9.03,8.790000000000001,9.01,36526340.0,40714.87
9.01,9.13,8.92,9.02,42340312.0,46828.93
9.0,9.15,8.950000000000001,9.14,22011366.0,24327.53
9.16,9.32,9.1,9.18,47906372.0,51950.630000000005
9.16,9.200000000000001,9.09,9.09,19332720.0,21159.350000000002
9.1,9.19,9.06,9.18,15188349.0,16674.55
9.18,9.27,9.120000000000001,9.15,19164268.0,20849.12
9.1,9.1,8.93,8.950000000000001,29171080.0,32547.5
8.91,9.02,8.89,8.99,13736870.0,15354.09
8.99,9.120000000000001,8.93,9.09,35714596.0,39513.46
9.09,9.32,9.09,9.32,61272408.0,66114.58
9.34,9.48,9.33,9.39,49289264.0,52315.82
9.39,9.59,9.34,9.51,47760920.0,50306.35
9.47,9.52,9.36,9.39,44680136.0,47329.85
9.36,9.41,9.3,9.4,15408682.0,16489.25
9.38,9.42,9.13,9.19,58349300.0,62910.53
9.17,9.27,9.13,9.26,37731056.0,41078.9
9.27,9.370000000000001,9.17,9.290000000000001,52920952.0,56901.28
9.25,9.36,9.21,9.27,35657472.0,38360.87
9.25,9.35,8.98,9.06,36394956.0,39899.79
9.06,9.21,9.06,9.19,23951808.0,26116.9
9.21,9.23,9.1,9.11,25289664.0,27546.88
9.1,9.1,8.950000000000001,9.01,22834716.0,25334.16
9.02,9.02,8.5,8.53,102461824.0,118146.45
8.58,8.77,8.18,8.67,144934176.0,171755.54
8.65,8.66,8.4,8.42,27768096.0,32574.37
8.4,8.61,8.35,8.49,31796684.0,37320.68
8.49,8.65,8.39,8.59,28801076.0,33797.7
8.6,8.72,8.56,8.700000000000001,24454850.0,28250.63
8.71,8.74,8.59,8.66,14702297.0,17013.5
8.61,8.61,8.45,8.56,24722748.0,29039.06
8.55,8.75,8.49,8.71,59180620.0,68314.18000000001
8.700000000000001,8.82,8.67,8.700000000000001,22987940.0,26299.25
8.69,8.75,8.59,8.67,16857138.0,19471.04
8.66,8.84,8.65,8.76,35126236.0,39986.44
8.76,8.81,8.71,8.72,24377340.0,27805.45
8.700000000000001,8.9,8.700000000000001,8.8,17821654.0,20230.47
8.8,8.8,8.540000000000001,8.57,28678412.0,33030.8
8.57,8.66,8.540000000000001,8.620000000000001,11043239.0,12824.42
8.620000000000001,8.65,8.55,8.59,9654013.0,11236.84
8.6,8.63,8.56,8.58,5709844.0,6646.38
8.58,8.620000000000001,8.5,8.52,7827559.0,9160.66
8.52,8.65,8.44,8.59,7577548.0,8878.710000000001
8.700000000000001,8.9,8.66,8.74,23869024.0,27396.25
8.75,8.77,8.48,8.5,14789303.0,17269.5
8.5,8.56,8.41,8.55,12568546.0,14851.62
8.56,8.57,8.45,8.48,13519798.0,15921.03
8.48,8.48,8.35,8.4,15027949.0,17890.100000000002
8.4,8.5,8.4,8.49,8679640.0,10266.25
8.5,8.52,8.4,8.46,8206046.0,9707.53
8.45,8.45,8.35,8.38,12121078.0,14440.6
8.35,8.4,8.23,8.370000000000001,13166506.0,15847.28
8.36,8.36,8.18,8.2,12590844.0,15283.36
8.26,8.5,8.22,8.45,29391894.0,34873.3
8.540000000000001,8.83,8.42,8.700000000000001,69950248.0,80535.34
8.88,8.94,8.75,8.78,66845572.0,75673.41
8.78,9.040000000000001,8.76,9.03,82660504.0,92663.88
9.03,9.33,9.03,9.32,117443728.0,128152.1
9.34,9.34,9.1,9.19,76015296.0,82736.45
9.18,9.3,8.85,8.9,99731968.0,110683.84
8.9,9.22,8.81,9.19,35207016.0,39135.840000000004
9.26,9.33,8.98,8.98,166141824.0,181147.56
9.01,9.17,8.68,8.700000000000001,63020816.0,71656.25
8.700000000000001,8.82,8.65,8.74,30226084.0,34664.04
8.71,8.75,8.53,8.56,41973872.0,48639.66
8.56,8.59,8.41,8.49,42357804.0,50037.87
8.49,8.52,8.28,8.51,37447264.0,44686.72
8.48,8.58,8.4,8.48,35716684.0,42072.66
8.48,8.48,8.23,8.28,33082004.0,39779.38
8.3,8.38,8.290000000000001,8.32,50544452.0,60783.6
8.33,8.35,8.2,8.24,38725932.0,46948.06
8.24,8.31,8.18,8.22,36406244.0,44181.33
8.2,8.25,7.97,8.040000000000001,38441860.0,47708.26
8.02,8.23,7.98,8.05,25079800.0,30906.79
8.05,8.05,7.7700000000000005,7.8500000000000005,55134596.0,69857.02
7.84,7.84,7.25,7.3,148185984.0,198368.16
7.3,7.45,7.2,7.33,50815136.0,69331.76
7.45,7.49,7.16,7.19,46247576.0,62799.82
7.18,7.37,7.13,7.3500000000000005,45397928.0,63002.11
7.36,7.48,7.3,7.45,34725760.0,46907.71
7.49,7.55,7.4,7.51,48622608.0,64902.61
7.5,7.75,7.29,7.41,198562720.0,262017.48
7.4,7.42,7.25,7.3100000000000005,43113220.0,58851.39
7.3100000000000005,7.45,7.24,7.44,26677128.0,36302.91
7.42,7.57,7.4,7.49,34696148.0,46361.16
7.5,7.61,7.34,7.38,25152312.0,33460.76
7.42,7.5200000000000005,7.3500000000000005,7.44,13240403.0,17887.87
7.41,7.47,7.36,7.45,9362670.0,12612.43
7.45,7.48,7.37,7.4,9941157.0,13385.79
7.41,7.74,7.38,7.67,56250512.0,73986.25
7.66,7.76,7.59,7.6000000000000005,73345072.0,95549.44
7.6000000000000005,7.67,7.51,7.62,25042840.0,32936.54
7.62,7.7,7.47,7.59,33016152.0,43622.96
7.61,7.66,7.55,7.640000000000001,23166816.0,30454.32
7.66,7.66,7.47,7.53,29000698.0,38455.090000000004
7.5200000000000005,7.54,7.47,7.53,22657014.0,30214.31
7.55,7.7,7.55,7.63,29073908.0,38141.25
7.62,7.68,7.55,7.67,22448364.0,29366.61
7.67,7.67,7.54,7.55,20402528.0,26936.18
7.55,7.61,7.5,7.5,17454238.0,23104.34
7.5,7.5,7.37,7.4,44280072.0,59663.6
7.4,7.48,7.38,7.41,23844164.0,32139.83
7.4,7.47,7.3,7.3100000000000005,20787258.0,28214.25
7.3100000000000005,7.32,7.2,7.24,32610634.0,44946.51
7.22,7.2700000000000005,7.21,7.23,15361796.0,21220.16
7.23,7.28,7.19,7.25,17150624.0,23717.02
7.2700000000000005,7.3,7.23,7.23,17833824.0,24575.0
7.23,7.28,7.18,7.24,17189928.0,23814.49
7.24,7.3500000000000005,7.23,7.29,18812666.0,25769.850000000002
7.3500000000000005,7.4,7.3,7.33,16589586.0,22585.55
7.34,7.61,7.2700000000000005,7.43,69653576.0,93353.67
7.43,7.45,7.3,7.33,24953978.0,33837.15
7.26,7.33,7.2,7.28,16984618.0,23374.510000000002
7.29,7.29,7.16,7.2,20823428.0,28848.15
7.19,7.28,7.13,7.18,26695528.0,37148.49
7.2,7.390000000000001,7.140000000000001,7.22,46402256.0,63923.020000000004
7.18,7.26,7.16,7.17,22434472.0,31151.05
7.15,7.22,7.0600000000000005,7.07,22458008.0,31542.760000000002
7.1000000000000005,7.140000000000001,6.96,6.98,22544414.0,32096.22
6.98,7.12,6.97,7.1000000000000005,25808864.0,36627.62
7.11,7.3100000000000005,7.08,7.12,79628376.0,110476.8
7.11,7.2,7.07,7.11,25833328.0,36123.55
7.1000000000000005,7.15,6.99,7.03,19805052.0,28073.5
7.04,7.07,6.97,7.0200000000000005,10126874.0,14430.95
7.03,7.09,6.98,7.0,13435765.0,19172.95
7.0,7.04,6.95,7.0,20068904.0,28731.86
7.0,7.0600000000000005,6.99,7.0,16965808.0,24102.8
6.98,6.98,6.82,6.88,26134944.0,38089.39
6.88,6.88,6.72,6.7700000000000005,35366812.0,52252.44
6.8,6.83,6.63,6.68,28758188.0,42980.99
6.68,6.76,6.65,6.7,29239204.0,43628.64
6.8,6.95,6.73,6.93,48798404.0,71152.6
6.93,7.0200000000000005,6.9,7.01,48039156.0,68951.75
7.0200000000000005,7.03,6.91,6.97,19447652.0,27974.49
6.95,7.0200000000000005,6.94,6.96,8976785.0,12848.27
6.96,7.08,6.9,6.92,12108769.0,17310.48
6.9,6.92,6.79,6.8,17915004.0,26207.73
6.8,6.88,6.73,6.88,10850994.0,15958.1
6.88,6.88,6.76,6.78,7012405.0,10293.9
6.75,6.78,6.65,6.72,14179068.0,21105.78
6.72,7.390000000000001,6.7,7.390000000000001,301114592.0,413736.85000000003
7.67,7.76,7.42,7.65,354408736.0,467508.09
7.55,7.5600000000000005,7.36,7.47,199832480.0,267952.82
7.47,7.59,7.38,7.42,121820600.0,162307.95
7.390000000000001,7.51,7.25,7.3,79769208.0,108079.64
7.28,7.46,7.21,7.44,76324984.0,104111.41
7.4,7.44,7.28,7.37,56486896.0,76625.88
7.36,7.5600000000000005,7.32,7.5,85592032.0,114257.47
7.5,7.95,7.46,7.88,185036800.0,239071.35
7.88,7.9,7.63,7.66,107341376.0,137771.03
7.66,8.3,7.6000000000000005,8.120000000000001,193803664.0,241703.98
8.16,8.28,8.01,8.040000000000001,103754856.0,127186.44
8.040000000000001,8.040000000000001,7.8,7.87,91256496.0,115673.81
7.88,7.96,7.75,7.8,63433348.0,80919.09
7.95,8.120000000000001,7.8500000000000005,8.07,135085472.0,168369.48
8.07,8.18,7.99,8.11,83261352.0,103037.31
8.11,8.11,7.88,7.91,122679640.0,153736.92
7.9,8.03,7.84,7.88,80685432.0,101869.5
7.95,8.11,7.9,7.97,92202704.0,114734.12
7.95,7.95,7.66,7.74,134889712.0,174378.98
7.75,7.75,7.57,7.62,83419920.0,109238.06
7.62,7.72,7.55,7.6000000000000005,67194472.0,88165.26
7.6000000000000005,7.74,7.58,7.73,48212864.0,62803.69
7.73,7.74,7.61,7.66,38936484.0,50817.89
7.62,7.71,7.6000000000000005,7.65,21550382.0,28201.190000000002
7.69,7.8100000000000005,7.5,7.78,100581888.0,131323.7
7.78,7.8,7.55,7.57,100633600.0,131850.15
7.6000000000000005,7.66,7.4,7.45,62900908.0,83274.02
7.45,7.54,7.38,7.41,43556308.0,58579.11
7.42,7.45,7.25,7.37,52037536.0,70780.72
7.38,7.4,7.13,7.16,55396384.0,76734.43000000001
7.16,7.22,7.13,7.16,36970616.0,51493.29
7.18,7.2700000000000005,7.13,7.13,46011352.0,63910.94
7.13,7.2700000000000005,7.12,7.19,38311020.0,53242.450000000004
7.2,7.28,7.16,7.24,25778044.0,35636.12
7.24,7.24,6.83,6.84,62292168.0,89448.07
6.84,7.01,6.78,6.91,51033624.0,74145.11
6.91,6.95,6.8100000000000005,6.91,24397976.0,35455.68
6.91,6.94,6.82,6.86,20615658.0,30011.940000000002
6.86,6.9,6.79,6.9,20095112.0,29395.36
6.9,7.01,6.9,6.92,23714038.0,34022.41
6.92,6.93,6.74,6.75,29186660.0,42913.450000000004
6.73,6.93,6.7,6.92,26732458.0,39311.93
6.92,7.4,6.83,7.24,79699704.0,112411.05
7.05,7.11,6.96,7.0,44421244.0,63074.880000000005
7.0,7.05,6.96,7.0200000000000005,18154520.0,25922.09
7.0,7.2,6.8500000000000005,7.19,58954004.0,83599.47
7.2,7.74,7.16,7.4,144194864.0,193899.02
7.4,7.58,7.32,7.5200000000000005,74082480.0,99440.3
7.53,7.71,7.42,7.49,103726960.0,137109.59
7.48,7.5,7.36,7.38,48161072.0,64879.65
7.4,7.69,7.4,7.48,70623288.0,93625.55
7.48,7.54,7.33,7.3500000000000005,41433004.0,55577.79
7.28,7.3,7.140000000000001,7.26,41724880.0,58009.36
7.15,7.25,7.09,7.140000000000001,35882240.0,50184.12
7.11,7.22,7.11,7.21,44708508.0,62365.36
7.19,7.19,6.87,6.91,52688936.0,75755.99
6.91,7.0,6.890000000000001,6.92,26042544.0,37526.65
6.88,6.99,6.8500000000000005,6.96,38544360.0,55562.12
6.91,7.04,6.9,7.0,37610600.0,53920.590000000004
7.0,7.11,6.97,7.04,24307854.0,34606.99
6.95,6.95,6.6000000000000005,6.87,67456888.0,99317.67
6.86,7.2,6.8,7.0200000000000005,64085408.0,91394.36
7.09,7.1000000000000005,6.890000000000001,6.9,30718632.0,44088.0
6.9,7.1000000000000005,6.890000000000001,7.04,34352596.0,49067.41
7.05,7.17,7.01,7.0600000000000005,39284904.0,55283.35
7.05,7.05,6.82,6.82,37299136.0,54174.47
6.8,6.96,6.75,6.86,26414086.0,38519.6
6.8500000000000005,6.93,6.76,6.88,14681296.0,21429.170000000002
6.88,7.04,6.83,6.94,20854796.0,29984.010000000002
7.0,7.0200000000000005,6.84,6.9,26305774.0,38100.65
6.91,7.0600000000000005,6.88,7.04,24514512.0,35161.37
7.05,7.0600000000000005,6.95,6.96,15856621.0,22622.77
6.96,6.96,6.75,6.8100000000000005,47395136.0,69166.01
6.7700000000000005,6.890000000000001,6.76,6.8500000000000005,21545402.0,31534.0
6.88,6.96,6.8,6.82,21502728.0,31385.64
6.83,6.88,6.7,6.74,21877984.0,32253.07
6.74,6.82,6.66,6.7,17811006.0,26402.97
6.7,6.8,6.62,6.79,12963385.0,19255.65
6.79,6.83,6.68,6.7,19085274.0,28306.09
6.7,6.74,6.55,6.59,23185316.0,35054.47
6.58,6.65,6.41,6.48,43401316.0,66711.63
6.46,6.69,6.46,6.6000000000000005,35349800.0,53525.6
6.59,6.72,6.5,6.68,18798752.0,28445.98
6.7,6.8,6.61,6.66,22862994.0,34118.87
7.33,7.33,6.69,7.18,111514624.0,156884.82
7.18,7.25,7.0200000000000005,7.12,93936976.0,131936.41
7.12,7.37,7.0600000000000005,7.17,108637648.0,150261.48
7.17,7.26,7.01,7.11,42343804.0,59609.92
7.140000000000001,7.18,7.05,7.07,38853932.0,54629.770000000004
7.05,7.08,6.95,6.99,28871160.0,41288.72
7.01,7.34,7.01,7.32,160863248.0,221679.68
7.34,7.5200000000000005,7.25,7.46,139194752.0,187577.43
7.5200000000000005,7.7,7.390000000000001,7.5600000000000005,158857872.0,209778.0
7.59,7.71,7.5,7.6000000000000005,110123168.0,144592.12
7.57,7.74,7.54,7.72,101701856.0,132548.28
7.75,7.76,7.55,7.6000000000000005,67430112.0,88286.22
7.55,7.69,7.47,7.62,100290544.0,132683.22
7.75,7.8500000000000005,7.6000000000000005,7.66,91111080.0,117669.90000000001
7.6000000000000005,7.62,7.45,7.53,45370192.0,60142.57
7.51,7.8,7.41,7.65,54111160.0,72035.1
7.58,7.58,7.3100000000000005,7.36,34712680.0,47086.99
7.3,7.44,7.26,7.43,22746002.0,30880.82
7.43,7.5,7.3,7.4,19124044.0,25782.88
7.43,7.51,7.38,7.41,16486309.0,22130.15
7.38,7.5,7.3100000000000005,7.3500000000000005,15802511.0,21416.29
7.3500000000000005,7.36,7.2,7.22,19694556.0,27017.0
7.3100000000000005,7.46,7.3,7.32,25864828.0,35030.62
7.3,8.03,7.25,7.87,152436048.0,195931.21
7.8,7.8500000000000005,7.69,7.73,46024468.0,59279.49
7.7,7.86,7.68,7.7700000000000005,33606704.0,43116.03
7.78,7.890000000000001,7.76,7.79,55326580.0,70777.35
7.75,7.92,7.72,7.890000000000001,49897040.0,63640.91
7.890000000000001,8.13,7.83,7.92,90902952.0,113747.54000000001
7.9,8.08,7.8500000000000005,7.9,50860696.0,63990.880000000005
7.92,7.98,7.76,7.92,50054392.0,63858.12
8.02,8.32,7.96,8.18,186835584.0,228374.53
8.2,8.34,8.120000000000001,8.27,97962528.0,118444.69
8.22,8.5,8.21,8.31,128993080.0,153659.74
8.3,8.35,8.17,8.3,70448120.0,85428.81
8.3,8.4,8.2,8.28,66661752.0,80139.54000000001
8.26,8.34,8.2,8.34,60892384.0,73487.61
8.33,8.39,8.09,8.13,81689128.0,99844.27
8.1,8.22,8.1,8.21,60894792.0,74603.33
8.22,8.33,8.19,8.22,74223520.0,89787.81
8.2,8.28,8.14,8.19,35498124.0,43280.950000000004
8.16,8.46,8.15,8.42,101761840.0,121315.98
8.46,8.620000000000001,8.45,8.47,80729728.0,94712.35
8.45,8.540000000000001,8.36,8.5,58534328.0,69336.8
8.5,8.73,8.45,8.65,79530992.0,92126.43000000001
8.65,8.85,8.61,8.76,112634120.0,128609.21
8.77,8.86,8.49,8.51,91160840.0,105416.06
8.52,8.65,8.48,8.65,67129464.0,78476.37
8.68,8.84,8.43,8.49,124215912.0,143836.9
8.45,8.6,8.35,8.55,88329104.0,104592.6
8.55,8.57,8.18,8.23,101216408.0,120574.7
8.2,8.41,8.2,8.38,62248104.0,74688.2
8.38,8.42,8.25,8.38,37599888.0,45005.47
8.41,8.42,8.23,8.3,39126192.0,47106.32
8.35,8.52,8.31,8.47,118450104.0,140069.46
8.45,8.57,8.42,8.52,40836804.0,48080.48
8.58,8.69,8.47,8.51,36157540.0,42414.340000000004
8.51,8.6,8.45,8.45,43020552.0,50493.93
8.45,8.51,8.4,8.46,20966284.0,24791.02
8.42,8.52,8.4,8.48,37564088.0,44416.81
8.48,8.68,8.39,8.620000000000001,80695688.0,94492.71
8.6,8.65,8.55,8.63,46204724.0,53723.11
8.63,8.66,8.540000000000001,8.56,32340976.0,37592.950000000004
8.540000000000001,8.55,8.38,8.4,49442816.0,58419.98
8.39,8.47,8.31,8.44,46284864.0,55143.75
8.46,8.55,8.4,8.540000000000001,54569996.0,64385.060000000005
8.52,8.58,8.46,8.48,37956664.0,44447.6
8.5,8.67,8.5,8.61,57566332.0,66828.12
8.61,8.64,8.52,8.64,29959864.0,34853.57
8.64,8.96,8.61,8.85,98245232.0,111143.45
8.86,8.88,8.8,8.86,30766146.0,34845.33
8.86,9.02,8.84,8.9,55839620.0,62435.93
8.9,8.97,8.82,8.85,34721928.0,39075.6
8.86,8.88,8.67,8.71,37115664.0,42594.78
8.66,8.76,8.47,8.49,42857444.0,49920.21
8.47,8.51,8.120000000000001,8.27,59009112.0,71245.79000000001
8.2,8.32,8.14,8.17,28601992.0,34843.590000000004
8.2,8.32,8.18,8.21,18789356.0,22869.28
8.21,8.31,7.96,8.06,32556088.0,40161.03
8.11,8.27,8.11,8.18,21531848.0,26283.98
8.18,8.32,8.18,8.3,23085072.0,27977.08
8.26,8.41,8.21,8.39,22955142.0,27506.0
8.370000000000001,8.47,8.31,8.47,26506446.0,31482.73
8.47,8.53,8.38,8.5,44686128.0,52832.700000000004
8.49,8.6,8.49,8.5,49975240.0,58604.61
8.5,8.540000000000001,8.23,8.23,29828744.0,35704.25
8.23,8.33,8.18,8.3,20553544.0,24926.0
8.3,8.35,8.120000000000001,8.15,28257384.0,34298.63
8.18,8.47,8.18,8.4,54950848.0,65621.83
8.4,8.82,8.35,8.78,105435328.0,121918.0
8.78,8.94,8.700000000000001,8.72,91515520.0,103567.35
8.700000000000001,8.74,8.58,8.73,28581112.0,32997.87
8.72,8.75,8.57,8.61,26511654.0,30745.940000000002
8.6,8.61,8.290000000000001,8.33,58925448.0,70138.7
8.31,8.45,8.23,8.3,38495084.0,46304.03
8.3,8.39,8.1,8.3,48966396.0,59497.74
8.31,8.66,8.3,8.52,58851512.0,68992.18000000001
8.48,8.620000000000001,8.48,8.6,40327972.0,47012.64
8.68,8.68,8.5,8.540000000000001,31028752.0,36217.1
8.53,8.58,8.07,8.2,101010144.0,122620.71
8.2,8.33,8.15,8.3,42467040.0,51429.18
8.290000000000001,8.290000000000001,8.11,8.16,37072096.0,45440.950000000004
8.15,8.3,8.08,8.290000000000001,33128422.0,40530.03
8.290000000000001,8.42,8.24,8.370000000000001,44402072.0,53121.1
8.35,8.42,8.26,8.290000000000001,39125008.0,46971.450000000004
8.2,8.370000000000001,8.2,8.33,18936526.0,22766.91
8.32,8.33,8.120000000000001,8.13,26624328.0,32615.690000000002
8.13,8.27,8.120000000000001,8.15,23467520.0,28615.91
8.2,8.3,8.15,8.26,17393650.0,21182.36
8.26,8.31,8.17,8.26,6206098.0,7499.24
8.26,8.66,8.26,8.65,70520336.0,82509.91
8.6,8.65,8.52,8.61,27997140.0,32598.21
8.59,8.59,8.46,8.46,16094556.0,18846.99
8.45,8.66,8.41,8.59,18093316.0,21154.13
8.620000000000001,8.8,8.55,8.72,53217288.0,61036.47
8.71,8.76,8.65,8.73,22823250.0,26183.43
8.73,8.76,8.6,8.66,28901044.0,33347.590000000004
8.620000000000001,8.67,8.55,8.65,31662356.0,36789.93
8.620000000000001,8.870000000000001,8.59,8.81,64136296.0,72897.05
8.81,8.83,8.63,8.69,83642624.0,95823.34
8.67,8.82,8.64,8.78,42477944.0,48521.25
8.75,8.82,8.66,8.72,32822852.0,37465.8
8.67,8.9,8.620000000000001,8.870000000000001,53779876.0,60821.22
8.89,8.91,8.790000000000001,8.89,36618900.0,41312.78
8.89,8.99,8.78,8.790000000000001,51420588.0,57884.64
8.71,9.13,8.71,9.06,85616456.0,95381.54000000001
9.06,9.18,9.0,9.11,62949104.0,68954.84
9.11,9.16,9.02,9.11,32313700.0,35558.37
9.1,9.450000000000001,9.1,9.32,124384752.0,133558.0
9.35,9.46,9.27,9.33,68975184.0,73650.01
9.33,9.41,9.26,9.31,59789712.0,64105.810000000005
9.3,9.33,9.18,9.3,63943276.0,68923.78
9.3,9.59,9.28,9.56,73268968.0,77269.16
9.56,9.85,9.53,9.58,138837744.0,142932.11000000002
9.56,9.75,9.56,9.72,56015712.0,57977.54
9.72,9.85,9.65,9.74,59440104.0,61010.950000000004
9.74,10.03,9.73,9.89,121252936.0,122230.38
9.9,9.950000000000001,9.6,9.66,73368576.0,75147.47
9.64,9.73,9.57,9.66,73251072.0,75879.35
9.620000000000001,9.82,9.61,9.74,74657272.0,76466.79000000001
9.77,9.950000000000001,9.72,9.75,119469672.0,121610.86
9.82,10.28,9.8,10.25,165103152.0,163333.11000000002
10.25,10.5,10.16,10.42,182986496.0,177381.43
10.4,10.83,10.3,10.72,197474272.0,186432.49
10.75,10.76,10.44,10.59,178273616.0,168937.84
10.58,10.75,10.31,10.620000000000001,150867104.0,143592.88
10.58,10.73,10.46,10.65,98489440.0,93244.85
10.620000000000001,10.74,10.48,10.71,61703692.0,58094.950000000004
10.700000000000001,10.950000000000001,10.33,10.42,143970512.0,136453.84
10.42,10.44,10.03,10.07,135484512.0,133244.3
10.05,10.4,10.0,10.3,119622736.0,116691.83
10.65,10.950000000000001,10.48,10.950000000000001,143602592.0,133457.95
10.950000000000001,11.31,10.88,11.13,206775424.0,185363.92
11.1,11.200000000000001,10.9,11.11,97014216.0,87636.07
11.02,11.22,10.9,10.99,99328168.0,90164.73
10.950000000000001,11.16,10.81,10.93,96183104.0,87889.54000000001
10.93,11.290000000000001,10.91,11.27,99644936.0,88899.99
11.32,11.63,11.31,11.540000000000001,148362080.0,128834.85
11.540000000000001,11.59,11.120000000000001,11.26,106186080.0,93657.7
11.200000000000001,11.53,11.200000000000001,11.34,159914032.0,140608.59
11.32,11.32,10.93,11.03,137711664.0,124903.17
10.93,11.1,10.85,11.07,128171976.0,116884.0
11.08,11.1,10.83,11.06,73352776.0,67068.04000000001
11.08,11.200000000000001,10.93,11.14,51520948.0,46611.87
11.32,11.48,11.15,11.290000000000001,205399712.0,181929.37
11.26,11.72,11.17,11.58,217363536.0,189011.64
11.56,11.85,11.450000000000001,11.71,159012144.0,135688.43
11.69,11.97,11.67,11.9,221343888.0,187026.0
11.950000000000001,11.97,11.78,11.83,161577120.0,136080.04
11.78,12.05,11.75,12.0,135890784.0,114610.56
11.99,12.200000000000001,11.97,12.19,382497056.0,315504.07
11.49,11.49,10.97,11.01,431466016.0,391081.34
10.9,11.08,10.76,10.84,154828496.0,142287.01
10.84,11.05,10.84,11.01,103301048.0,94053.69
11.01,11.1,10.61,10.64,141504880.0,131764.0
10.64,10.82,10.58,10.75,128280960.0,119831.88
10.75,11.040000000000001,10.700000000000001,10.84,151633360.0,139329.65
10.86,10.92,10.75,10.77,107951152.0,99733.17
10.75,10.93,10.53,10.86,198599024.0,185134.54
10.06,10.66,9.8,10.21,1440361984.0,1410868.76
10.200000000000001,10.28,9.72,10.08,953713088.0,961229.5800000001
10.06,10.290000000000001,9.77,10.040000000000001,598558400.0,599343.0
10.05,10.24,9.950000000000001,10.15,423601504.0,418708.8
10.1,10.11,9.8,9.96,274454624.0,276241.54
9.94,10.16,9.85,10.09,385374464.0,383716.68
10.06,10.09,9.83,9.870000000000001,392515456.0,395596.85000000003
9.81,9.82,9.46,9.51,301907072.0,314318.33
9.51,10.26,9.51,10.0,630375104.0,632652.36
9.950000000000001,10.08,9.81,9.950000000000001,212250208.0,212902.57
9.950000000000001,10.33,9.94,10.22,388038272.0,380975.32
10.23,10.31,10.05,10.23,234922176.0,230727.05000000002
10.200000000000001,10.3,9.94,9.97,231921360.0,230889.39
10.0,10.370000000000001,9.93,10.17,381494336.0,373009.10000000003
10.18,10.23,9.950000000000001,10.0,218102928.0,217844.21
9.98,9.98,9.67,9.92,204968448.0,209458.91
9.9,9.97,9.75,9.790000000000001,138501296.0,141114.0
9.700000000000001,9.72,9.07,9.08,285499584.0,304841.24
9.01,9.05,8.700000000000001,8.950000000000001,255188032.0,288277.9
8.94,9.0,8.72,8.75,117501560.0,132808.8
8.700000000000001,9.13,8.58,9.07,181273632.0,202028.63
9.0,9.08,8.84,8.89,112568320.0,125754.93000000001
8.82,8.86,8.67,8.72,73656976.0,84452.73
8.8,9.34,8.790000000000001,9.3,186907776.0,204100.89
9.1,9.290000000000001,9.03,9.21,158722800.0,173390.98
9.200000000000001,9.53,9.1,9.49,158916672.0,169112.71
9.450000000000001,9.51,9.290000000000001,9.4,148502496.0,158045.27
9.3,9.73,9.3,9.59,153058448.0,158972.6
9.58,9.88,9.52,9.82,203519280.0,208560.39
9.82,10.02,9.81,10.0,168421552.0,169144.69
10.0,10.03,9.75,9.8,94305736.0,96022.94
9.77,9.86,9.71,9.74,48066544.0,49229.55
9.71,10.05,9.71,9.88,140094816.0,141378.42
9.950000000000001,10.040000000000001,9.85,9.91,127079248.0,128073.7
9.93,10.31,9.9,10.3,316881536.0,312132.76
10.3,10.33,10.0,10.13,197098688.0,193953.42
10.1,10.13,9.65,9.67,152822160.0,156091.47
9.68,9.81,9.65,9.73,86035416.0,88327.85
9.76,9.790000000000001,9.51,9.540000000000001,143123584.0,149146.48
9.78,9.8,9.6,9.67,127925912.0,132549.21
9.71,9.78,9.6,9.76,109320168.0,112482.88
9.76,9.85,9.700000000000001,9.71,111085760.0,113622.04000000001
9.66,9.66,9.19,9.28,171802096.0,183043.98
9.25,9.55,9.19,9.36,114498688.0,121877.52
9.3,9.42,9.24,9.36,52357016.0,56235.36
9.36,9.38,9.26,9.35,39236372.0,42156.1
9.34,9.34,9.200000000000001,9.23,49774080.0,53704.69
9.26,9.32,9.23,9.27,41202572.0,44412.53
9.28,9.540000000000001,9.25,9.39,74979888.0,79772.84
9.200000000000001,9.57,9.1,9.450000000000001,59374432.0,63126.48
9.450000000000001,9.5,9.290000000000001,9.31,82844016.0,87951.41
9.35,9.4,9.22,9.31,67096544.0,72079.59
9.26,9.450000000000001,9.14,9.19,66774156.0,72128.1
9.200000000000001,9.24,8.99,9.06,82472512.0,90943.81
9.02,9.02,8.78,8.8,86585360.0,97491.17
8.8,8.9,8.74,8.76,61438528.0,70031.91
8.75,8.84,8.6,8.700000000000001,72844216.0,83698.25
8.75,8.92,8.700000000000001,8.870000000000001,49219344.0,55911.020000000004
8.9,9.0,8.8,8.83,71052696.0,79796.02
8.8,9.06,8.74,8.88,55051544.0,61617.58
8.88,9.16,8.88,9.11,55606188.0,61541.0
9.120000000000001,9.23,9.0,9.0,63010688.0,68864.61
9.01,9.24,9.01,9.21,82266352.0,89430.26
9.200000000000001,9.27,9.18,9.26,48970172.0,53025.04
9.26,9.450000000000001,9.18,9.23,79422880.0,85319.82
9.22,9.42,9.15,9.4,53909100.0,57967.130000000005
9.44,9.66,9.38,9.52,164781440.0,172723.08000000002
9.5,9.5,9.3,9.34,48965456.0,52174.1
9.28,9.46,9.28,9.290000000000001,39386924.0,42026.05
9.09,9.44,8.96,9.4,58718216.0,63632.880000000005
9.34,9.71,9.34,9.58,129935496.0,135008.66
9.58,9.8,9.58,9.67,137601072.0,141390.08000000002
9.67,9.72,9.52,9.68,81807112.0,84978.81
9.700000000000001,9.72,9.55,9.59,86474048.0,89796.17
9.61,10.05,9.540000000000001,9.91,313637792.0,317750.66000000003
9.9,10.06,9.72,9.77,210369520.0,212149.17
9.74,9.8,9.61,9.74,74261704.0,76477.23
9.75,10.0,9.75,9.83,180512784.0,182475.37
9.81,9.82,9.5,9.6,112122256.0,116364.86
9.61,9.82,9.6,9.74,80723488.0,83087.82
9.76,10.02,9.76,9.89,347027712.0,348565.63
9.96,10.03,9.870000000000001,10.03,189559664.0,189898.98
10.02,10.27,10.02,10.05,222454832.0,219141.98
10.1,10.26,9.96,10.25,212700528.0,208662.14
10.24,10.61,10.23,10.6,389534624.0,371181.03
10.58,10.68,10.48,10.5,261186352.0,246887.0
10.5,10.89,10.48,10.57,238950720.0,222988.85
10.58,10.82,10.33,10.46,204838880.0,194887.91
10.49,10.69,10.39,10.47,210634144.0,200071.74
10.46,10.52,10.05,10.25,298177344.0,291506.12
10.24,10.55,10.21,10.39,184255760.0,176516.98
10.38,10.66,10.36,10.61,220216896.0,209078.18
10.63,10.94,10.63,10.89,316031712.0,291200.47000000003
10.96,11.1,10.58,10.64,470402944.0,431612.7
10.59,10.67,10.19,10.34,294081216.0,283908.52
10.32,10.33,10.08,10.15,247257680.0,242769.34
10.15,10.42,10.14,10.4,108499376.0,105694.17
10.4,10.53,10.33,10.46,129735648.0,124172.45
10.540000000000001,10.64,10.49,10.620000000000001,136410592.0,128800.46
10.88,11.68,10.88,11.68,624985472.0,553132.95
11.6,12.040000000000001,11.52,11.8,559590784.0,470710.48
11.790000000000001,12.05,11.67,11.97,202408752.0,170816.63
11.97,12.5,11.92,12.120000000000001,308713600.0,251663.0
12.06,12.57,11.97,12.18,229889360.0,186803.47
12.200000000000001,12.58,12.15,12.4,261088576.0,210501.26
12.370000000000001,12.370000000000001,11.92,12.05,241956048.0,200691.53
12.030000000000001,12.92,11.950000000000001,12.91,285080864.0,228332.93
12.88,12.96,12.69,12.950000000000001,207289696.0,161603.61000000002
12.88,13.38,12.81,13.15,302716064.0,229656.76
13.01,13.35,12.700000000000001,12.76,231064352.0,177183.01
12.72,13.13,12.72,13.120000000000001,177477312.0,136764.87
13.16,13.98,13.16,13.790000000000001,423501760.0,309020.58
13.700000000000001,14.08,13.47,14.02,271461248.0,196528.9
13.950000000000001,14.5,13.700000000000001,13.72,374728224.0,265184.56
13.61,13.69,13.22,13.4,220809456.0,164295.75
13.4,14.08,13.4,13.98,169324976.0,122869.42
13.98,13.98,13.44,13.83,253634640.0,185817.29
13.790000000000001,13.790000000000001,13.13,13.33,221850560.0,166603.36000000002
13.3,13.76,13.3,13.58,228929568.0,168606.77
13.370000000000001,13.75,13.34,13.58,203036704.0,149859.09
13.67,14.450000000000001,13.67,14.370000000000001,330841856.0,236377.66
14.25,14.26,13.85,13.98,168779456.0,119900.93000000001
13.950000000000001,14.98,13.9,14.73,322082944.0,220868.2
14.700000000000001,15.75,14.66,15.16,564043776.0,369421.13
15.030000000000001,15.6,14.36,14.42,453618944.0,304538.77
14.6,15.15,14.43,14.99,367146048.0,247355.46
15.0,15.3,14.72,15.23,415689408.0,277139.74
15.9,16.740000000000002,15.36,16.4,704560896.0,441712.26
16.39,16.93,16.3,16.55,295932896.0,178777.54
16.4,16.46,15.73,16.05,266556848.0,166070.7
15.790000000000001,15.96,15.200000000000001,15.55,272731776.0,174352.54
15.49,16.0,15.450000000000001,15.85,213859056.0,135768.86000000002
15.4,16.12,15.23,15.93,231550272.0,146217.64
15.8,16.85,15.780000000000001,16.830000000000002,499665472.0,305308.45
16.87,17.1,16.3,16.54,367712704.0,220679.07
16.45,17.3,16.36,17.18,493862656.0,290350.3
17.21,18.0,17.11,17.28,411883648.0,235474.92
17.2,17.77,16.38,17.0,399219744.0,235043.52000000002
16.94,17.77,16.92,17.07,457410976.0,261700.88
16.7,17.2,16.3,16.37,371413312.0,221258.94
16.12,16.96,16.12,16.93,345346592.0,208372.33000000002
16.990000000000002,17.650000000000002,16.73,17.28,299654400.0,174007.93
17.400000000000002,17.5,16.79,16.98,437861344.0,255511.84
17.27,17.5,16.5,16.86,268312208.0,158181.92
17.0,17.68,16.8,17.650000000000002,388434880.0,224875.99
17.8,18.2,17.68,18.02,430200032.0,239408.57
18.02,18.3,17.48,17.79,328622816.0,184245.02
17.5,17.8,17.25,17.6,294361152.0,167692.86000000002
17.6,17.8,17.12,17.2,387990464.0,221739.95
17.080000000000002,17.59,16.96,17.39,368453504.0,212802.95
17.6,18.67,17.55,18.36,600668672.0,329430.83
18.3,18.7,17.900000000000002,18.14,406350048.0,222235.75
18.2,19.38,18.0,19.37,375930240.0,199181.32
19.46,21.22,19.400000000000002,20.17,538674496.0,266290.82
20.330000000000002,21.53,20.32,21.31,590078208.0,281221.05
21.650000000000002,23.44,19.96,21.46,1140841344.0,508894.23000000004
21.46,21.46,19.52,20.830000000000002,731193728.0,357055.86
20.8,21.68,20.61,21.25,536486656.0,254888.76
21.03,22.900000000000002,21.0,22.79,727041408.0,329619.46
22.830000000000002,24.28,22.830000000000002,23.63,835770432.0,352768.36
23.5,24.330000000000002,22.52,23.22,539765632.0,228859.31
22.900000000000002,23.37,22.2,22.6,530396032.0,232148.39
22.92,24.0,22.71,23.95,531447008.0,228228.83000000002
24.01,24.45,23.2,23.78,482029088.0,201941.84
23.85,24.01,22.54,22.94,675729792.0,292171.35000000003
22.7,23.01,20.650000000000002,21.39,757789632.0,353450.06
21.5,22.3,21.5,21.82,648033856.0,296651.78
22.5,23.1,21.95,22.59,951104448.0,421726.02
22.88,24.85,22.32,24.85,1153187712.0,491351.74
24.91,25.990000000000002,24.11,24.7,888134784.0,352938.36
24.3,25.5,23.81,24.37,712294848.0,286075.94
24.05,26.810000000000002,23.8,26.580000000000002,923308224.0,371711.43
26.400000000000002,27.8,25.97,27.19,1004420864.0,374505.98
27.0,28.330000000000002,25.8,26.330000000000002,1058672448.0,388508.5
26.28,26.28,23.7,24.990000000000002,706809088.0,281169.84
24.400000000000002,25.16,24.2,24.59,433256864.0,175139.26
24.650000000000002,24.97,22.330000000000002,23.0,469396320.0,199089.88
22.650000000000002,23.1,21.52,21.7,602569856.0,272386.56
21.68,23.44,20.59,23.17,1106462208.0,519050.83
22.88,24.5,22.82,24.0,955208128.0,401711.46
23.95,24.14,23.01,23.52,394562656.0,167338.08000000002
23.3,23.63,22.5,22.54,371689952.0,161641.96
22.900000000000002,24.2,22.6,24.14,344341824.0,145917.61000000002
24.29,25.28,24.09,24.63,269236672.0,109158.82
24.8,25.580000000000002,24.48,25.04,329045312.0,130270.03
25.41,26.14,25.3,25.62,347162432.0,135386.72
25.66,26.150000000000002,25.25,25.490000000000002,577652800.0,224284.37
25.26,25.26,23.91,24.26,618668352.0,254432.0
24.240000000000002,24.400000000000002,21.830000000000002,21.85,888689664.0,389475.14
21.38,22.48,21.18,22.32,723169216.0,332595.04
22.52,22.82,21.61,21.87,519813952.0,234793.44
21.89,22.19,21.43,21.95,519961440.0,238130.51
21.7,22.38,21.2,21.650000000000002,391029632.0,180286.59
21.8,23.82,21.79,23.6,1258243328.0,545484.08
23.27,24.64,23.02,23.900000000000002,806532032.0,339337.59
23.900000000000002,24.28,23.41,24.150000000000002,297040416.0,123813.72
24.29,25.18,24.25,24.82,755063680.0,305023.67
24.8,24.810000000000002,23.69,24.0,456775552.0,189583.75
24.0,24.0,23.31,23.61,261747680.0,111121.01000000001
23.01,23.22,22.51,22.91,513659008.0,224636.11000000002
23.11,24.2,23.1,24.11,481691584.0,204241.23
24.400000000000002,24.580000000000002,22.88,23.11,375527424.0,159515.67
22.61,25.42,22.55,25.37,1296068992.0,520669.22000000003
25.19,25.42,24.650000000000002,25.03,584530624.0,233309.89
25.05,26.5,25.03,26.17,1165559168.0,448858.88
26.37,26.63,25.8,26.28,916545920.0,350928.14
26.35,26.6,25.11,25.76,701313536.0,269492.83
25.0,26.14,24.8,25.830000000000002,544772416.0,214000.2
25.85,25.85,25.01,25.310000000000002,369905280.0,145782.29
25.21,26.3,24.900000000000002,25.94,742866944.0,287432.62
26.07,28.32,25.900000000000002,26.69,1201515136.0,443594.05
26.21,27.0,26.18,26.72,404854208.0,151772.31
26.900000000000002,28.3,26.7,28.04,600207936.0,217708.7
28.1,28.42,27.8,27.990000000000002,604051776.0,215339.12
27.89,29.0,27.8,28.48,447646304.0,157604.25
28.5,29.8,28.5,29.09,669339968.0,229585.03
28.64,29.150000000000002,27.900000000000002,28.25,512347680.0,180050.75
28.25,29.5,27.900000000000002,28.6,408229248.0,142710.56
28.55,29.330000000000002,28.35,29.29,752679680.0,260172.7
29.3,31.26,29.3,30.55,771762688.0,251636.4
30.5,30.990000000000002,29.88,30.04,522299136.0,171992.63
30.09,30.38,29.5,29.84,468053888.0,156220.5
29.6,31.34,29.17,30.7,467046400.0,154579.89
30.89,30.990000000000002,28.88,29.84,509842880.0,171079.81
29.830000000000002,29.830000000000002,28.48,28.810000000000002,702824640.0,243834.68
28.810000000000002,29.0,26.400000000000002,27.03,728938048.0,261148.51
27.35,28.19,27.1,27.95,587467712.0,211064.49
27.96,28.66,27.6,28.6,866601536.0,308397.0
28.71,28.8,27.75,27.94,574588416.0,204340.0
27.85,30.1,27.11,28.82,785730880.0,273236.54
29.150000000000002,29.45,28.0,28.38,680260544.0,239525.62
28.45,28.59,27.150000000000002,27.490000000000002,992321472.0,360345.78
27.2,27.52,26.6,26.900000000000002,1032084096.0,382333.96
27.66,28.41,27.25,28.13,928821952.0,333968.21
27.8,29.03,27.35,28.89,1393245056.0,492097.78
28.94,30.45,28.8,29.29,1495535232.0,502662.25
28.900000000000002,29.57,28.16,29.29,1035437952.0,360526.75
28.78,30.12,28.5,29.26,2978927360.0,1007489.51
29.0,29.3,26.990000000000002,27.07,1630495104.0,582898.12
27.02,27.85,26.990000000000002,27.36,1025414784.0,374642.94
27.400000000000002,28.3,27.27,27.94,1246494336.0,448783.25
27.990000000000002,28.150000000000002,27.48,27.740000000000002,736407488.0,263810.01
27.01,27.8,27.0,27.55,1201268608.0,438435.32
27.5,28.1,27.400000000000002,27.7,1230950912.0,443952.49
28.0,29.5,27.96,29.11,2319589632.0,801706.41
29.0,30.85,28.82,29.44,1554968576.0,518264.83
29.8,30.2,29.47,29.650000000000002,900981760.0,301058.10000000003
29.650000000000002,30.060000000000002,29.5,29.72,790065088.0,265231.01
27.5,31.240000000000002,27.5,30.69,2285771520.0,756721.76
31.3,33.76,31.28,33.76,2137174016.0,649701.39
33.69,35.660000000000004,33.0,33.01,1628216192.0,471051.49
33.76,33.99,31.0,32.44,921965312.0,282444.45
31.900000000000002,33.0,29.2,32.79,1032631552.0,329276.34
31.900000000000002,32.86,31.0,32.27,756290880.0,236677.84
32.410000000000004,34.0,32.160000000000004,32.730000000000004,845447232.0,255289.32
32.7,32.7,31.18,31.6,862057728.0,272817.88
31.6,32.95,30.7,32.32,1250200064.0,398197.54000000004
31.900000000000002,32.57,31.0,32.39,987881344.0,310928.44
32.3,34.300000000000004,32.3,33.63,1271766528.0,378746.84
33.21,34.78,32.35,34.19,1152513024.0,340053.04
33.51,36.83,33.5,35.910000000000004,1527175424.0,427098.68
36.4,38.230000000000004,36.4,36.99,1681089792.0,447069.72000000003
36.550000000000004,38.1,36.300000000000004,36.97,844027776.0,225558.88
36.97,36.97,35.2,35.31,520952736.0,144516.76
35.2,37.160000000000004,35.19,36.4,850195392.0,235682.2
36.4,38.5,35.85,37.39,835928064.0,223016.78
37.32,39.15,37.31,37.87,1363149312.0,353977.45
37.4,38.0,35.9,37.19,738655744.0,199878.68
37.19,38.800000000000004,36.61,38.65,766207360.0,202848.61000000002
38.71,39.5,37.39,37.59,492407712.0,128204.93000000001
36.800000000000004,38.050000000000004,36.18,36.59,608470528.0,165049.62
36.2,36.5,34.34,35.480000000000004,583619328.0,164983.23
35.480000000000004,36.32,34.5,35.89,344585952.0,96484.66
35.95,36.2,34.1,34.28,379273280.0,109049.51000000001
33.71,34.4,33.33,33.55,230506496.0,68323.9
33.15,34.7,32.52,34.64,353114944.0,105948.53
34.71,36.2,34.0,35.63,441856864.0,126299.36
35.730000000000004,37.34,35.730000000000004,36.160000000000004,483763456.0,131907.25
35.980000000000004,36.85,35.6,36.45,361046336.0,99966.38
36.65,37.32,36.15,37.300000000000004,439049312.0,118566.32
37.300000000000004,37.300000000000004,35.9,36.44,154553872.0,42550.87
36.68,36.68,34.800000000000004,34.89,187154304.0,52769.87
34.660000000000004,36.72,34.300000000000004,36.33,408278048.0,115114.07
36.14,38.2,36.11,36.58,1046802112.0,280916.73
36.25,37.800000000000004,36.25,37.38,549218048.0,147843.55000000002
37.56,41.12,37.38,41.07,1857477760.0,471575.15
41.4,42.800000000000004,41.15,41.68,1059717952.0,253212.22
41.75,42.5,40.550000000000004,41.83,779881152.0,187912.74
42.0,43.0,41.83,42.300000000000004,506574560.0,119484.57
42.300000000000004,42.35,41.13,41.38,555125184.0,133738.61000000002
41.0,41.0,39.82,40.47,659186176.0,163585.51
40.300000000000004,41.300000000000004,39.9,41.0,682262464.0,167418.24
40.7,41.1,39.5,40.25,854468864.0,212695.36000000002
40.550000000000004,42.19,40.0,40.39,893684288.0,216849.84
40.7,42.27,40.7,41.81,745423616.0,178893.07
42.11,44.58,42.11,44.230000000000004,1191030528.0,272466.98
44.6,46.17,43.300000000000004,45.04,687913856.0,153587.31
45.0,45.45,43.95,44.09,673636736.0,151665.48
43.42,45.480000000000004,43.0,44.0,845227648.0,189407.21
43.800000000000004,46.08,43.800000000000004,45.2,762811456.0,168625.17
45.22,45.7,43.51,44.59,649342208.0,146096.19
44.56,46.0,40.14,44.0,1124867200.0,251801.95
43.5,46.11,43.01,45.480000000000004,1213264512.0,270155.12
45.5,46.5,44.88,45.95,654710400.0,143584.9
45.69,46.02,43.9,44.27,473064352.0,105203.51000000001
43.83,44.7,41.800000000000004,42.04,1045747456.0,242393.21
43.14,45.050000000000004,43.14,44.96,844140352.0,189499.98
45.1,47.4,44.980000000000004,46.9,1087791360.0,236165.47
46.01,50.09,46.01,49.39,1380210560.0,281288.07
49.39,51.0,48.25,49.95,1177694848.0,239773.11000000002
49.85,53.25,49.5,52.68,1522120320.0,293155.17
52.68,54.28,51.5,52.01,1115212672.0,210760.67
52.0,53.39,50.980000000000004,52.0,932699264.0,178001.53
52.0,53.35,51.5,51.88,640748800.0,122212.43000000001
52.480000000000004,53.83,52.480000000000004,52.96,671902528.0,126702.24
53.0,55.1,52.9,55.0,877873856.0,162347.27
55.38,57.9,55.38,56.04,964030784.0,171063.17
56.0,56.5,53.4,54.370000000000005,1023684672.0,187613.54
54.0,54.4,52.5,53.19,616621760.0,115662.02
53.38,54.7,52.2,53.25,1086269568.0,203688.76
52.2,53.83,50.9,51.910000000000004,600798464.0,114633.06
51.0,53.65,50.18,53.19,565722048.0,107625.26000000001
53.13,54.1,50.480000000000004,50.95,582538624.0,111278.76000000001
50.14,51.79,49.300000000000004,49.76,738440256.0,147140.94
50.29,51.75,49.7,50.910000000000004,719145536.0,140833.97
51.02,52.18,50.050000000000004,50.910000000000004,792713792.0,154546.92
51.4,52.65,51.26,51.56,1523956992.0,293775.60000000003
51.97,52.28,49.300000000000004,49.9,634541696.0,126994.43000000001
49.65,51.1,48.95,49.52,393273696.0,78875.61
49.910000000000004,51.08,49.1,49.74,584244608.0,116792.99
49.71,50.300000000000004,47.7,48.980000000000004,885289728.0,183068.96
49.0,50.25,48.82,50.2,833761472.0,167215.79
50.53,51.0,49.160000000000004,49.72,404894880.0,81275.88
49.2,50.92,48.58,48.71,1053049344.0,209936.01
48.620000000000005,50.6,48.620000000000005,50.4,962812672.0,191963.01
51.17,52.79,50.550000000000004,52.5,909139072.0,176109.1
53.64,56.15,53.2,55.1,1058083328.0,193186.95
55.1,56.01,53.51,54.980000000000004,479151488.0,86597.77
55.0,56.88,53.71,54.13,626077760.0,112873.25
54.26,56.15,54.26,55.97,1276419840.0,230665.45
55.99,57.38,51.5,54.99,798876288.0,144462.51
55.0,56.1,52.5,53.96,986766528.0,180019.44
54.01,56.1,54.01,55.07,1022340992.0,184583.13
54.910000000000004,57.1,53.51,54.730000000000004,1618539776.0,290389.86
54.6,54.730000000000004,51.5,51.65,733317440.0,139783.26
52.18,52.83,50.11,51.21,751472640.0,145477.65
50.88,52.32,49.46,52.0,587169600.0,114648.6
51.88,53.5,51.550000000000004,52.59,861660864.0,163961.22
53.1,56.300000000000004,52.52,54.97,910689536.0,166058.23
54.69,56.4,54.4,55.07,798588736.0,143873.44
54.800000000000004,58.5,54.0,58.07,1067796224.0,185884.47
57.550000000000004,60.910000000000004,57.1,58.050000000000004,977300224.0,165028.01
58.06,58.7,56.7,57.75,677787264.0,117980.13
58.85,59.29,56.300000000000004,58.79,888058752.0,155240.24
58.2,60.08,57.550000000000004,59.68,521822272.0,88095.28
58.95,59.79,56.7,57.870000000000005,317960352.0,54718.75
56.800000000000004,57.800000000000004,54.82,54.910000000000004,396680224.0,70403.6
54.64,55.5,54.0,54.2,447091200.0,81725.78
54.5,55.800000000000004,54.120000000000005,55.68,325132928.0,59333.29
55.7,55.7,52.32,52.93,555462912.0,102388.7
52.4,54.370000000000005,52.31,53.68,688680448.0,129116.09
52.43,55.78,52.43,55.44,1205325824.0,221986.82
55.97,56.370000000000005,52.0,52.88,348052800.0,64179.92
53.2,54.25,51.7,53.910000000000004,560339776.0,105653.37
53.85,55.99,53.5,54.78,407939680.0,74625.01
54.0,54.78,52.5,52.86,242119904.0,45467.13
52.660000000000004,53.300000000000004,50.26,50.800000000000004,460773696.0,90253.46
50.5,51.0,48.800000000000004,50.28,550584832.0,110773.76000000001
50.410000000000004,52.09,49.19,49.36,418880320.0,82684.85
49.0,49.33,46.4,46.92,632840512.0,131900.65
46.5,48.1,46.5,48.0,258000272.0,54252.15
48.56,50.0,47.6,47.82,523872704.0,106790.48
47.69,48.5,47.0,47.69,145281216.0,30358.98
48.03,48.660000000000004,47.56,47.96,139229728.0,28991.21
48.88,52.08,48.5,51.71,668233280.0,133525.05
51.800000000000004,52.2,50.49,51.89,545344448.0,105728.37
51.36,54.51,51.120000000000005,53.660000000000004,604925248.0,112701.7
53.69,54.65,52.7,53.17,323908608.0,60119.33
53.0,54.25,52.95,53.96,304709632.0,56509.15
54.050000000000004,55.980000000000004,53.35,55.77,576047936.0,104178.11
55.800000000000004,56.1,55.0,55.6,269477024.0,48584.39
54.11,54.42,53.31,54.26,895458112.0,165826.7
54.300000000000004,54.7,51.9,53.06,709026304.0,133996.86000000002
52.24,52.24,49.18,49.93,1416598912.0,283445.62
49.120000000000005,50.230000000000004,48.38,48.47,972684480.0,197452.79
48.03,49.5,47.71,49.47,783049472.0,160676.95
48.99,48.99,45.9,46.51,829349440.0,175296.59
46.25,47.5,45.5,46.02,514131936.0,110979.13
46.51,47.800000000000004,46.46,47.37,354723712.0,75296.88
47.9,50.1,47.5,49.410000000000004,483544384.0,98929.2
49.1,50.46,48.77,49.13,765534528.0,154450.88
49.61,50.35,49.15,50.07,681755904.0,136832.23
50.2,50.800000000000004,49.79,50.24,686450048.0,136292.72
50.27,51.04,49.5,50.09,838427008.0,166403.49
50.02,51.6,49.45,51.57,1266810752.0,251087.80000000002
51.5,53.15,51.21,52.800000000000004,806731136.0,153609.6
53.0,55.050000000000004,51.81,53.550000000000004,709842240.0,131583.9
53.0,53.550000000000004,49.58,50.870000000000005,1065804736.0,211346.56
50.95,53.61,50.02,53.01,729358848.0,139249.67
52.78,56.45,52.68,55.99,1268890624.0,228043.01
56.2,57.19,56.0,56.39,915188672.0,161255.31
56.39,57.5,55.5,56.86,583029056.0,102510.92
57.08,57.88,56.5,56.96,1247290752.0,217966.25
56.9,61.97,56.9,61.59,1375414656.0,231544.21
61.0,61.39,59.0,59.19,862987456.0,142918.39
59.68,61.13,58.88,59.14,970708416.0,161221.52
58.1,58.5,54.300000000000004,55.82,991515840.0,175253.43
55.01,57.28,53.800000000000004,56.47,602747392.0,108674.62
55.980000000000004,57.56,55.4,57.050000000000004,472590912.0,83246.02
56.9,56.9,54.0,54.06,420300224.0,76277.79000000001
52.0,54.5,48.65,50.0,1223597312.0,237330.67
51.2,52.94,50.6,52.21,740609920.0,142448.78
52.800000000000004,53.08,49.99,51.46,564173184.0,109841.1
51.0,54.28,49.21,53.2,1165320960.0,224257.69
52.5,52.5,49.65,50.59,365474368.0,71825.51
51.15,52.28,48.6,50.39,285539840.0,57172.12
50.4,50.7,45.800000000000004,47.730000000000004,714334656.0,148542.95
46.800000000000004,48.2,44.800000000000004,46.0,596205120.0,128975.49
46.0,47.68,44.85,47.230000000000004,559155392.0,120039.76000000001
49.0,51.95,49.0,51.95,977358656.0,190051.82
52.4,52.5,50.9,51.4,587607680.0,113230.15000000001
50.0,50.800000000000004,48.86,48.980000000000004,443588960.0,88990.28
49.78,51.15,49.67,50.03,331286304.0,65639.31
49.88,49.88,48.300000000000004,48.82,192992960.0,39435.16
49.81,51.2,49.1,50.22,279580512.0,55581.590000000004
50.26,51.2,48.800000000000004,51.09,777031936.0,156283.43
50.5,50.5,45.980000000000004,45.980000000000004,3410120704.0,733089.26
42.1,44.62,41.5,43.230000000000004,1846184064.0,427392.07
42.9,42.9,39.97,39.980000000000004,1130322816.0,278454.13
39.71,39.800000000000004,38.25,39.0,744063296.0,191011.35
40.480000000000004,41.800000000000004,39.45,40.49,963411456.0,238235.49
40.38,42.12,38.800000000000004,40.62,1156693888.0,281057.88
39.480000000000004,41.63,39.21,40.89,617630592.0,150331.98
41.01,42.300000000000004,41.0,42.13,731488384.0,174202.74
41.65,43.050000000000004,40.78,42.83,556559296.0,131700.95
42.85,43.0,38.9,38.980000000000004,1435410688.0,356841.26
39.5,40.0,38.65,39.15,499536352.0,127747.90000000001
39.68,41.910000000000004,38.75,40.1,727514560.0,179860.55000000002
39.1,40.58,39.050000000000004,39.44,487881984.0,122712.03
39.18,39.18,36.36,36.46,825233280.0,222600.21
36.28,36.5,34.980000000000004,35.45,728441536.0,204876.62
36.550000000000004,36.78,33.0,33.3,939993088.0,273057.21
32.980000000000004,34.1,32.53,33.77,774252736.0,231674.34
33.74,33.85,31.84,32.44,755689984.0,232352.57
32.25,33.78,31.62,32.62,539342208.0,164829.47
32.38,33.8,31.68,32.58,604354176.0,184439.85
31.02,35.17,30.01,34.7,1008474368.0,300570.48
34.6,35.5,33.69,34.28,884179904.0,255930.16
34.65,34.79,30.85,30.85,1084888320.0,337216.87
30.310000000000002,32.1,29.63,31.43,767197696.0,249857.7
31.89,33.5,31.89,33.04,1200624896.0,365397.59
32.3,33.97,31.82,33.26,728532032.0,219029.48
33.0,36.06,32.65,35.82,1397976192.0,400005.06
34.58,36.58,34.21,35.4,981216320.0,275567.71
35.02,36.550000000000004,33.3,35.35,882249664.0,250548.03
36.04,37.85,35.61,36.300000000000004,1543919616.0,419024.26
35.99,36.57,34.75,36.5,1008372992.0,282785.37
36.0,37.7,35.61,37.480000000000004,1042038272.0,283704.32
37.51,37.550000000000004,36.2,37.33,934158784.0,254120.6
36.7,37.02,34.33,34.43,908449728.0,254974.24000000002
34.46,35.17,33.33,34.410000000000004,606886528.0,177866.63
35.0,35.6,34.42,34.82,594189376.0,169788.79
35.0,35.58,31.91,32.2,1427306368.0,425570.17
32.35,32.7,30.400000000000002,32.08,1093953152.0,349591.71
31.900000000000002,32.55,30.8,31.310000000000002,681823232.0,216460.87
31.400000000000002,32.18,30.0,30.51,628977536.0,203809.39
30.0,31.2,28.91,30.52,628905024.0,208420.37
32.88,32.910000000000004,30.38,31.04,1337972224.0,424904.44
30.3,32.83,29.900000000000002,32.61,925624384.0,293160.94
32.410000000000004,35.44,32.0,35.29,1293308800.0,379089.46
29.68,29.72,28.55,29.72,2271880960.0,775806.27
29.0,30.71,28.6,29.32,1881787008.0,634977.16
28.95,30.12,28.580000000000002,29.23,1319092352.0,447695.94
29.11,30.2,29.1,29.79,1081567744.0,362681.15
30.03,32.6,30.03,32.4,1731231360.0,549837.4
33.12,33.29,31.580000000000002,32.660000000000004,1725122560.0,534179.49
32.0,32.4,31.3,31.650000000000002,1305253120.0,409837.54000000004
31.1,31.75,29.26,29.32,1785242240.0,589670.09
28.900000000000002,29.900000000000002,28.5,29.59,954431808.0,328438.19
29.72,29.900000000000002,27.400000000000002,28.080000000000002,2107942656.0,744492.84
27.5,29.6,27.19,29.28,1392573952.0,494599.63
28.45,29.400000000000002,28.0,28.54,1038729920.0,362927.44
28.61,31.1,28.61,31.03,1894385920.0,634348.24
31.41,31.5,30.0,30.080000000000002,1324529536.0,431169.88
29.990000000000002,31.02,29.900000000000002,30.62,1242080512.0,406147.24
30.490000000000002,30.7,29.8,30.22,544743680.0,180401.05000000002
30.25,30.75,28.48,28.59,1067426240.0,362749.13
28.25,29.1,27.400000000000002,28.580000000000002,1121416576.0,401431.4
28.07,28.27,27.400000000000002,27.7,863372992.0,310808.63
27.7,28.7,27.69,28.26,916403072.0,324731.85000000003
27.95,27.95,27.0,27.26,618435392.0,226836.58000000002
27.25,27.6,26.97,27.27,492952896.0,181118.85
27.3,29.2,27.27,28.560000000000002,1071140224.0,378047.17
28.48,28.63,27.5,27.55,589810944.0,209596.76
27.73,28.44,27.7,28.12,594271616.0,211374.65
27.88,28.88,27.75,28.44,660862144.0,233499.76
28.3,28.900000000000002,28.150000000000002,28.69,764921536.0,268423.72000000003
28.68,28.8,27.69,28.38,561039552.0,199114.65
28.2,29.080000000000002,27.95,28.79,800907904.0,278813.74
28.900000000000002,29.34,28.53,28.61,711076224.0,246107.88
27.0,27.39,25.75,25.75,873652864.0,331905.75
25.23,25.23,24.3,24.73,703161408.0,284254.92
24.48,24.73,23.6,24.13,670453248.0,277865.85
24.01,24.55,23.73,23.87,457348800.0,189984.87
24.01,24.52,23.5,24.0,448650528.0,186131.52
23.96,24.51,23.72,24.09,560910976.0,232869.30000000002
23.96,25.62,23.650000000000002,25.23,687093568.0,276462.5
25.0,25.0,23.0,23.03,463614272.0,192467.54
23.16,25.18,22.45,24.400000000000002,1257703424.0,517290.23000000004
23.830000000000002,24.36,23.5,24.03,281376160.0,117720.85
23.8,24.88,23.8,24.5,379324064.0,155269.48
24.490000000000002,25.25,24.17,24.92,621071808.0,250356.53
24.900000000000002,25.13,24.2,24.53,552332288.0,223900.34
23.650000000000002,23.650000000000002,22.61,22.990000000000002,606077504.0,262442.1
22.6,23.14,21.75,22.0,411929920.0,184726.30000000002
22.2,22.38,19.990000000000002,20.13,796544704.0,387371.15
20.150000000000002,20.27,19.400000000000002,20.2,517966080.0,262192.58
19.7,21.13,19.51,20.42,536161056.0,262910.89
21.29,21.400000000000002,20.6,20.95,795799168.0,378658.53
21.19,22.650000000000002,21.01,22.41,920438592.0,417063.85000000003
22.55,23.09,21.830000000000002,22.39,792203456.0,352263.21
22.75,24.16,22.75,23.44,1372877824.0,582633.6
22.89,24.36,22.8,23.69,1275631744.0,537653.17
23.53,23.78,22.7,23.29,948557952.0,409432.49
22.900000000000002,23.900000000000002,22.85,23.5,431101536.0,184104.58000000002
23.61,23.650000000000002,21.8,21.830000000000002,928392704.0,414415.89
21.3,21.57,20.45,20.81,595697984.0,284804.49
21.36,21.6,20.01,20.42,662589504.0,320048.81
20.8,21.47,20.12,21.3,701372544.0,336102.33
21.01,22.29,20.82,22.13,689909440.0,318405.83
22.0,22.34,21.8,22.01,417880032.0,189682.72
22.36,22.68,21.88,21.900000000000002,561973504.0,251902.58000000002
22.240000000000002,23.76,22.150000000000002,23.69,1171495296.0,509211.71
23.19,24.240000000000002,23.01,23.91,1325762432.0,558695.05
24.2,25.1,23.76,24.05,1006368448.0,410422.19
23.5,23.8,23.01,23.55,567567680.0,242525.86000000002
24.150000000000002,24.25,23.09,23.44,532131136.0,225182.69
23.53,23.54,22.54,22.71,542828288.0,237357.14
22.45,24.2,22.35,23.88,742103360.0,317555.18
23.3,24.240000000000002,23.18,23.29,577669184.0,243368.59
23.900000000000002,24.03,23.1,23.25,738903040.0,312303.60000000003
23.5,23.97,23.27,23.7,525375968.0,222423.63
23.650000000000002,23.95,22.8,23.16,519157728.0,222475.57
23.1,23.21,21.59,21.67,552249728.0,247861.39
21.64,23.3,21.41,21.91,968716096.0,434407.07
21.6,22.0,21.0,21.54,373700064.0,173777.05000000002
21.38,21.490000000000002,20.53,21.27,430696096.0,205573.55000000002
21.29,21.43,20.61,21.11,460302912.0,218217.27000000002
21.11,21.75,20.66,21.26,417388320.0,195891.17
21.26,21.34,20.1,20.12,357971200.0,172972.68
19.900000000000002,20.900000000000002,19.82,20.53,345797856.0,169024.75
20.28,22.580000000000002,20.0,22.580000000000002,1047376256.0,477982.96
22.19,22.66,21.650000000000002,21.92,654886464.0,295406.98
21.8,21.91,20.88,21.23,485019968.0,227929.52000000002
21.3,21.88,20.98,21.25,308258496.0,143767.23
20.8,21.56,20.55,20.75,353652736.0,169777.63
20.68,21.32,20.56,20.990000000000002,359830272.0,171533.42
21.05,21.7,20.900000000000002,21.32,366259872.0,171994.55000000002
21.580000000000002,22.05,21.25,21.97,531356352.0,244062.98
21.650000000000002,21.82,20.580000000000002,20.69,557665600.0,266361.6
20.5,20.78,19.900000000000002,20.07,527748512.0,262089.02000000002
20.07,20.19,18.95,19.19,599960448.0,310174.87
19.150000000000002,19.150000000000002,18.27,18.94,892459584.0,476702.59
18.2,18.490000000000002,17.900000000000002,17.990000000000002,630068992.0,347504.76
18.2,18.28,17.52,17.67,424919136.0,236946.23
17.8,17.94,17.5,17.71,442632928.0,249918.64
17.54,17.85,16.98,17.25,634545856.0,365249.17
17.19,17.2,15.83,15.93,869553472.0,531795.03
15.99,16.3,15.610000000000001,15.93,605042624.0,379490.4
15.0,15.0,14.34,14.34,1154702720.0,802175.72
13.8,14.06,13.0,13.34,1188762624.0,879602.84
12.89,14.450000000000001,12.71,13.870000000000001,1535806208.0,1145038.35
15.26,15.26,15.0,15.26,1030021120.0,675512.29
16.77,16.79,15.59,16.79,3743878912.0,2261011.39
15.8,16.34,15.58,15.66,1720202368.0,1082443.32
15.0,15.38,14.6,15.35,1188978816.0,797896.11
15.23,16.25,15.0,15.68,1609653888.0,1025480.39
15.85,16.080000000000002,15.280000000000001,15.620000000000001,904480768.0,578385.0700000001
15.01,15.030000000000001,14.06,14.06,943340480.0,655418.68
13.33,14.280000000000001,13.31,13.86,718672832.0,519143.7
13.21,13.43,12.58,12.94,1015958912.0,781823.4400000001
13.06,13.3,12.6,12.88,751821888.0,579117.4500000001
12.1,12.71,11.92,12.3,814868928.0,666312.9
12.290000000000001,13.530000000000001,12.18,13.530000000000001,1328693376.0,1022245.62
14.1,14.530000000000001,13.26,13.33,1866200064.0,1325250.06
13.18,13.96,13.0,13.92,940906176.0,692930.8200000001
13.200000000000001,13.57,13.05,13.16,807814144.0,608073.86
13.5,13.55,12.9,13.35,634873408.0,480214.36
13.19,14.14,12.83,14.09,856340032.0,630287.65
14.06,14.25,13.540000000000001,13.58,977753536.0,699503.97
13.34,13.89,13.25,13.27,594125952.0,439721.38
12.86,12.93,12.27,12.91,934170624.0,742029.31
12.8,12.88,12.0,12.14,850574208.0,689113.96
11.81,11.83,11.0,11.01,643374464.0,563251.99
10.81,12.11,10.77,12.1,1239248768.0,1063479.1400000001
12.06,12.43,11.76,11.86,1202704512.0,993835.74
11.89,12.66,11.84,12.17,875403072.0,709452.93
12.21,12.24,11.66,11.74,699822848.0,589091.1900000001
11.6,12.38,11.53,11.950000000000001,572852928.0,475056.35000000003
11.82,12.24,11.6,12.02,470112512.0,393298.43
12.25,13.22,12.200000000000001,12.76,1261515008.0,989550.89
12.280000000000001,12.39,12.02,12.13,654380352.0,536093.35
11.81,13.08,11.73,12.76,996343040.0,791411.86
13.32,14.040000000000001,13.05,14.040000000000001,1824368000.0,1330334.92
13.92,14.27,13.780000000000001,13.82,1367369472.0,977180.51
13.61,14.47,13.61,14.18,1120711936.0,792385.8200000001
13.83,15.09,13.8,14.81,1713709568.0,1192620.43
15.05,15.16,14.6,14.950000000000001,1723044480.0,1156766.92
14.81,15.35,14.700000000000001,15.26,1419697920.0,945645.05
15.17,15.370000000000001,13.73,13.73,1783214336.0,1233210.51
13.8,15.0,13.74,14.76,1284510336.0,893982.9500000001
13.88,14.84,13.44,14.19,1683135104.0,1186877.74
13.98,14.040000000000001,13.25,13.27,868395328.0,642138.5
13.65,13.74,12.86,13.14,641262720.0,482962.04000000004
13.14,13.25,12.75,12.99,605857984.0,467196.68
13.71,13.85,12.88,12.92,1538998400.0,1139802.27
12.65,12.65,11.9,11.99,1359461120.0,1122281.3900000001
11.9,12.3,11.63,12.19,750631872.0,624734.64
11.870000000000001,12.280000000000001,11.69,12.07,872567232.0,728933.84
12.31,12.94,12.23,12.9,1611821824.0,1284943.2
13.24,13.94,13.17,13.36,2556767744.0,1895744.45
13.25,13.700000000000001,13.200000000000001,13.57,1187705856.0,881931.9500000001
13.85,14.81,13.85,14.77,2251423232.0,1574853.61
14.99,15.040000000000001,14.11,14.15,1837286656.0,1269095.99
14.22,15.5,14.22,15.43,2938044672.0,1975458.76
15.05,15.280000000000001,14.71,14.86,2178043904.0,1455962.17
14.61,14.74,13.6,13.88,1578473728.0,1118391.01
14.25,14.370000000000001,13.69,14.030000000000001,1103740800.0,785349.89
13.780000000000001,14.14,13.39,14.040000000000001,859706816.0,626874.4
14.120000000000001,14.26,13.75,13.8,1028516288.0,736395.92
13.81,14.9,13.56,14.83,1743876608.0,1211005.82
14.59,15.05,14.530000000000001,14.67,1558637184.0,1055108.1
14.67,14.68,14.11,14.24,860613824.0,600471.02
14.19,14.19,13.540000000000001,13.66,1102448256.0,798079.29
13.47,13.98,13.41,13.74,754417984.0,549509.2
13.780000000000001,13.86,13.33,13.450000000000001,520967168.0,384168.61
13.450000000000001,13.65,13.26,13.41,554400192.0,411874.59
13.19,13.41,13.0,13.18,594745920.0,453394.0
13.200000000000001,13.49,13.05,13.31,541792000.0,406552.0
13.32,13.5,13.15,13.25,345815712.0,259070.0
13.51,13.77,13.35,13.72,681487680.0,503142.0
13.92,14.6,13.92,14.48,1370233856.0,958496.0
14.48,14.58,14.22,14.290000000000001,890268096.0,618938.0
13.88,13.950000000000001,13.56,13.65,828613056.0,601220.0
13.68,14.16,13.68,14.09,794171648.0,567305.0
14.09,14.64,14.07,14.3,1083342336.0,754046.0
13.92,14.200000000000001,13.8,13.99,733991872.0,524560.0
13.96,15.24,13.88,15.120000000000001,1661788544.0,1130277.0
14.8,15.44,14.700000000000001,15.11,1814321152.0,1198117.0
15.200000000000001,16.1,15.200000000000001,15.620000000000001,1772421120.0,1124420.0
15.85,16.830000000000002,15.83,15.96,1768812544.0,1084712.0
15.92,16.28,15.81,16.2,803139776.0,498246.0
15.860000000000001,16.8,15.780000000000001,16.37,1012624960.0,618324.0
16.45,16.740000000000002,16.03,16.48,663231424.0,404504.0
16.28,16.95,16.28,16.69,868403072.0,521515.0
16.8,16.91,16.23,16.31,721720320.0,438751.0
16.39,16.86,16.28,16.69,860412608.0,519221.0
16.85,17.67,16.8,17.53,1049066688.0,605139.0
17.490000000000002,17.78,16.92,17.11,1086442624.0,624909.0
17.28,17.67,17.0,17.56,1022278336.0,587789.0
18.0,18.06,17.5,17.79,943473152.0,530119.0
17.72,17.85,17.22,17.75,912832128.0,521028.0
17.35,18.22,16.97,17.56,2017942144.0,1157760.0
17.56,17.59,16.6,16.93,1476252160.0,871124.0
16.86,17.47,16.86,17.400000000000002,1278537216.0,744770.0
17.46,18.17,17.46,18.12,1861745792.0,1040640.0
18.13,18.6,17.7,17.77,1754420480.0,964790.0
17.29,17.7,16.87,16.990000000000002,1318493952.0,766888.0
17.150000000000002,17.28,16.38,16.68,1137752448.0,677805.0
16.5,16.87,16.32,16.84,966962240.0,584221.0
16.63,17.92,16.32,17.580000000000002,1693680640.0,982311.0
17.11,17.37,16.37,16.43,1545191040.0,918692.0
16.72,17.650000000000002,16.11,17.09,2095999232.0,1246890.0
16.8,18.150000000000002,16.72,17.21,3828687872.0,2178601.0
17.23,17.990000000000002,16.88,17.78,3387938816.0,1925315.0
17.79,17.88,16.490000000000002,17.62,2430904064.0,1411489.0
16.9,17.41,16.81,16.94,1944988416.0,1144141.0
16.94,18.63,16.88,18.63,2930490624.0,1642202.0
19.12,19.87,18.71,19.19,4232525824.0,2192474.0
18.900000000000002,19.85,18.900000000000002,19.43,2815053312.0,1453233.0
19.6,20.150000000000002,18.35,18.53,2408572928.0,1260164.0
18.3,19.1,17.88,18.93,1457018112.0,796227.0
19.51,19.69,18.41,18.59,1918983168.0,1006778.0
18.25,18.54,17.84,18.28,1095254656.0,605068.0
18.52,18.72,18.06,18.19,1114426496.0,604240.0
17.92,19.09,17.900000000000002,19.0,1331858944.0,713086.0
19.0,19.82,18.81,19.64,1502274048.0,775893.0
19.79,19.85,19.36,19.39,1340374912.0,683754.0
19.38,19.72,19.18,19.7,1255405568.0,643237.0
19.61,19.75,19.04,19.31,1043890688.0,538701.0
19.22,20.31,19.1,20.21,1661182976.0,835330.0
20.88,21.06,20.25,20.48,1699276928.0,823676.0
20.39,21.38,20.2,20.76,1694974592.0,814434.0
21.18,21.8,20.88,21.71,2335545088.0,1092864.0
21.91,22.22,21.61,22.17,2017562880.0,921131.0
22.05,22.3,21.68,22.0,1626681088.0,740878.0
21.44,22.080000000000002,20.900000000000002,21.92,1547138304.0,719119.0
22.05,22.240000000000002,21.7,21.81,1651288064.0,752385.0
21.81,22.14,21.5,21.86,2243128064.0,1022554.0
22.150000000000002,22.8,21.82,22.27,2735631104.0,1229426.0
22.12,22.5,21.68,21.89,1602056960.0,727703.0
21.77,22.11,20.900000000000002,20.94,1593231232.0,744578.0
20.95,22.080000000000002,20.95,22.03,1362918656.0,635012.0
22.51,22.650000000000002,21.900000000000002,22.22,2073465984.0,934388.0
22.400000000000002,22.900000000000002,22.21,22.53,2137304960.0,948714.0
22.45,23.0,22.32,22.740000000000002,1222104960.0,537531.0
22.7,22.88,22.1,22.51,1411442432.0,626551.0
22.5,22.75,21.89,22.46,1614925568.0,719313.0
22.3,22.51,21.900000000000002,22.03,1229313280.0,555098.0
22.1,22.63,22.06,22.54,1062508992.0,474968.0
22.0,22.39,21.6,22.09,1492486016.0,678276.0
22.22,22.740000000000002,21.62,21.68,1863306240.0,837612.0
21.5,21.75,21.25,21.67,947822272.0,439447.0
21.86,22.03,21.35,21.37,827464640.0,381510.0
21.37,21.56,20.5,20.82,838390976.0,400104.0
20.69,21.240000000000002,20.59,21.05,792172928.0,378797.0
21.11,23.16,21.02,23.06,3118392320.0,1383823.0
22.97,23.32,22.8,23.17,2633010944.0,1141161.0
23.27,24.150000000000002,23.150000000000002,23.82,2207129856.0,931559.0
23.95,24.88,23.7,24.490000000000002,2201168128.0,903008.0
24.560000000000002,25.2,24.25,24.6,1841391360.0,744941.0
24.48,25.13,24.240000000000002,24.82,1533006080.0,617527.0
25.11,26.650000000000002,24.810000000000002,24.900000000000002,2202787072.0,855038.0
24.63,25.69,24.580000000000002,25.39,1431153792.0,567918.0
25.45,25.61,25.0,25.310000000000002,1081033472.0,426479.0
24.98,25.080000000000002,24.44,24.82,1156433920.0,466978.0
25.0,25.35,24.92,25.14,846120256.0,336747.0
24.990000000000002,25.2,24.45,25.18,765369664.0,308846.0
25.6,26.18,25.6,25.990000000000002,1432820224.0,552057.0
25.98,26.05,25.5,25.57,749198784.0,290705.0
25.3,25.88,24.7,24.8,1491942400.0,592717.0
24.75,25.19,24.55,24.8,998512256.0,403195.61
24.150000000000002,25.14,24.150000000000002,24.88,1102326656.0,446552.33
24.95,25.07,24.580000000000002,24.61,751916864.0,302949.78
24.75,25.990000000000002,24.75,25.650000000000002,1519242368.0,597699.38
26.05,26.52,25.85,26.45,1541265920.0,587096.25
26.650000000000002,26.72,26.05,26.12,1125332992.0,425842.17
26.310000000000002,28.73,26.310000000000002,28.73,2572877824.0,922295.84
28.85,30.11,28.67,30.060000000000002,2851104512.0,973446.91
30.240000000000002,30.53,29.61,30.28,2052984320.0,682548.13
30.29,31.16,29.6,30.59,2828347904.0,925422.54
21.81,21.94,20.89,21.32,1656098304.0,777988.09
21.28,21.5,20.8,21.0,2238772480.0,1060063.75
21.02,21.31,20.86,21.04,1452124416.0,690166.6900000001
21.02,21.1,20.2,20.43,1528565120.0,742118.0
20.52,21.45,20.400000000000002,21.42,1904819840.0,910192.27
21.13,21.400000000000002,20.75,21.05,1591264000.0,754686.33
21.05,21.240000000000002,20.35,21.16,1545956224.0,743557.65
21.17,21.8,21.0,21.39,2113488640.0,980756.21
21.47,22.05,21.42,21.8,1823444096.0,836110.79
22.16,22.53,22.0,22.14,1953940352.0,878064.28
21.71,23.0,21.56,22.45,2766675712.0,1239293.8
22.2,22.55,21.91,22.35,1634329728.0,736079.73
22.31,22.580000000000002,22.04,22.14,1111448320.0,497881.26
22.2,23.1,22.18,22.98,2151409920.0,945210.11
23.0,23.32,22.85,23.21,1428706816.0,617328.9400000001
23.3,23.35,22.900000000000002,23.02,1219939584.0,528753.51
23.06,24.19,22.92,24.14,1610193664.0,678696.26
24.21,24.990000000000002,24.150000000000002,24.48,1955535360.0,797407.01
24.3,24.96,24.2,24.93,1503249408.0,611581.4400000001
24.95,25.68,24.95,25.400000000000002,1534281216.0,605775.5
25.41,25.41,24.5,24.55,2148024064.0,864292.37
24.2,24.6,23.5,24.310000000000002,2181209856.0,907448.12
24.330000000000002,24.67,23.8,24.45,1719489408.0,709826.64
24.47,24.59,24.0,24.22,1131285248.0,465768.45
23.8,24.18,23.39,23.44,1712218240.0,723047.91
23.57,24.330000000000002,23.57,24.2,1490350336.0,617617.76
24.36,24.75,24.0,24.26,1379454592.0,567402.26
24.560000000000002,25.400000000000002,24.19,25.07,2657860608.0,1066051.25
25.1,25.32,24.76,25.060000000000002,1613150336.0,646984.9
25.13,25.39,24.79,25.29,1713529984.0,682616.72
25.3,25.59,24.8,24.87,1920622464.0,763612.09
24.82,25.38,24.71,25.17,1675794560.0,669984.9500000001
25.25,25.87,25.0,25.55,1891216896.0,741761.02
25.7,25.85,24.900000000000002,25.26,1684536704.0,664963.0700000001
25.46,25.84,25.25,25.69,1584116352.0,618141.31
25.72,26.1,25.3,25.59,1570967808.0,612888.79
25.54,26.580000000000002,23.53,25.01,3116184576.0,1215284.73
25.3,26.95,25.29,26.89,4214284800.0,1608111.9100000001
27.07,27.19,26.41,27.17,2754536704.0,1025235.16
27.35,27.36,26.6,27.1,1967952768.0,730276.68
27.16,27.16,25.95,26.310000000000002,2442891264.0,926483.71
26.1,26.3,25.400000000000002,25.63,2235285760.0,869010.78
25.39,25.900000000000002,24.51,25.18,2170259712.0,867284.5700000001
25.0,25.6,24.68,24.87,1726886400.0,686593.96
25.150000000000002,25.400000000000002,24.0,24.43,1700247168.0,691010.65
24.580000000000002,24.650000000000002,24.0,24.34,1329665280.0,547696.22
24.26,24.400000000000002,23.1,23.12,2002614784.0,847156.15
23.150000000000002,24.0,22.7,23.88,2051132288.0,877931.78
23.88,24.17,23.11,23.54,2080495104.0,879526.38
22.990000000000002,23.67,22.3,22.34,2095610368.0,915819.1
22.01,22.580000000000002,21.650000000000002,22.37,1385374976.0,623947.27
22.400000000000002,22.68,21.0,21.34,1660924288.0,758225.01
21.330000000000002,22.400000000000002,21.1,22.25,1625190144.0,745852.47
22.3,23.25,22.07,22.71,2258578688.0,995275.9500000001
23.0,23.09,22.0,22.34,2337288704.0,1049875.31
22.2,22.2,20.11,20.78,3458589184.0,1655845.75
20.5,21.16,20.1,20.69,2061552512.0,996957.79
20.7,20.95,19.96,20.16,2236463616.0,1097414.8900000001
20.080000000000002,20.39,18.75,19.0,3317998848.0,1728809.6500000001
18.98,18.98,17.76,17.84,2211881472.0,1209632.03
17.76,18.96,17.66,18.54,2203910912.0,1194999.19
18.26,19.330000000000002,18.12,19.27,2676323072.0,1409148.09
19.31,20.32,19.02,20.23,3044588800.0,1544970.92
20.2,20.61,20.0,20.17,2255117056.0,1112600.23
20.32,20.61,19.7,19.94,1894121856.0,935954.76
19.79,20.25,19.400000000000002,20.22,2008612096.0,1011384.6900000001
20.44,20.44,19.79,20.07,2105501184.0,1049950.77
20.09,20.09,19.6,19.740000000000002,1449577344.0,730206.66
19.7,21.580000000000002,19.61,21.53,4253793280.0,2057148.54
21.45,21.740000000000002,21.11,21.62,2998628608.0,1397873.1300000001
21.650000000000002,22.2,21.13,21.79,2771670528.0,1283554.82
21.53,21.68,20.93,21.13,2485919488.0,1168198.18
21.400000000000002,21.79,21.37,21.5,2208005120.0,1025352.89
21.56,21.6,20.31,20.46,2805885184.0,1340641.81
20.0,20.0,19.02,19.85,2747835648.0,1407564.44
19.6,19.85,18.96,19.06,2294693632.0,1183156.77
19.12,19.580000000000002,18.97,19.19,1971656832.0,1023629.4
19.080000000000002,20.43,18.97,20.06,3362454272.0,1706197.05
19.78,20.0,19.19,19.54,1577878784.0,805589.35
19.580000000000002,19.77,19.0,19.1,1129607680.0,584806.0700000001
19.16,19.75,18.96,19.67,1747692160.0,898262.29
19.81,19.95,19.5,19.650000000000002,1930322304.0,977001.49
20.16,21.09,20.0,20.990000000000002,2328282112.0,1131790.3800000001
21.18,21.61,20.7,20.740000000000002,2033611264.0,958486.4
20.57,21.240000000000002,20.52,21.13,1174386048.0,559183.33
21.150000000000002,21.63,21.04,21.29,1854290304.0,868650.35
21.6,21.88,21.28,21.38,1339200256.0,621020.25
21.5,21.67,21.0,21.580000000000002,1477219328.0,694678.23
21.490000000000002,22.48,21.38,22.32,2472281600.0,1122239.24
22.6,22.900000000000002,22.330000000000002,22.81,2551538176.0,1126793.6
22.81,23.09,22.6,22.650000000000002,1903647232.0,834046.34
22.6,22.740000000000002,22.29,22.43,1514075776.0,673021.93
22.45,23.17,22.45,22.92,2064186624.0,899608.05
22.990000000000002,23.150000000000002,22.7,22.830000000000002,1153549312.0,504020.84
22.55,22.830000000000002,21.900000000000002,21.990000000000002,1506577024.0,673936.05
21.88,22.14,21.3,21.830000000000002,1480375424.0,681075.59
21.400000000000002,21.8,21.25,21.57,1995155328.0,924676.76
21.990000000000002,22.34,21.69,21.740000000000002,1430424064.0,651603.6900000001
21.2,23.28,21.080000000000002,22.97,2455792384.0,1097254.87
23.0,23.35,22.900000000000002,23.17,1989414144.0,859253.14
23.11,24.09,23.01,23.67,2295408640.0,972523.67
23.580000000000002,23.900000000000002,23.37,23.55,1240749696.0,525438.22
23.8,24.150000000000002,23.5,23.63,1517065216.0,637507.96
23.6,23.650000000000002,22.95,23.51,1934860672.0,832274.75
23.57,23.900000000000002,23.400000000000002,23.490000000000002,1544796672.0,654086.89
23.39,23.39,23.080000000000002,23.26,1522455808.0,655909.8200000001
23.3,23.580000000000002,22.990000000000002,23.11,1693250944.0,728657.79
23.0,23.45,22.88,23.42,1395073920.0,603707.68
23.6,24.12,23.51,24.01,2347977216.0,984955.6900000001
24.19,24.580000000000002,24.0,24.04,1896710912.0,782706.4400000001
24.060000000000002,24.23,23.85,23.98,1255298816.0,523679.56
24.01,24.14,23.55,23.8,1911155968.0,804450.23
23.650000000000002,23.79,23.18,23.62,2301648128.0,982032.4400000001
23.61,23.64,23.25,23.59,1932067072.0,823708.18
23.76,23.830000000000002,22.95,23.01,3015278848.0,1286593.68
23.1,23.25,22.34,23.18,2557454848.0,1121080.79
23.080000000000002,23.080000000000002,21.900000000000002,21.990000000000002,3036716800.0,1351405.6
21.7,22.17,21.32,21.46,2340513280.0,1085322.71
21.79,22.1,21.5,22.02,2008232704.0,920613.8200000001
21.88,22.18,21.39,22.06,2617442560.0,1201794.06
22.28,22.69,22.06,22.27,2408399360.0,1075805.52
22.23,22.28,21.900000000000002,22.11,1710909824.0,776311.4
22.03,23.3,21.76,23.2,5046217216.0,2223380.91
23.0,23.34,22.89,23.02,2754108416.0,1194397.8900000001
22.900000000000002,22.97,22.28,22.47,2239579392.0,992064.8300000001
22.1,22.36,21.85,21.91,1748618752.0,791864.9500000001
22.080000000000002,22.34,21.900000000000002,22.09,1303738112.0,589193.6
22.13,22.42,21.95,22.11,1196549248.0,539308.8200000001
22.01,22.76,21.45,22.47,2301910016.0,1041664.78
22.34,22.36,21.900000000000002,22.01,1690837376.0,764003.3200000001
21.88,22.28,21.75,21.88,1182517376.0,537261.59
21.94,22.080000000000002,21.38,21.400000000000002,1427880192.0,660254.13
21.2,21.29,20.67,20.73,1714934528.0,819138.51
20.73,21.01,20.42,20.650000000000002,1086313984.0,526524.52
20.76,20.79,20.0,20.01,1345496320.0,663461.66
20.06,20.2,19.8,20.06,1207636096.0,603372.85
20.17,20.72,19.93,20.69,1739342080.0,854723.09
20.5,20.57,20.2,20.35,1391448832.0,682354.43
20.35,20.98,20.35,20.77,1268589696.0,610965.81
20.79,20.96,20.61,20.93,1026943616.0,493787.32
20.98,21.76,20.900000000000002,21.63,2377963520.0,1107758.07
21.73,21.88,21.5,21.69,1371680512.0,632966.49
21.830000000000002,21.87,21.16,21.19,1419984128.0,661913.38
21.41,21.580000000000002,20.79,21.35,2436890880.0,1151479.43
21.29,21.3,20.88,20.93,2034174080.0,967825.75
20.88,21.04,20.3,20.46,1761800960.0,852360.72
20.34,20.8,20.3,20.69,1349532416.0,657076.46
21.6,21.8,20.57,20.69,2456818944.0,1163048.12
20.63,20.97,20.26,20.8,1691919872.0,823511.39
20.25,20.35,19.8,19.830000000000002,2930936832.0,1463996.84
19.87,20.02,19.64,19.97,1535655424.0,773407.71
20.02,20.25,19.72,20.04,1384564608.0,691836.68
19.91,20.29,19.87,20.240000000000002,1408342656.0,699402.18
20.25,20.59,20.21,20.35,1428370688.0,699661.39
20.42,20.53,19.6,19.79,1612704768.0,807765.1
19.88,20.57,19.76,20.47,1888959488.0,934181.86
20.2,21.1,20.01,20.900000000000002,3188523776.0,1544459.76
20.56,20.98,20.42,20.46,1658596992.0,802327.25
20.490000000000002,20.900000000000002,20.17,20.69,1885519232.0,919365.0
20.67,20.8,19.78,19.86,1898605056.0,942643.63
19.78,19.85,19.38,19.7,1152620160.0,586917.04
19.6,20.04,19.48,19.62,1062334272.0,536901.04
19.62,19.62,19.0,19.22,994322880.0,516694.2
19.330000000000002,19.7,19.17,19.240000000000002,951736960.0,489695.91000000003
19.31,19.93,19.01,19.89,1499985408.0,764930.75
19.61,19.89,19.6,19.66,909308992.0,461620.99
19.2,19.68,19.16,19.42,850183296.0,438959.54000000004
19.45,19.5,19.080000000000002,19.22,716731648.0,372309.82
19.2,19.490000000000002,19.17,19.42,513741760.0,264961.9
19.59,19.75,19.5,19.68,602686016.0,307094.95
19.69,19.8,19.59,19.64,538434176.0,273754.92
19.73,19.88,19.66,19.81,587217280.0,296825.12
19.73,19.86,19.580000000000002,19.68,659002496.0,334307.29
19.650000000000002,19.650000000000002,19.25,19.490000000000002,593524992.0,305709.47000000003
19.35,19.68,19.240000000000002,19.66,758532864.0,389783.58
19.75,20.8,19.75,20.740000000000002,3998875392.0,1944759.75
21.0,21.8,20.900000000000002,21.3,4943091200.0,2302717.59
21.32,21.52,21.02,21.04,1595763968.0,749117.52
21.0,21.150000000000002,20.580000000000002,20.68,1208927232.0,581273.18
20.63,21.2,20.51,21.19,1176059904.0,563430.15
21.23,21.75,20.95,21.67,1945888256.0,907404.15
21.66,22.21,21.55,21.7,1948256896.0,889838.21
21.82,22.04,21.5,21.8,974278016.0,447567.09
21.85,22.35,21.85,22.21,2147457152.0,966360.42
22.25,22.43,21.89,22.0,1386852352.0,625662.61
22.05,22.39,22.0,22.03,1134210304.0,510929.19
21.96,21.96,21.46,21.61,1139337600.0,525122.96
21.52,22.51,21.52,22.26,1834668544.0,824977.66
22.45,23.12,22.31,22.98,3200058624.0,1394993.28
23.07,23.09,22.7,22.78,1237976704.0,542013.65
22.77,23.12,22.650000000000002,22.85,1330514432.0,581791.54
22.86,23.1,22.8,22.91,934433152.0,407775.35000000003
23.05,23.38,22.91,22.990000000000002,1243971968.0,538095.91
23.0,23.080000000000002,22.54,22.78,1150564480.0,506016.33
22.5,22.97,22.5,22.580000000000002,1063340608.0,468763.05
22.6,23.02,22.59,22.94,876658048.0,383927.41000000003
23.0,23.05,22.21,22.43,1306221440.0,578956.24
22.400000000000002,23.12,22.25,23.03,1920139776.0,840638.56
23.12,23.12,22.76,22.88,889428480.0,388655.02
22.96,22.98,22.490000000000002,22.77,961485312.0,423117.9
22.67,22.68,22.02,22.06,1223884928.0,549647.7
21.69,21.69,20.490000000000002,20.56,2578443264.0,1232699.59
20.55,20.7,20.0,20.54,1299015808.0,638662.93
20.46,20.89,20.29,20.86,1148974976.0,557376.08
20.69,20.69,20.080000000000002,20.19,1410303104.0,696006.77
20.2,20.85,19.95,20.39,1704941952.0,837728.76
20.42,20.79,20.22,20.46,949350080.0,461794.83
20.26,20.36,19.78,20.11,1160690560.0,578342.85
20.25,20.6,20.16,20.19,1103099392.0,540963.09
20.3,20.63,20.16,20.59,1070286784.0,522657.41000000003
20.22,20.57,19.900000000000002,20.19,933963136.0,461704.63
19.95,20.35,19.67,20.31,1092883200.0,547338.38
20.1,20.1,19.0,19.04,1455622784.0,746695.11
18.66,19.080000000000002,18.45,18.55,1154038784.0,615582.79
18.72,19.150000000000002,18.5,18.98,855166080.0,453600.01
19.44,19.52,18.5,18.75,1134347392.0,593962.96
18.47,19.240000000000002,18.43,19.19,1535265024.0,811304.96
19.1,19.96,19.0,19.71,1526868736.0,780355.78
19.51,19.64,19.23,19.400000000000002,744352320.0,383212.49
19.17,19.17,18.6,18.66,822883392.0,438047.93
18.73,19.5,18.72,19.35,1190275840.0,621685.59
19.16,19.67,19.0,19.26,774847552.0,400466.27
19.1,19.45,18.79,18.91,740314176.0,388774.27
18.48,19.3,18.400000000000002,19.23,771270528.0,407778.27
19.38,20.0,19.38,19.740000000000002,1221387648.0,619112.38
19.6,19.66,18.990000000000002,19.14,1010824704.0,525063.36
19.21,19.38,18.94,19.11,489097248.0,255924.61000000002
19.080000000000002,19.32,18.8,19.31,598110784.0,312812.32
19.52,19.6,19.03,19.13,623966144.0,323376.0
18.900000000000002,19.11,18.5,18.54,972373568.0,517798.91000000003
18.47,18.73,18.3,18.42,771511552.0,418388.32
18.38,18.48,18.07,18.400000000000002,575726784.0,314853.89
18.490000000000002,18.6,18.16,18.2,761913856.0,414700.18
18.13,18.28,18.05,18.17,522316736.0,288046.37
17.900000000000002,18.05,17.59,17.64,842961728.0,474098.87
17.69,17.81,17.18,17.400000000000002,701941312.0,400517.43
17.490000000000002,18.54,17.17,18.5,1677856512.0,932209.18
13.700000000000001,14.0,13.66,13.700000000000001,725462720.0,524377.6900000001
13.77,14.17,13.71,13.82,880845056.0,631793.27
13.91,14.13,13.77,13.85,667865280.0,478957.35000000003
13.86,14.200000000000001,13.780000000000001,13.9,922043264.0,657818.91
14.0,14.64,13.85,14.48,1418075392.0,989215.49
14.42,14.67,14.36,14.49,623676480.0,430365.35000000003
14.4,14.530000000000001,14.09,14.25,558300864.0,391505.0
14.21,14.5,14.040000000000001,14.34,492785952.0,343870.96
14.25,14.48,14.200000000000001,14.4,467122592.0,325356.51
14.4,14.65,14.22,14.43,708587776.0,489300.56
14.450000000000001,14.5,13.74,13.76,921508608.0,654947.21
13.69,13.86,13.52,13.6,473254400.0,345589.58
13.56,13.8,13.48,13.5,448251008.0,329892.53
13.55,13.68,13.14,13.67,602308800.0,447852.93
13.450000000000001,13.75,13.21,13.530000000000001,485101376.0,359895.8
13.540000000000001,13.85,13.450000000000001,13.83,685881920.0,501699.05
13.74,13.83,13.6,13.76,465516544.0,339773.4
13.88,14.06,13.73,13.790000000000001,626025792.0,451017.84
13.81,14.49,13.69,14.23,1085618816.0,768563.89
14.23,14.66,14.15,14.43,841572608.0,582991.74
14.21,14.370000000000001,14.06,14.17,636641728.0,449137.60000000003
14.22,14.64,14.22,14.41,871449984.0,603633.43
14.41,14.620000000000001,14.07,14.1,678620864.0,474603.09
14.0,14.23,13.9,14.15,573948224.0,408923.25
14.07,14.63,13.98,14.530000000000001,947603776.0,657086.89
14.59,14.96,14.5,14.65,1165343104.0,790727.5700000001
14.68,14.73,14.51,14.65,656426752.0,449024.88
14.59,14.85,14.49,14.8,833413440.0,565093.81
14.8,15.15,14.73,14.92,1145633792.0,767992.11
14.92,15.0,14.76,14.89,599720832.0,403695.5
14.81,14.81,14.56,14.61,763432000.0,521033.2
14.700000000000001,15.14,14.58,15.07,1277292928.0,855322.36
15.1,15.22,14.92,15.08,1049605504.0,696494.39
15.0,15.05,14.86,14.98,494243456.0,330831.39
14.91,15.3,14.870000000000001,15.3,992064192.0,654210.12
15.31,15.34,14.9,14.91,950090560.0,628546.68
14.9,14.93,14.540000000000001,14.790000000000001,1107946624.0,752699.97
14.75,14.75,14.42,14.530000000000001,939332416.0,644610.99
14.5,14.74,14.3,14.69,927585920.0,639042.91
14.65,14.8,14.5,14.6,961880768.0,658177.8
14.620000000000001,14.69,14.030000000000001,14.07,1019389632.0,709348.86
14.05,14.290000000000001,14.01,14.120000000000001,567503552.0,401859.78
13.98,14.120000000000001,13.82,13.89,725912640.0,520928.33
13.93,14.02,13.700000000000001,13.99,902877120.0,651229.8200000001
13.91,14.38,13.85,14.3,995317248.0,702980.86
14.31,14.47,14.18,14.41,834705792.0,582800.9400000001
14.42,14.59,14.25,14.3,1043450944.0,724675.74
14.3,14.56,14.13,14.450000000000001,1278554880.0,889055.64
14.3,14.55,14.16,14.19,896280064.0,624821.99
14.200000000000001,14.58,14.200000000000001,14.34,829524096.0,575251.98
14.32,14.540000000000001,14.15,14.38,694908864.0,482564.63
14.290000000000001,14.33,13.98,14.030000000000001,699447232.0,494991.95
14.16,14.19,13.93,13.97,416241568.0,297041.7
13.99,14.13,13.88,13.98,498344608.0,356489.58
14.06,14.200000000000001,13.97,14.1,733619328.0,520652.18
14.040000000000001,14.13,13.92,13.99,718625408.0,513130.06
14.07,14.34,13.790000000000001,13.99,1270601472.0,904792.8300000001
14.280000000000001,14.280000000000001,13.950000000000001,14.07,952725696.0,676941.38
14.07,14.07,13.83,13.950000000000001,860281600.0,618942.6900000001
14.01,14.26,13.88,14.23,1478452480.0,1045819.43
14.25,14.34,14.05,14.16,825884800.0,582358.4
14.05,14.07,13.8,13.89,1196825856.0,861684.91
13.89,13.9,13.450000000000001,13.540000000000001,1518435840.0,1114656.47
13.55,13.61,13.3,13.51,718666816.0,534105.53
13.450000000000001,13.65,13.3,13.49,973891200.0,724123.42
13.58,13.67,13.41,13.5,837069888.0,616538.53
13.530000000000001,13.530000000000001,13.3,13.33,598976960.0,448611.48
13.3,13.3,12.9,13.02,962141568.0,734391.03
13.09,13.13,12.9,12.96,561810752.0,432806.33
13.0,13.1,12.870000000000001,12.94,435800768.0,336714.74
13.0,13.02,12.89,12.93,558528384.0,432036.9
12.92,12.92,12.57,12.58,812414080.0,639881.29
12.200000000000001,12.69,12.120000000000001,12.49,997197184.0,799164.9400000001
12.370000000000001,12.99,12.32,12.96,979547200.0,764205.56
13.09,13.47,12.86,13.36,1315643008.0,992433.31
13.370000000000001,14.05,13.36,13.89,2318100736.0,1682402.6400000001
13.83,13.98,13.700000000000001,13.96,1510045056.0,1089291.91
13.97,14.49,13.88,14.44,3007557120.0,2117173.7
14.51,15.0,14.34,14.39,3224286976.0,2195005.16
14.32,15.290000000000001,14.290000000000001,15.25,4209289472.0,2820110.75
15.6,15.950000000000001,15.21,15.35,4152881152.0,2670977.16
15.35,15.4,15.0,15.36,2190463488.0,1442021.85
15.23,15.75,15.1,15.27,2865243904.0,1857678.58
15.27,15.290000000000001,14.55,14.69,2232984832.0,1504260.73
14.64,14.74,14.38,14.55,1596056448.0,1098965.06
14.58,14.950000000000001,14.24,14.72,2098193280.0,1434746.3900000001
14.76,14.97,14.4,14.620000000000001,1582273792.0,1077891.75
14.56,14.98,14.39,14.43,1780283776.0,1215444.48
14.43,14.700000000000001,14.27,14.57,1438269056.0,993194.56
14.68,14.68,14.3,14.48,1407668608.0,972257.97
14.51,14.74,14.47,14.65,1695574784.0,1162411.77
14.65,14.780000000000001,14.27,14.5,1996966912.0,1375756.4000000001
14.5,14.98,14.36,14.69,2844550912.0,1929277.06
14.75,14.83,14.5,14.700000000000001,2340672512.0,1594396.85
14.86,14.94,14.58,14.72,2178617088.0,1482536.23
14.780000000000001,15.120000000000001,14.74,14.91,2373788672.0,1589998.56
14.950000000000001,15.0,14.4,14.51,2472861440.0,1686925.8
14.450000000000001,14.450000000000001,13.98,14.120000000000001,2623791360.0,1856594.8
14.11,14.450000000000001,14.05,14.24,1997773568.0,1407411.6
14.14,14.14,13.36,13.38,2234619136.0,1624687.93
13.450000000000001,13.59,13.16,13.530000000000001,1361157760.0,1023309.04
13.4,13.41,12.97,13.030000000000001,1333616512.0,1013463.54
12.92,13.36,12.85,13.13,1168116352.0,889363.67
13.25,13.31,13.05,13.19,683851008.0,518680.61
13.24,13.26,12.86,13.120000000000001,1047077120.0,802255.81
12.9,13.030000000000001,12.8,12.870000000000001,1055428736.0,818713.04
12.83,12.83,12.52,12.66,1044622784.0,825344.28
12.65,12.92,12.64,12.790000000000001,759510272.0,593674.17
12.9,13.07,12.69,13.0,1103140736.0,855512.06
13.09,13.200000000000001,12.91,13.040000000000001,941692416.0,721701.85
12.97,13.05,12.84,12.96,574483840.0,444562.07
12.92,12.98,12.530000000000001,12.69,896825472.0,704655.06
12.66,12.82,12.620000000000001,12.74,403667360.0,316993.07
12.950000000000001,12.97,12.75,12.790000000000001,601006336.0,467356.08
12.81,12.89,12.73,12.82,430350144.0,335622.75
12.870000000000001,13.120000000000001,12.81,13.05,873902656.0,672339.22
13.0,13.11,12.870000000000001,13.06,653787584.0,503710.23000000004
13.040000000000001,13.07,12.870000000000001,12.91,600882752.0,463752.16000000003
12.85,12.86,12.68,12.700000000000001,638381504.0,500524.45
12.64,12.85,12.63,12.780000000000001,431884192.0,339219.14
12.83,13.030000000000001,12.73,13.0,1078465152.0,838819.71
13.0,13.09,12.88,12.950000000000001,711605440.0,548294.8
12.96,13.07,12.91,12.94,935727296.0,720404.72
12.93,12.94,12.73,12.790000000000001,779685312.0,607534.84
12.780000000000001,12.780000000000001,12.66,12.72,728978368.0,573869.53
12.74,12.75,12.31,12.43,1147808512.0,918317.97
12.450000000000001,12.870000000000001,12.35,12.790000000000001,1230271104.0,972559.77
12.780000000000001,12.85,12.5,12.540000000000001,734623616.0,580375.06
12.57,13.01,12.48,12.700000000000001,1090345600.0,855136.37
12.6,12.870000000000001,12.530000000000001,12.74,782233344.0,613305.76
12.91,12.98,12.48,12.51,800835200.0,629166.17
12.5,12.68,12.36,12.38,634014656.0,506439.78
12.42,12.51,12.3,12.39,541086528.0,437815.38
12.4,12.47,12.19,12.31,609301312.0,494862.73
12.33,12.4,12.25,12.39,863181184.0,701008.41
12.42,12.68,12.3,12.61,1307174912.0,1043014.54
12.700000000000001,12.91,12.63,12.71,1367751424.0,1070141.61
12.73,12.89,12.6,12.67,814451712.0,639540.83
12.69,13.51,12.58,13.23,3673752832.0,2787975.94
13.11,13.34,12.93,13.07,1679801984.0,1280075.0
13.0,13.42,13.0,13.4,1518387968.0,1145025.6
13.44,13.5,13.21,13.49,1380549760.0,1030667.3
13.49,13.55,13.33,13.34,743119680.0,554121.6
13.290000000000001,13.290000000000001,13.07,13.14,775149760.0,589005.25
12.97,13.1,12.41,12.61,1090523008.0,851262.56
12.57,12.780000000000001,12.52,12.69,505302336.0,398809.73
12.700000000000001,12.83,12.58,12.82,497010144.0,391449.99
12.77,12.81,12.47,12.48,571579136.0,453628.09
12.49,13.18,12.48,12.75,884042048.0,690012.99
12.72,12.85,12.61,12.74,509605600.0,400259.44
12.75,12.950000000000001,12.67,12.870000000000001,634358528.0,494025.37
12.9,12.93,12.82,12.88,418118016.0,324884.33
12.75,12.870000000000001,12.51,12.83,885350208.0,696494.78
12.77,12.84,12.59,12.69,672289536.0,530003.99
12.700000000000001,12.780000000000001,12.6,12.72,669997056.0,527676.31
12.73,12.77,12.65,12.76,532086944.0,418247.71
12.71,12.83,12.59,12.63,640373696.0,503448.12
12.61,12.790000000000001,12.57,12.77,601093824.0,474016.71
12.75,12.780000000000001,12.63,12.75,1097943936.0,865246.59
12.73,13.200000000000001,12.72,13.14,2025335168.0,1555228.87
13.15,13.200000000000001,13.0,13.030000000000001,1462480128.0,1117430.67
12.98,13.02,12.88,12.96,1399038848.0,1081309.9
13.040000000000001,13.21,12.98,13.08,1410869120.0,1078963.47
13.040000000000001,13.18,12.91,13.040000000000001,887867072.0,681162.0
12.93,13.02,12.86,13.01,985182784.0,761845.21
12.99,12.99,12.6,12.65,1190287232.0,933549.89
12.620000000000001,12.73,12.51,12.61,842434368.0,668117.55
12.6,12.61,12.48,12.6,1219329408.0,972819.1900000001
12.59,12.76,12.52,12.65,773953728.0,612264.68
12.65,12.74,12.55,12.71,642186240.0,507189.5
12.73,13.01,12.73,12.950000000000001,1658382848.0,1286302.1
12.88,13.34,12.83,13.18,2605382400.0,1982104.6
13.18,13.790000000000001,13.18,13.450000000000001,3550340352.0,2636963.2600000002
13.39,13.59,13.33,13.56,1626377344.0,1207979.71
13.58,13.82,13.47,13.61,1655652992.0,1213316.96
13.59,13.82,13.540000000000001,13.63,1301033088.0,951741.93
13.68,13.790000000000001,13.58,13.61,1034222208.0,755694.15
13.57,13.57,13.21,13.24,1256350976.0,941456.05
13.22,13.290000000000001,13.02,13.1,851985600.0,646829.22
13.09,13.21,13.07,13.120000000000001,578145216.0,440649.0
13.08,13.08,12.74,12.91,1193536384.0,927257.68
12.89,13.08,12.82,13.01,814120000.0,629018.16
12.88,12.97,12.81,12.86,602924288.0,468294.96
12.950000000000001,13.030000000000001,12.85,12.9,566212736.0,437708.07
12.9,13.05,12.86,12.94,604983296.0,467081.41000000003
12.98,13.31,12.83,13.18,919016000.0,700187.64
13.15,13.38,13.11,13.280000000000001,746472064.0,562382.53
13.3,13.38,13.120000000000001,13.18,523824416.0,396291.8
13.21,13.57,13.21,13.4,1116145920.0,831435.51
13.55,13.71,13.41,13.44,1219766912.0,896925.61
13.47,13.85,13.46,13.620000000000001,1593941120.0,1165973.69
13.73,14.0,13.65,13.85,2380731136.0,1717231.52
13.85,13.9,13.51,13.620000000000001,1072999168.0,782908.29
13.6,14.17,13.6,14.14,1947168640.0,1394846.3800000001
14.15,14.6,14.15,14.59,2768155392.0,1912426.95
14.58,14.700000000000001,14.47,14.55,1443643904.0,989510.23
14.530000000000001,14.700000000000001,14.39,14.52,995248768.0,684317.49
14.56,14.9,14.49,14.530000000000001,1775882496.0,1209068.1300000001
14.49,14.67,14.290000000000001,14.43,1271603456.0,876811.15
14.34,15.05,14.33,14.99,1677223680.0,1144755.26
15.08,15.26,14.92,14.96,1907393152.0,1263969.23
14.9,15.15,14.8,15.08,1095421312.0,729728.38
15.01,15.200000000000001,14.9,15.0,1200582144.0,796810.35
14.85,15.0,14.56,14.57,1261580032.0,854982.52
14.6,14.8,14.41,14.51,887371136.0,608691.6
14.63,14.8,14.49,14.55,832686400.0,569558.97
14.55,14.65,14.38,14.450000000000001,690125824.0,475996.32
14.57,14.73,14.4,14.540000000000001,1108066432.0,759792.21
14.58,14.76,14.5,14.75,1234241152.0,841600.0800000001
14.83,14.99,14.450000000000001,14.620000000000001,1439938944.0,974707.66
14.700000000000001,14.74,14.0,14.280000000000001,1452649728.0,1016885.8300000001
14.24,14.41,14.120000000000001,14.290000000000001,673472576.0,470355.06
14.200000000000001,14.370000000000001,13.74,13.83,1132838528.0,810012.36
13.75,13.99,13.63,13.88,650093888.0,469745.59
13.72,13.97,13.66,13.82,508740032.0,367573.91000000003
13.8,13.97,13.700000000000001,13.76,422490272.0,305546.76
13.8,13.99,13.71,13.97,511163680.0,367953.61
13.97,14.05,13.81,13.88,380898272.0,273440.03
13.81,13.94,13.64,13.65,511077952.0,370594.83
13.68,13.83,13.49,13.83,712045056.0,521496.14
13.75,13.91,13.68,13.69,517163712.0,374888.32
13.700000000000001,14.0,13.620000000000001,13.91,669260992.0,482822.61
13.89,14.22,13.84,14.15,770723072.0,546244.6900000001
14.18,14.32,14.1,14.14,632129344.0,444711.17
14.13,14.35,14.1,14.24,736778816.0,516522.11
14.17,14.23,13.8,13.86,690545344.0,495297.64
13.82,13.94,13.790000000000001,13.85,462259456.0,333021.92
13.82,13.86,13.58,13.6,417290080.0,304564.37
13.71,13.75,13.56,13.65,439304192.0,321654.77
13.68,13.89,13.57,13.69,586884288.0,426907.07
13.65,13.86,13.57,13.8,450312960.0,327735.27
13.81,13.870000000000001,13.64,13.86,754258688.0,548622.72
13.8,13.88,13.69,13.74,597661120.0,433731.05
13.6,13.65,13.07,13.21,1039092736.0,780542.2000000001
10.02,10.14,10.0,10.09,387260352.0,384819.53
10.040000000000001,10.13,9.98,10.1,322851680.0,321126.92
10.11,10.120000000000001,9.78,9.92,705901504.0,713996.03
9.9,9.9,9.67,9.69,494816800.0,506501.54000000004
9.71,9.8,9.68,9.74,403650848.0,415141.89
9.700000000000001,9.83,9.620000000000001,9.790000000000001,325257120.0,334995.28
9.78,10.040000000000001,9.73,9.92,594459904.0,597637.17
9.9,9.9,9.69,9.72,494521280.0,506425.41000000003
9.67,9.71,9.59,9.61,420806048.0,436841.10000000003
9.61,9.69,9.55,9.56,367427552.0,381517.75
9.55,9.67,9.51,9.65,471826240.0,491558.45
9.66,9.72,9.63,9.68,426182656.0,440323.71
9.73,9.73,9.57,9.63,428768704.0,444026.82
9.620000000000001,9.790000000000001,9.5,9.74,496177920.0,514629.93
9.69,10.18,9.67,10.1,1083590784.0,1086082.92
10.1,10.21,10.0,10.07,624566464.0,618798.41
10.07,10.08,9.89,10.0,485148832.0,486259.16000000003
10.0,10.040000000000001,9.74,9.76,906629888.0,921157.92
9.78,9.97,9.74,9.84,880212544.0,894779.14
9.85,9.86,9.65,9.74,829257856.0,849503.5800000001
9.790000000000001,10.120000000000001,9.78,10.1,1372265472.0,1377041.67
10.1,10.18,9.99,10.05,803065792.0,798442.36
10.01,10.01,9.8,9.92,771582208.0,780833.96
10.09,10.15,9.9,9.93,1107281024.0,1103061.81
9.950000000000001,10.25,9.93,10.14,973144640.0,961786.52
10.05,10.13,9.96,10.05,774789760.0,772975.65
9.97,10.02,9.84,9.88,730710144.0,737796.98
9.93,10.08,9.870000000000001,10.01,605053184.0,605172.46
10.0,10.1,9.97,10.1,725394112.0,722445.81
10.05,10.14,9.99,10.09,672068544.0,666560.03
10.1,10.1,9.93,10.0,883661184.0,882961.34
9.94,9.96,9.82,9.85,768616576.0,777904.4
9.9,9.94,9.77,9.84,626819392.0,637610.31
9.83,9.85,9.64,9.73,716204416.0,736489.03
9.75,9.78,9.67,9.700000000000001,509417152.0,524883.95
9.65,9.67,9.370000000000001,9.43,838678400.0,881890.88
9.43,9.55,9.38,9.42,426214464.0,451250.10000000003
9.38,9.42,9.35,9.39,452508640.0,482131.60000000003
9.33,9.34,9.15,9.22,605993984.0,656638.11
9.25,9.61,9.13,9.4,894864384.0,954877.6
9.33,9.46,9.27,9.32,420409952.0,449300.56
9.25,9.31,9.13,9.26,380816096.0,413649.88
9.19,9.31,9.17,9.26,291253824.0,315238.22000000003
9.31,9.4,9.27,9.28,283911232.0,304105.52
9.09,9.15,9.0,9.03,651685184.0,719521.65
8.950000000000001,9.09,8.620000000000001,8.73,871891968.0,986247.18
8.52,8.950000000000001,8.47,8.870000000000001,968666688.0,1109251.76
9.02,9.08,8.870000000000001,8.91,605242176.0,672958.52
8.73,9.15,8.71,9.1,673428928.0,747825.11
9.120000000000001,9.15,8.98,9.03,463907936.0,511626.4
9.07,9.39,8.99,9.370000000000001,825023424.0,894934.43
9.35,9.51,9.27,9.35,866602368.0,921940.78
9.34,9.41,9.28,9.28,415370560.0,445355.94
9.32,9.33,9.09,9.120000000000001,375402144.0,408322.35000000003
8.99,9.08,8.94,9.02,500195840.0,555450.06
9.040000000000001,9.15,8.950000000000001,8.98,385779136.0,427625.5
9.03,9.19,8.93,9.18,438712160.0,482108.76
9.21,9.34,9.08,9.1,490717792.0,533222.02
9.15,9.53,9.11,9.48,1135191040.0,1210388.8
9.42,9.51,9.32,9.46,584450240.0,619981.6900000001
9.290000000000001,9.290000000000001,9.13,9.18,693917120.0,753309.48
9.25,9.4,9.15,9.19,456223296.0,491667.74
9.18,9.35,9.16,9.290000000000001,318100896.0,343494.28
9.31,9.43,9.28,9.370000000000001,548068864.0,585060.18
9.35,9.4,9.200000000000001,9.290000000000001,297248800.0,320398.19
9.200000000000001,9.22,9.11,9.15,282591744.0,308406.89
9.09,9.22,9.03,9.11,384694368.0,421395.39
9.13,9.38,9.08,9.290000000000001,374413888.0,405985.21
9.3,9.33,9.200000000000001,9.26,263397216.0,284136.5
9.3,9.41,9.22,9.3,354331616.0,380558.11
9.18,9.22,9.120000000000001,9.15,252939808.0,276272.17
9.200000000000001,9.21,8.94,9.1,457967168.0,505920.99
9.1,9.17,8.94,8.950000000000001,512651840.0,567650.27
9.02,9.07,8.950000000000001,8.98,380213984.0,422240.5
8.91,8.92,8.790000000000001,8.81,366080576.0,415102.39
8.8,8.92,8.73,8.86,305251360.0,345516.18
8.86,9.22,8.76,9.09,635069888.0,703530.56
9.01,9.02,8.8,8.82,479557632.0,537919.88
8.71,8.81,8.61,8.73,470756864.0,541648.3200000001
8.65,8.72,8.4,8.44,697436160.0,817483.8
8.52,8.58,8.48,8.52,343008384.0,402526.11
8.59,8.6,8.4,8.43,360008928.0,424073.99
8.39,8.52,8.33,8.45,369392512.0,437577.87
8.48,8.64,8.44,8.540000000000001,515663936.0,604687.87
8.52,8.56,8.41,8.42,274365568.0,324284.34
8.78,8.78,8.48,8.57,511050464.0,591303.4400000001
8.540000000000001,8.92,8.49,8.85,787072832.0,894122.22
8.82,8.94,8.76,8.870000000000001,453963296.0,512987.78
8.84,8.88,8.73,8.83,356399904.0,405041.98
8.84,9.05,8.82,8.92,410848352.0,460097.58
8.85,8.9,8.75,8.78,362177728.0,411153.44
8.78,8.92,8.75,8.84,319545728.0,361883.77
8.77,8.86,8.64,8.73,443175232.0,506584.55
8.75,8.97,8.700000000000001,8.89,526976704.0,593069.6900000001
8.91,9.21,8.870000000000001,9.16,864185472.0,949320.84
9.18,9.25,9.08,9.16,608223040.0,663149.36
9.13,9.3,9.05,9.18,631301568.0,684548.46
9.26,9.35,9.21,9.26,422360448.0,455858.27
9.4,9.55,9.26,9.38,775731712.0,825027.54
9.35,9.35,9.16,9.21,468747744.0,507788.32
9.15,9.34,9.11,9.18,527513056.0,571989.02
9.08,9.370000000000001,9.040000000000001,9.36,546059776.0,593978.48
9.38,9.39,9.22,9.24,785658944.0,843496.01
9.35,9.36,9.23,9.31,395922336.0,425650.42
9.25,9.28,9.16,9.18,302777632.0,328700.37
9.24,9.3,9.14,9.21,291603584.0,316933.01
9.24,9.290000000000001,9.18,9.27,257975136.0,279516.32
9.200000000000001,9.25,9.040000000000001,9.05,426657152.0,466361.57
9.06,9.17,9.05,9.08,230005504.0,252618.27000000002
9.18,9.27,9.13,9.21,389371104.0,422969.63
9.200000000000001,9.22,9.13,9.18,275179296.0,300134.32
9.18,9.18,8.870000000000001,8.92,576115136.0,640286.31
8.94,8.97,8.84,8.86,284590464.0,320074.65
8.8,8.89,8.76,8.8,324198784.0,368199.3
8.84,8.85,8.67,8.74,281903840.0,323553.27
8.700000000000001,8.81,8.68,8.75,268099632.0,306699.13
8.76,8.77,8.620000000000001,8.69,228822384.0,263702.31
8.620000000000001,8.76,8.6,8.700000000000001,212634672.0,244600.75
8.700000000000001,8.72,8.6,8.620000000000001,184856608.0,213665.38
8.63,8.68,8.57,8.6,206431568.0,239677.39
8.66,8.74,8.620000000000001,8.73,225388352.0,259606.1
8.69,8.73,8.47,8.5,384658400.0,449718.39
8.74,8.950000000000001,8.73,8.81,787219136.0,890490.77
8.78,8.85,8.71,8.8,339557376.0,386381.33
8.84,8.91,8.63,8.8,354439392.0,401883.21
8.76,8.84,8.700000000000001,8.73,232129312.0,264403.05
8.74,8.83,8.700000000000001,8.78,204935328.0,233508.99
8.78,8.83,8.68,8.78,191759968.0,219096.76
8.73,8.78,8.64,8.700000000000001,257109792.0,295140.0
8.68,8.74,8.64,8.66,200109776.0,230353.28
8.64,8.72,8.56,8.58,412160768.0,476007.11
8.57,8.65,8.540000000000001,8.6,235202160.0,273349.82
8.56,8.620000000000001,8.48,8.49,354799712.0,415187.89
8.51,8.65,8.49,8.620000000000001,322463296.0,377302.95
8.57,8.64,8.370000000000001,8.61,384672672.0,452649.59
8.58,8.75,8.56,8.59,331731072.0,383769.71
8.66,8.72,8.5,8.53,359681312.0,416376.5
8.49,8.59,8.45,8.53,363453856.0,426827.05
8.540000000000001,8.61,8.49,8.540000000000001,198890336.0,232631.86000000002
8.52,8.56,8.42,8.47,269877056.0,317887.69
8.47,8.53,8.4,8.44,262876944.0,310756.76
8.43,8.46,8.25,8.38,351109632.0,420110.46
8.35,8.38,8.290000000000001,8.35,333839360.0,400550.45
8.39,8.51,8.38,8.49,448339744.0,529825.3
8.540000000000001,8.56,8.39,8.41,290229536.0,342013.79
8.47,8.82,8.47,8.65,1144753024.0,1321162.03
8.63,8.78,8.620000000000001,8.71,537043776.0,617786.87
8.72,8.99,8.68,8.950000000000001,711429632.0,801362.49
8.950000000000001,9.1,8.88,9.07,647206656.0,720046.3200000001
9.05,9.1,8.98,9.0,444366560.0,492611.57
9.0,9.21,8.99,9.09,551261440.0,604869.81
9.11,9.18,8.97,9.040000000000001,514638080.0,567253.3200000001
9.0,9.120000000000001,8.96,8.97,299225056.0,331001.60000000003
9.0,9.26,8.790000000000001,9.200000000000001,876457408.0,973572.63
9.16,9.23,9.0,9.040000000000001,529288096.0,580892.89
9.05,9.22,9.02,9.200000000000001,628781824.0,686455.71
9.25,9.43,9.17,9.42,883450368.0,950527.03
9.4,9.41,9.200000000000001,9.22,668276672.0,718831.55
9.24,9.28,9.16,9.22,326763264.0,354641.04
9.200000000000001,9.26,9.05,9.08,362716576.0,396478.88
9.120000000000001,9.42,9.08,9.4,816297536.0,879733.31
9.35,9.5,9.32,9.44,914988416.0,971353.12
9.46,9.51,9.290000000000001,9.39,599080960.0,636912.81
9.32,9.36,9.18,9.24,475945760.0,513914.02
9.23,9.48,9.23,9.450000000000001,602796544.0,642707.17
9.450000000000001,9.48,9.36,9.4,473358240.0,502738.54000000004
9.36,9.48,9.32,9.370000000000001,487049472.0,518364.88
9.25,9.370000000000001,9.18,9.27,456411680.0,492049.66000000003
9.24,9.28,9.13,9.19,487049248.0,530248.6900000001
9.16,9.290000000000001,9.14,9.23,507511360.0,550647.6
9.25,9.28,9.14,9.19,437494048.0,475017.99
9.25,9.31,9.200000000000001,9.26,386595872.0,417432.92
9.41,9.41,9.25,9.26,539245888.0,577400.09
9.27,9.31,9.200000000000001,9.28,395923936.0,427573.86
9.28,9.36,9.200000000000001,9.32,755732416.0,814477.9
9.32,9.4,9.28,9.33,818404864.0,877548.88
9.35,9.53,9.31,9.51,1207795584.0,1283418.32
9.57,9.620000000000001,9.450000000000001,9.48,1206459776.0,1266640.1500000001
9.48,9.700000000000001,9.46,9.66,1308533888.0,1361211.16
9.67,9.67,9.51,9.540000000000001,745267136.0,777578.37
9.5,9.59,9.49,9.55,441399328.0,462378.68
9.55,9.700000000000001,9.540000000000001,9.69,711842944.0,740131.87
9.74,9.75,9.58,9.58,638459392.0,660980.35
9.53,9.61,9.41,9.44,650629568.0,684503.55
9.39,9.44,9.33,9.34,479615264.0,510772.37
9.39,9.5,9.370000000000001,9.46,517039328.0,548285.52
9.47,9.51,9.42,9.47,449318752.0,475105.01
9.44,9.450000000000001,9.33,9.38,494779968.0,527843.86
9.39,9.53,9.35,9.47,582028864.0,614301.5
9.53,9.61,9.32,9.36,940852480.0,992803.21
9.36,9.450000000000001,9.16,9.19,661561280.0,706738.9400000001
9.25,9.34,9.200000000000001,9.25,672304000.0,725845.63
9.26,9.32,9.24,9.28,466395776.0,502280.36
9.25,9.26,9.120000000000001,9.120000000000001,575220544.0,627255.76
9.18,9.19,9.02,9.08,471579968.0,518670.60000000003
9.09,9.21,9.03,9.120000000000001,352251200.0,386511.97000000003
9.1,9.120000000000001,9.02,9.06,319927040.0,352684.48
9.05,9.17,9.05,9.13,306941856.0,336928.49
9.15,9.17,9.08,9.120000000000001,249025232.0,272946.4
9.120000000000001,9.14,8.93,8.97,394701408.0,435653.07
8.94,9.0,8.85,8.870000000000001,432068896.0,483914.15
8.92,8.97,8.88,8.93,451335936.0,505870.12
8.9,8.950000000000001,8.81,8.93,677374528.0,763520.01
8.93,8.96,8.84,8.94,504458944.0,566824.81
8.89,8.94,8.83,8.84,309720480.0,348898.28
8.86,8.93,8.78,8.92,399088192.0,451470.0
8.870000000000001,8.950000000000001,8.85,8.89,350489728.0,393970.74
8.89,9.14,8.870000000000001,9.120000000000001,581979200.0,645716.34
9.11,9.15,9.02,9.14,556243008.0,611756.66
9.08,9.120000000000001,9.040000000000001,9.06,350463008.0,386147.98
9.06,9.09,8.93,8.93,444391616.0,494660.11
8.93,9.14,8.92,9.120000000000001,607091648.0,671179.9
9.1,9.16,9.06,9.120000000000001,441712576.0,484880.0
9.1,9.32,9.09,9.31,714085568.0,772408.35
9.27,9.33,9.21,9.24,387763904.0,418390.68
9.23,9.55,9.22,9.38,1065629952.0,1131654.53
9.34,9.44,9.33,9.35,623235392.0,664890.24
9.42,9.46,9.3,9.370000000000001,503917248.0,538269.36
9.39,9.450000000000001,9.35,9.41,443152192.0,471149.93
9.48,9.59,9.41,9.56,1023491904.0,1076969.72
9.51,9.55,9.42,9.46,574341312.0,605600.75
9.47,9.5,9.39,9.49,677231232.0,716598.92
9.43,9.48,9.34,9.42,773477056.0,822257.3300000001
9.41,9.42,9.28,9.36,810233984.0,867213.48
9.3,9.31,9.18,9.200000000000001,600930048.0,650668.93
9.21,9.24,9.11,9.16,619397952.0,675762.54
9.16,9.23,9.120000000000001,9.16,325856896.0,355327.29
9.21,9.23,9.06,9.08,648414464.0,708966.33
9.0,9.05,8.98,9.040000000000001,544604544.0,604299.9400000001
9.03,9.03,8.89,8.91,676147520.0,755357.41
8.93,9.02,8.9,8.97,386025728.0,430926.63
8.92,8.92,8.82,8.86,549225600.0,619501.67
8.86,8.91,8.83,8.870000000000001,413635872.0,466796.12
8.9,8.97,8.88,8.96,602839680.0,675496.51
8.950000000000001,8.96,8.85,8.89,552097472.0,619797.9400000001
8.88,8.94,8.81,8.85,441704160.0,497572.16000000003
8.85,8.86,8.77,8.790000000000001,404197696.0,458877.76
8.8,8.88,8.77,8.870000000000001,461949312.0,523476.56
8.86,8.98,8.82,8.950000000000001,831085312.0,934786.48
8.92,8.93,8.790000000000001,8.82,779244032.0,880364.86
8.790000000000001,8.8,8.75,8.77,587833152.0,670111.96
8.78,8.84,8.75,8.78,372673952.0,424016.77
8.71,8.71,8.58,8.59,599453504.0,693679.73
8.620000000000001,8.64,8.55,8.56,598110592.0,696669.0700000001
8.59,8.68,8.55,8.620000000000001,429065888.0,499188.46
8.68,8.700000000000001,8.53,8.56,413324672.0,480264.08
8.51,8.53,8.31,8.34,1176530432.0,1403897.31
8.36,8.38,8.31,8.34,597652544.0,716448.62
8.31,8.35,8.19,8.290000000000001,680814848.0,824312.24
8.3,8.34,8.25,8.27,664166656.0,800174.63
8.31,8.53,8.290000000000001,8.47,1129580288.0,1342160.53
8.47,8.48,8.42,8.46,424346816.0,502129.60000000003
8.47,8.540000000000001,8.43,8.49,398791968.0,470083.04000000004
8.540000000000001,8.61,8.48,8.5,427039904.0,500001.07
8.51,8.51,8.4,8.44,332932096.0,394238.84
8.42,8.48,8.34,8.35,443526592.0,527065.96
8.07,8.120000000000001,8.03,8.06,323089664.0,399825.38
8.06,8.09,8.03,8.05,217422016.0,269660.55
8.05,8.07,8.01,8.01,232014032.0,288764.49
8.040000000000001,8.16,8.02,8.13,412653792.0,509742.36
8.15,8.15,8.05,8.09,353033248.0,436919.87
8.09,8.15,8.07,8.09,324895968.0,400809.65
8.1,8.18,8.08,8.120000000000001,321375936.0,395524.77
8.11,8.120000000000001,8.05,8.07,271555072.0,336358.96
7.92,7.97,7.88,7.97,917011456.0,1157970.69
7.930000000000001,7.94,7.65,7.67,829804096.0,1065354.1300000001
7.67,7.76,7.66,7.7,347540672.0,450897.73
7.69,7.74,7.67,7.71,249889712.0,324256.38
7.71,7.72,7.58,7.67,770420608.0,1009093.26
7.66,7.79,7.640000000000001,7.73,349346432.0,452023.81
7.75,7.75,7.62,7.63,358037216.0,465848.99
7.65,7.73,7.62,7.69,232272368.0,302242.55
7.69,7.69,7.6000000000000005,7.67,363638272.0,476309.83
7.65,7.73,7.61,7.69,594527744.0,773445.89
7.67,7.68,7.6000000000000005,7.61,423521024.0,555455.14
7.57,7.57,7.42,7.45,480841536.0,645019.0
7.43,7.5,7.41,7.46,360293120.0,483894.05
7.43,7.5,7.390000000000001,7.41,353247488.0,475804.47000000003
7.4,7.45,7.37,7.4,224778992.0,303504.95
7.42,7.5600000000000005,7.4,7.49,438293376.0,585007.97
7.5200000000000005,7.65,7.49,7.5600000000000005,470732256.0,621424.86
7.57,7.69,7.5600000000000005,7.66,535947136.0,701189.5
7.67,7.71,7.59,7.65,476495456.0,622708.63
7.68,7.7700000000000005,7.65,7.75,581966464.0,754441.9
7.74,7.75,7.68,7.74,339338688.0,440453.8
7.73,7.74,7.69,7.72,358235328.0,464111.05
7.72,7.73,7.65,7.69,268267936.0,349125.28
7.7,7.7700000000000005,7.69,7.73,416624096.0,538211.68
7.75,7.76,7.69,7.75,251340992.0,324902.96
7.79,7.8500000000000005,7.78,7.8,365500896.0,467829.8
7.8,7.83,7.74,7.75,368478432.0,472820.79000000004
7.76,7.8,7.73,7.8,308683296.0,397436.89
7.8,7.8,7.55,7.58,683068992.0,895552.47
7.59,7.59,7.5,7.53,306256960.0,406302.97000000003
7.5200000000000005,7.58,7.51,7.55,251555248.0,333226.65
7.5200000000000005,7.5600000000000005,7.46,7.5200000000000005,202877232.0,270382.16000000003
7.51,7.5600000000000005,7.49,7.51,272732512.0,362689.4
7.5200000000000005,7.53,7.47,7.5200000000000005,264640480.0,353264.54
7.51,7.55,7.47,7.5200000000000005,273444032.0,363664.06
7.5200000000000005,7.53,7.45,7.49,277056704.0,369636.16000000003
7.45,7.49,7.390000000000001,7.4,300069728.0,403345.10000000003
7.43,7.62,7.4,7.6000000000000005,411991616.0,547637.43
7.5600000000000005,7.57,7.5200000000000005,7.55,289895904.0,384194.44
7.5,7.62,7.5,7.61,339823936.0,448042.11
7.58,7.68,7.57,7.61,284745600.0,372551.05
7.63,7.63,7.53,7.58,419440928.0,553933.24
7.5600000000000005,7.59,7.43,7.46,332534240.0,443613.78
7.44,7.45,7.28,7.32,536590336.0,731359.06
7.34,7.390000000000001,7.3,7.38,281996032.0,383702.45
7.42,7.78,7.4,7.6000000000000005,1108956800.0,1459719.41
7.59,7.61,7.53,7.5600000000000005,482615584.0,637990.21
7.54,7.54,7.43,7.49,381041952.0,509813.88
7.53,7.5600000000000005,7.42,7.48,308089952.0,411993.92
7.47,7.5,7.44,7.45,213621168.0,285985.26
7.5,7.5600000000000005,7.44,7.5200000000000005,454887776.0,605539.98
7.5200000000000005,7.5200000000000005,7.4,7.41,294478240.0,394957.94
7.390000000000001,7.4,7.34,7.3500000000000005,217783072.0,295564.74
7.3500000000000005,7.38,7.33,7.34,259404096.0,353162.66000000003
7.32,7.34,7.22,7.23,349808064.0,480720.62
7.22,7.26,7.18,7.21,271098080.0,375406.73
7.18,7.21,7.11,7.17,316830848.0,442806.28
7.16,7.18,7.13,7.16,168346304.0,235284.37
7.15,7.18,7.1000000000000005,7.11,202126624.0,283442.66000000003
7.11,7.36,7.1000000000000005,7.32,540842752.0,745652.09
7.28,7.390000000000001,7.24,7.38,460162688.0,629301.06
7.38,7.42,7.28,7.32,237702592.0,323245.63
7.3500000000000005,7.48,7.34,7.45,361695648.0,486200.78
7.43,7.46,7.4,7.44,201761968.0,271473.61
7.41,7.43,7.37,7.41,218797760.0,295642.94
7.43,7.5,7.41,7.45,283061216.0,379537.95
7.46,7.47,7.37,7.41,164793072.0,222493.39
7.41,7.5200000000000005,7.390000000000001,7.46,328313920.0,439525.2
7.48,7.58,7.44,7.55,395714432.0,526584.9
7.55,7.65,7.54,7.62,390882240.0,513973.33
7.62,7.63,7.55,7.58,305185408.0,401855.5
7.54,7.68,7.53,7.65,280112256.0,367998.61
7.66,7.68,7.55,7.57,245356336.0,321891.9
7.55,7.63,7.54,7.59,215116944.0,283285.08
7.58,7.62,7.5,7.53,225449552.0,298074.95
7.54,7.57,7.42,7.46,370899616.0,496112.07
7.44,7.49,7.42,7.47,210091712.0,281768.27
7.47,7.53,7.4,7.48,276344864.0,370828.66000000003
7.49,7.53,7.43,7.51,273109824.0,364111.01
7.5200000000000005,7.7,7.51,7.640000000000001,436219680.0,572051.14
7.65,7.7,7.61,7.68,364830176.0,475874.94
7.7,7.78,7.66,7.73,439602336.0,569740.01
7.74,7.74,7.59,7.68,323024800.0,421771.28
7.67,7.73,7.640000000000001,7.69,201366784.0,261937.92
7.63,7.66,7.53,7.54,293900672.0,386671.63
7.53,7.59,7.5,7.53,202868992.0,269212.55
7.54,7.640000000000001,7.53,7.63,331521952.0,436454.87
7.62,7.62,7.48,7.49,283805504.0,376916.17
7.49,7.53,7.47,7.5,163644368.0,218232.16
7.49,7.5,7.41,7.42,217739712.0,292200.09
7.41,7.41,7.34,7.36,245149920.0,332663.19
7.36,7.4,7.33,7.37,182453728.0,247853.1
7.4,7.41,7.33,7.3500000000000005,149215104.0,202529.86000000002
7.3500000000000005,7.48,7.34,7.47,214374144.0,289576.27
7.45,7.48,7.4,7.44,169442912.0,227848.42
7.46,7.5600000000000005,7.43,7.51,268999520.0,358198.26
7.5,7.54,7.43,7.47,210337440.0,281674.8
7.44,7.5200000000000005,7.42,7.46,304729088.0,408275.33
7.44,7.5,7.42,7.44,312815520.0,419787.67
7.46,7.47,7.4,7.41,291914528.0,392793.97000000003
7.41,7.48,7.37,7.46,288486304.0,388222.87
7.46,7.47,7.34,7.3500000000000005,396827584.0,537692.33
7.33,7.46,7.33,7.43,258840208.0,349748.19
7.43,7.92,7.41,7.88,1764021504.0,2270020.22
7.87,7.97,7.83,7.890000000000001,910874048.0,1151349.79
7.930000000000001,8.28,7.92,8.26,1863056896.0,2292491.95
8.35,8.42,8.26,8.33,1796312704.0,2152548.0300000003
8.32,8.370000000000001,8.25,8.28,955761536.0,1149307.61
8.290000000000001,8.49,8.290000000000001,8.4,1463953024.0,1741269.7
8.35,8.45,8.28,8.290000000000001,1038553792.0,1240945.25
8.32,8.99,8.32,8.9,3002867456.0,3443944.5500000003
9.0,9.11,8.94,9.07,2298528768.0,2547830.7
9.01,9.290000000000001,8.97,9.14,2144833792.0,2348802.14
9.11,9.16,8.98,9.05,1601205248.0,1766706.47
8.99,9.07,8.88,9.06,1346132224.0,1497508.77
9.06,9.11,8.88,8.97,1174200064.0,1308200.92
8.94,9.26,8.94,9.09,1224943488.0,1346427.26
9.07,9.56,9.040000000000001,9.450000000000001,2200438272.0,2342266.89
9.46,9.49,9.370000000000001,9.46,904988224.0,960130.21
9.46,9.64,9.32,9.39,1211244288.0,1278479.46
9.370000000000001,9.64,9.370000000000001,9.59,1140200576.0,1195998.42
9.64,9.96,9.63,9.92,1956467584.0,1984516.48
10.1,10.26,9.93,10.02,2633796608.0,2614368.1
10.05,10.34,10.01,10.32,2534161920.0,2482009.15
10.34,10.35,10.06,10.120000000000001,1573240192.0,1548511.8900000001
10.09,10.18,9.98,10.14,1774560384.0,1759061.81
10.11,10.21,9.99,10.040000000000001,1224888960.0,1212267.94
10.07,10.120000000000001,9.77,9.82,1709899008.0,1715474.6400000001
9.75,10.36,9.75,10.35,2326609920.0,2286348.72
10.35,10.41,10.22,10.33,1383536256.0,1340390.03
10.28,10.32,9.98,10.120000000000001,1588121344.0,1566918.72
10.05,10.17,9.88,10.03,1163327232.0,1166720.23
10.08,10.25,9.97,10.16,1315677056.0,1298726.45
10.200000000000001,10.44,10.05,10.4,1826584576.0,1781548.82
10.38,10.76,10.25,10.48,2546398208.0,2422220.65
10.44,10.620000000000001,10.370000000000001,10.6,1637582720.0,1559684.98
10.6,11.040000000000001,10.53,10.61,3446063872.0,3202104.98
10.6,10.68,10.53,10.66,951423104.0,897168.06
10.66,11.21,10.65,11.18,2903989248.0,2630891.95
11.21,11.47,11.11,11.3,2155684352.0,1910673.44
11.290000000000001,11.36,11.09,11.24,1933405056.0,1721714.54
11.24,11.5,11.120000000000001,11.48,2051351296.0,1811471.9000000001
11.41,11.97,11.31,11.950000000000001,2595572224.0,2231571.95
11.98,12.27,11.83,12.07,3269293056.0,2715405.07
11.91,12.0,11.65,11.870000000000001,2098278656.0,1769446.8800000001
11.85,12.05,11.72,12.0,1595335936.0,1337481.86
12.0,12.02,11.17,11.43,3634915072.0,3151936.0500000003
11.4,11.450000000000001,11.06,11.34,2214211072.0,1959049.02
11.42,11.5,11.19,11.26,1348960768.0,1190518.49
11.23,11.31,11.07,11.1,1279590656.0,1145652.62
11.1,11.120000000000001,10.58,10.81,2849978368.0,2645230.4
10.65,10.68,10.0,10.22,2996527616.0,2907913.16
10.19,10.34,10.08,10.14,1463429376.0,1432264.33
10.21,10.4,10.200000000000001,10.32,1198145536.0,1162745.45
10.200000000000001,10.76,10.15,10.33,2515148288.0,2385926.74
10.36,10.700000000000001,10.31,10.39,1662077312.0,1588157.35
10.55,11.07,10.39,11.06,2416913152.0,2246584.66
11.07,11.31,10.8,11.17,2475460608.0,2232089.05
10.86,10.9,10.27,10.39,2758781184.0,2610020.23
10.36,11.22,10.36,11.07,2525017088.0,2336077.34
11.16,11.31,10.96,11.11,2289024768.0,2056316.21
11.02,11.1,10.51,10.76,2072717440.0,1915551.54
10.81,10.88,10.6,10.71,1106726784.0,1030464.87
10.67,10.67,10.41,10.47,990803392.0,940812.21
10.46,10.65,10.18,10.290000000000001,1371021568.0,1322986.19
10.290000000000001,10.42,10.11,10.25,1083876608.0,1057644.31
10.4,10.56,10.27,10.450000000000001,1707645824.0,1634193.68
10.47,10.93,10.38,10.51,2283442432.0,2142992.72
10.44,10.64,10.39,10.48,1499673088.0,1426044.67
10.47,10.66,10.43,10.65,1207222528.0,1144702.21
10.68,11.200000000000001,10.65,11.19,2793678336.0,2536982.9
11.200000000000001,11.28,10.94,11.1,2143848576.0,1932679.19
11.01,11.11,10.950000000000001,11.06,1356165888.0,1228245.27
11.13,11.24,11.0,11.040000000000001,986945856.0,890205.79
10.98,10.99,10.65,10.700000000000001,1358261888.0,1263272.61
10.71,10.950000000000001,10.63,10.76,1225592704.0,1138146.85
10.200000000000001,10.25,9.68,10.02,2992135424.0,2980694.7600000002
10.03,10.21,9.91,10.13,1315731584.0,1310287.62
10.06,10.200000000000001,10.03,10.05,767292288.0,760521.16
10.07,10.17,9.94,10.03,840890496.0,836815.38
10.05,10.15,9.950000000000001,10.06,892637760.0,887657.72
9.870000000000001,9.99,9.700000000000001,9.92,883268160.0,894990.64
9.96,10.120000000000001,9.96,10.040000000000001,660726016.0,658065.96
10.03,10.040000000000001,9.92,10.0,544630528.0,545868.48
10.08,10.120000000000001,10.0,10.02,435013696.0,433037.5
10.03,10.06,9.9,9.94,417375296.0,418322.97000000003
9.94,9.99,9.790000000000001,9.83,747795136.0,757636.23
9.75,9.83,9.6,9.74,1224441856.0,1262747.2
9.74,9.74,9.52,9.59,829038272.0,862785.42
9.46,9.66,9.42,9.63,985199552.0,1034219.37
9.65,10.19,9.620000000000001,10.14,1778831232.0,1786750.31
10.11,10.22,10.1,10.22,1254891776.0,1233437.44
10.28,10.290000000000001,9.8,9.84,1083711360.0,1088268.15
9.86,10.15,9.77,10.03,1045917568.0,1050050.43
10.0,10.07,9.82,9.91,737540032.0,743203.34
9.96,10.01,9.85,9.88,524919904.0,528064.28
9.77,9.86,9.66,9.82,786928384.0,806678.25
9.870000000000001,10.17,9.83,10.01,1097528960.0,1093734.8
10.03,10.21,9.97,10.13,888293824.0,878652.72
10.09,10.1,9.98,10.06,603143616.0,600959.52
10.120000000000001,10.200000000000001,10.01,10.05,728615168.0,721535.1900000001
10.06,10.08,9.89,9.97,644949056.0,646673.34
9.93,10.06,9.89,10.03,630968320.0,631270.03
10.02,10.11,9.93,10.02,670319744.0,669943.06
10.03,10.05,9.93,9.97,671548096.0,673480.5700000001
9.98,10.02,9.93,9.99,471747488.0,472759.04000000004
9.99,10.16,9.84,10.15,1120193792.0,1116473.03
10.15,10.28,10.05,10.24,1250713216.0,1229551.49
10.26,10.540000000000001,10.200000000000001,10.41,1632285440.0,1568511.79
10.38,10.42,10.24,10.34,946356992.0,917752.4500000001
10.33,10.38,10.28,10.36,734819200.0,712076.89
10.290000000000001,10.33,10.15,10.15,845485632.0,824847.43
10.200000000000001,10.28,10.1,10.200000000000001,644944832.0,632309.83
10.21,10.33,10.18,10.290000000000001,714504512.0,695469.91
10.3,10.56,10.25,10.55,1160468736.0,1113770.99
10.58,10.620000000000001,10.51,10.52,966132032.0,914590.14
10.48,10.620000000000001,10.47,10.540000000000001,942531008.0,894547.96
10.56,10.620000000000001,10.46,10.47,1074952832.0,1018756.0
9.97,10.01,9.81,9.84,823621312.0,831860.9
9.89,9.89,9.700000000000001,9.74,587136128.0,601645.5700000001
9.74,9.77,9.6,9.65,545296064.0,564057.68
9.61,9.67,9.42,9.450000000000001,688813184.0,724175.97
9.51,9.57,9.32,9.35,682011584.0,723440.81
9.25,9.25,8.91,9.02,1152185088.0,1278202.75
9.07,9.07,8.98,9.02,699500736.0,775306.86
9.05,9.1,8.96,9.01,469144448.0,520391.65
9.05,9.120000000000001,9.01,9.07,365844128.0,403588.45
9.05,9.05,8.82,8.89,473179680.0,531047.91
8.86,8.86,8.4,8.42,1178952704.0,1375715.1
8.31,8.47,8.22,8.28,1229287040.0,1474426.1500000001
8.290000000000001,8.290000000000001,7.5,7.5200000000000005,1942163840.0,2499773.61
7.45,7.84,7.18,7.8,1856925568.0,2466012.0300000003
7.9,7.95,7.63,7.7700000000000005,1016856704.0,1307889.36
7.8500000000000005,7.92,7.7,7.88,982597056.0,1258232.84
7.82,8.3,7.76,8.28,1276035968.0,1577539.5
8.22,8.27,8.07,8.17,702497408.0,860270.64
8.18,8.22,7.95,8.15,677872960.0,840195.73
8.1,8.11,7.97,8.040000000000001,560255104.0,696903.13
8.06,8.28,8.02,8.120000000000001,697456128.0,857944.89
8.11,8.22,8.08,8.11,477728576.0,587643.4400000001
8.0,8.05,7.9,7.91,508688896.0,639775.79
7.92,7.96,7.88,7.92,324418304.0,409645.28
7.95,8.13,7.9,8.11,488041472.0,608291.22
8.17,8.92,8.17,8.86,2369027072.0,2741524.38
8.76,8.85,8.43,8.49,1400965632.0,1622113.73
8.55,8.71,8.41,8.56,891216128.0,1038509.24
8.52,8.55,8.41,8.540000000000001,664317056.0,784304.72
8.52,8.55,8.38,8.45,673336896.0,794897.09
8.41,8.45,8.16,8.2,818192320.0,990443.77
8.22,8.24,8.02,8.03,619426688.0,762422.68
7.9,7.99,7.82,7.95,754153152.0,955520.55
7.99,8.23,7.94,8.14,942643008.0,1159065.21
8.040000000000001,8.09,7.9,8.0,697536448.0,874105.5
8.02,8.11,7.96,8.02,497968416.0,620108.39
7.98,8.01,7.94,7.97,341110304.0,428005.03
7.9,7.9,7.71,7.74,655293184.0,845185.14
7.78,7.96,7.74,7.84,540970752.0,689076.35
7.91,8.02,7.82,7.86,397874848.0,503354.14
7.92,8.02,7.87,7.99,469433184.0,589593.81
8.06,8.120000000000001,7.97,7.98,463891776.0,577671.51
7.98,8.07,7.95,8.06,425459712.0,530561.18
8.03,8.08,7.98,8.03,664260288.0,827984.96
8.03,8.14,8.0,8.01,553785280.0,686799.17
8.01,8.07,7.95,7.99,436833728.0,546113.5
8.05,8.08,7.96,8.01,444645248.0,554835.72
8.040000000000001,8.32,8.01,8.31,1171789184.0,1427608.53
8.3,8.43,8.27,8.42,991814144.0,1186725.8
8.44,8.53,8.3,8.31,1025898624.0,1219036.7
8.31,8.370000000000001,8.2,8.22,556547136.0,671347.6900000001
8.17,9.040000000000001,8.15,8.31,2254296064.0,2647125.93
8.24,8.5,8.23,8.45,1044624768.0,1247047.78
8.42,8.78,8.39,8.51,1314061952.0,1536056.78
8.53,8.58,8.370000000000001,8.45,554833024.0,657322.24
8.41,8.620000000000001,8.4,8.44,513025408.0,603264.8
8.540000000000001,8.63,8.25,8.42,995509248.0,1175300.3
8.45,8.78,8.4,8.74,1399048064.0,1617201.47
8.75,9.05,8.700000000000001,8.950000000000001,2001682176.0,2246729.33
8.88,9.15,8.790000000000001,9.0,2194823936.0,2435749.63
9.11,9.21,8.86,8.92,1320039168.0,1464969.55
8.86,9.05,8.76,8.99,1152526336.0,1291433.51
9.11,9.290000000000001,8.950000000000001,8.97,1281805056.0,1412369.0
8.96,9.120000000000001,8.89,9.09,1269355904.0,1403836.61
9.040000000000001,9.24,9.03,9.14,1305299456.0,1424500.54
9.19,9.19,9.06,9.13,852833088.0,935444.09
9.15,9.870000000000001,9.120000000000001,9.57,2850092288.0,3010151.12
10.28,10.53,10.18,10.53,6069489664.0,5801892.24
11.0,11.49,10.77,11.4,13328929792.0,11980241.09
11.21,11.47,11.200000000000001,11.27,6834516480.0,6035510.16
11.3,12.4,11.16,12.25,12498180096.0,10415275.43
12.08,12.27,11.73,11.91,7947104256.0,6616465.51
12.0,12.02,11.23,11.49,8064946176.0,6994933.350000001
11.41,11.48,10.77,10.83,5694768128.0,5117379.43
10.950000000000001,11.19,10.83,11.0,4413153792.0,4001721.37
11.05,11.200000000000001,10.8,11.18,4987201024.0,4536301.38
11.19,11.200000000000001,10.57,10.81,5154101248.0,4769006.2
10.74,11.18,10.69,10.78,4206311424.0,3841461.37
10.75,10.76,10.07,10.17,4639913984.0,4484938.38
10.11,10.33,10.05,10.24,2485876736.0,2437824.09
10.34,10.370000000000001,10.02,10.09,2609512448.0,2565109.06
10.03,10.33,9.88,10.23,2618477312.0,2584441.74
10.1,10.46,10.07,10.27,2503190528.0,2440152.18
10.3,10.35,9.93,9.98,2508886016.0,2492250.16
10.1,10.65,10.0,10.55,4582589952.0,4419612.64
10.450000000000001,10.5,10.25,10.290000000000001,2834786560.0,2740093.07
10.3,10.35,10.02,10.11,2155489536.0,2123239.7800000003
10.09,10.09,9.82,9.91,2160308480.0,2173229.04
10.01,10.07,9.81,9.82,1440499456.0,1452534.61
9.82,10.06,9.8,9.88,1290361088.0,1298497.75
9.950000000000001,10.16,9.8,10.120000000000001,2123854848.0,2118509.17
10.11,10.11,9.86,9.93,1554175488.0,1560114.35
9.950000000000001,10.35,9.91,10.02,2639944192.0,2605131.7800000003
9.96,10.16,9.82,9.98,1700451840.0,1700033.94
10.01,10.26,9.99,10.07,2593128960.0,2565242.57
10.08,10.22,9.92,10.15,1650688512.0,1640981.18
10.22,10.69,10.18,10.48,5150564352.0,4942140.5
10.48,10.620000000000001,10.31,10.59,3162162432.0,3011658.49
10.58,10.6,10.31,10.33,2206625536.0,2116375.54
10.32,10.53,10.23,10.42,1704932224.0,1640572.62
10.48,10.540000000000001,10.26,10.3,1438550528.0,1387863.9000000001
10.22,10.25,10.040000000000001,10.200000000000001,1747250944.0,1725365.27
10.07,10.200000000000001,10.0,10.03,1522867072.0,1510265.6400000001
10.08,10.19,9.97,10.05,1158380416.0,1149838.22
10.02,10.1,9.93,9.98,1104891648.0,1103887.8800000001
9.99,10.02,9.9,9.97,793983232.0,797592.46
10.01,10.19,10.0,10.120000000000001,1209294464.0,1196551.82
10.040000000000001,10.05,9.63,9.64,2049839104.0,2087144.74
9.6,9.68,9.39,9.49,1601513600.0,1691110.25
9.49,9.85,9.48,9.68,1753424256.0,1805645.55
9.75,10.11,9.66,10.1,2289353984.0,2312759.31
10.1,10.1,9.950000000000001,9.97,1286050560.0,1285166.3
10.01,10.18,9.97,10.05,1265362944.0,1259865.7
10.0,10.08,9.78,10.07,1708643968.0,1723407.45
10.05,10.11,9.98,10.06,1317526656.0,1311169.61
9.99,10.11,9.92,9.93,967272320.0,967670.5
9.9,10.03,9.88,9.9,724350720.0,728576.86
9.870000000000001,10.08,9.76,9.93,1332415744.0,1343571.22
9.950000000000001,10.06,9.9,9.96,1217508480.0,1218390.05
10.06,10.120000000000001,9.96,9.99,1128740864.0,1124919.68
10.1,10.34,9.99,10.32,4162905344.0,4089526.0900000003
10.27,10.34,10.14,10.26,1832350208.0,1789537.1300000001
10.24,10.57,10.200000000000001,10.4,2951386624.0,2833033.2
10.4,10.44,10.28,10.35,1557557504.0,1505654.56
10.34,10.34,10.13,10.22,1611228672.0,1577340.44
10.21,10.25,10.08,10.11,1127426944.0,1113363.9
10.120000000000001,10.21,10.08,10.14,907205504.0,894765.38
10.11,10.13,9.91,9.93,1268123904.0,1271767.28
9.91,9.96,9.870000000000001,9.88,889730880.0,898390.25
9.84,9.85,9.77,9.83,963431296.0,981246.24
9.85,9.97,9.72,9.74,1177159808.0,1198021.06
9.76,9.77,9.66,9.69,758108096.0,781262.26
9.71,9.8,9.68,9.71,536799936.0,551917.66
9.75,9.78,9.6,9.61,687152704.0,710035.1
9.63,9.64,9.34,9.36,1018130496.0,1075938.41
9.41,9.48,9.31,9.34,590896768.0,630148.53
9.370000000000001,9.41,9.25,9.34,671259968.0,718029.36
9.33,9.35,9.15,9.27,821820544.0,890032.65
9.26,9.27,9.06,9.09,753839552.0,825186.5
9.09,9.32,9.08,9.24,811334784.0,880523.11
9.3,9.32,9.19,9.200000000000001,650877056.0,704087.51
9.21,9.53,9.17,9.43,1006340928.0,1072370.45
9.44,9.450000000000001,9.290000000000001,9.33,652410752.0,698210.37
9.28,9.3,9.08,9.14,807094464.0,883519.6900000001
9.31,9.34,9.13,9.19,1079925504.0,1172677.0
9.17,9.21,9.01,9.14,657895488.0,721509.47
9.14,9.32,9.11,9.200000000000001,724415936.0,786034.81
9.200000000000001,9.44,9.16,9.290000000000001,1025797632.0,1099767.6300000001
9.28,9.450000000000001,9.24,9.41,875061952.0,933799.78
9.44,9.47,9.33,9.39,618500160.0,659353.63
9.4,9.43,9.25,9.4,744481152.0,797102.66
9.39,9.4,9.16,9.23,717369984.0,776066.43
9.22,9.26,9.17,9.18,618488768.0,672047.43
9.17,9.17,9.07,9.120000000000001,601804096.0,660474.96
9.1,9.13,9.040000000000001,9.07,382309888.0,420947.92
9.1,9.26,9.09,9.16,436604864.0,475960.32
9.18,9.38,9.17,9.34,849733120.0,913872.77
9.31,9.34,9.21,9.22,583623040.0,630554.0700000001
9.17,9.32,9.14,9.23,653717696.0,707572.05
9.19,9.200000000000001,9.1,9.120000000000001,637844224.0,698586.49
9.120000000000001,9.290000000000001,9.120000000000001,9.19,527187520.0,573336.18
9.24,9.31,9.200000000000001,9.290000000000001,659122816.0,710428.25
9.27,9.3,9.15,9.17,485399520.0,525089.27
9.13,9.18,9.07,9.18,466080896.0,511369.21
9.18,9.3,9.16,9.290000000000001,848138368.0,915731.13
9.31,9.68,9.22,9.540000000000001,2017636480.0,2123924.09
9.5,9.64,9.44,9.5,1012082688.0,1064493.43
9.48,9.84,9.41,9.6,1901282560.0,1977651.4000000001
9.6,9.63,9.51,9.59,770860224.0,805032.3
9.620000000000001,9.66,9.48,9.52,1029473536.0,1079162.85
9.51,9.51,9.23,9.26,1231564416.0,1319722.51
9.25,9.57,9.200000000000001,9.49,1420983552.0,1507297.04
9.53,9.73,9.36,9.39,1379086336.0,1446073.91
9.39,9.43,9.22,9.290000000000001,765984704.0,823125.49
9.200000000000001,9.21,8.97,9.01,1223507840.0,1352691.96
9.01,9.08,8.81,8.83,1012070336.0,1129881.8
8.81,8.89,8.77,8.85,704799680.0,798110.62
8.9,9.03,8.81,8.94,1005356224.0,1125560.09
8.9,9.01,8.8,8.91,671034432.0,754278.66
8.91,8.92,8.81,8.85,720619840.0,813899.91
8.84,8.91,8.68,8.870000000000001,994582720.0,1134738.57
8.86,8.88,8.68,8.700000000000001,585846336.0,667762.62
8.700000000000001,8.86,8.620000000000001,8.8,920528192.0,1052216.71
8.8,8.91,8.71,8.73,757643584.0,859966.38
8.67,8.71,8.42,8.44,859115776.0,1003359.9
8.43,8.53,8.39,8.46,600753216.0,711195.2000000001
8.47,8.67,8.39,8.56,942803776.0,1104686.1300000001
8.76,9.13,8.68,8.84,1758751744.0,1981158.6400000001
8.78,9.03,8.72,8.99,1602451072.0,1797692.47
9.22,9.23,8.870000000000001,8.89,1523657856.0,1679653.5
8.85,9.07,8.76,9.05,832057152.0,938382.18
8.96,9.200000000000001,8.950000000000001,8.99,1510412544.0,1660587.33
8.98,9.89,8.97,9.89,5543459840.0,5777301.46
9.89,10.01,9.74,9.8,5438997504.0,5509381.12
9.76,9.86,9.68,9.75,2201589760.0,2253244.49
9.78,9.83,9.51,9.58,1813592704.0,1886547.3
9.53,9.94,9.48,9.69,3020967424.0,3101834.5300000003
9.64,9.92,9.6,9.67,2299182848.0,2356096.23
9.700000000000001,9.77,9.57,9.72,1139701376.0,1179579.84
9.66,9.84,9.63,9.73,1177869440.0,1211422.3
9.75,10.040000000000001,9.71,9.94,2188083712.0,2214870.36
9.94,10.0,9.64,9.67,1988726400.0,2025891.36
9.620000000000001,9.75,9.57,9.73,1003039488.0,1037101.91
9.71,10.31,9.71,10.14,3925146624.0,3899480.91
10.120000000000001,10.19,10.03,10.1,1686236288.0,1669717.45
10.14,10.41,10.03,10.23,2565192704.0,2517741.37
10.18,10.32,10.14,10.25,1923682560.0,1879817.94
10.25,10.290000000000001,10.09,10.120000000000001,1356868480.0,1335666.31
10.07,10.08,9.82,9.85,1746784896.0,1761661.47
9.82,9.97,9.81,9.9,997304832.0,1007655.41
9.93,9.97,9.74,9.76,1453030912.0,1478783.98
9.73,9.81,9.63,9.78,1120720896.0,1153944.62
9.74,9.96,9.68,9.71,1292829696.0,1313923.21
9.68,9.92,9.66,9.9,1385544320.0,1412314.11
9.85,10.0,9.83,9.88,1352733696.0,1364195.6400000001
9.9,9.98,9.85,9.870000000000001,815388800.0,823094.79
9.92,10.06,9.82,9.84,1794439424.0,1805735.27
9.82,9.870000000000001,9.65,9.67,1198580992.0,1234251.22
9.67,9.82,9.65,9.8,859931392.0,884433.28
9.98,10.02,9.76,9.77,1407065856.0,1425589.19
9.77,9.790000000000001,9.58,9.74,1001815680.0,1035090.79
9.700000000000001,9.8,9.67,9.700000000000001,572224192.0,587976.26
9.69,9.75,9.64,9.66,542274496.0,559727.88
9.66,9.870000000000001,9.64,9.75,930740672.0,952258.92
9.75,9.82,9.69,9.76,731563200.0,748293.3200000001
9.85,9.96,9.790000000000001,9.93,1282666112.0,1295895.86
9.9,9.94,9.83,9.9,653997056.0,661825.4500000001
9.89,9.92,9.78,9.81,1124734336.0,1143551.29
9.790000000000001,9.83,9.71,9.73,688077248.0,704269.25
9.700000000000001,9.8,9.700000000000001,9.75,556664640.0,571422.3
9.72,9.72,9.47,9.52,1314192256.0,1374059.78
9.56,9.6,9.48,9.55,610778816.0,640577.49
9.52,9.61,9.41,9.6,517810688.0,542980.4
9.59,9.73,9.57,9.6,692799616.0,716886.11
9.61,9.700000000000001,9.59,9.700000000000001,454096736.0,470573.42
9.76,9.78,9.69,9.74,526560768.0,541089.63
9.73,9.74,9.620000000000001,9.66,720820160.0,744361.55
9.66,9.72,9.6,9.68,892246144.0,924783.03
9.68,9.72,9.6,9.620000000000001,726796800.0,752585.24
9.620000000000001,9.63,9.55,9.57,662738432.0,690968.41
9.59,9.64,9.53,9.540000000000001,677281792.0,706412.83
9.55,9.56,9.4,9.450000000000001,816293696.0,862464.0800000001
9.450000000000001,9.63,9.43,9.620000000000001,538639296.0,565003.35
9.6,9.620000000000001,9.450000000000001,9.51,509267456.0,534260.17
9.46,9.67,9.46,9.540000000000001,557813056.0,582317.14
9.59,9.65,9.52,9.63,655798656.0,682568.23
9.59,9.63,9.55,9.59,444252128.0,463348.06
9.57,9.59,9.52,9.540000000000001,410062048.0,429176.93
9.55,9.78,9.540000000000001,9.73,1256394752.0,1296248.94
9.73,9.870000000000001,9.69,9.81,1159724288.0,1184773.67
9.83,9.83,9.71,9.73,892676096.0,913170.81
9.73,9.77,9.71,9.73,647470912.0,664599.96
9.74,9.81,9.6,9.64,668029824.0,689064.6
9.64,9.71,9.620000000000001,9.700000000000001,557096320.0,576657.33
9.71,9.77,9.63,9.66,834638528.0,860195.54
9.05,9.09,9.01,9.040000000000001,753572864.0,833055.37
9.05,9.05,8.97,8.98,421074944.0,467977.81
8.98,9.040000000000001,8.98,8.99,387941152.0,430524.7
8.99,9.02,8.96,8.97,383829280.0,427132.39
8.98,9.08,8.98,9.05,476195584.0,526450.89
9.08,9.1,9.01,9.06,385288800.0,425845.0
9.06,9.09,9.02,9.06,373724768.0,412627.9
9.06,9.09,9.03,9.07,585009408.0,645532.3200000001
9.08,9.09,9.05,9.07,428330848.0,472639.41000000003
9.07,9.08,9.03,9.05,387738016.0,428314.05
9.05,9.06,9.01,9.05,475316192.0,525929.64
9.05,9.05,8.91,8.92,680803712.0,758296.47
8.92,8.950000000000001,8.9,8.92,386256096.0,432847.95
8.92,8.99,8.91,8.94,523490688.0,584612.16
8.93,9.01,8.9,9.0,449273952.0,501923.34
9.01,9.02,8.98,9.01,515793888.0,573316.18
9.01,9.05,9.0,9.02,521218624.0,577580.13
9.03,9.040000000000001,8.97,8.99,387416768.0,430761.22000000003
8.98,9.05,8.96,9.02,542519424.0,601435.7000000001
9.01,9.02,8.97,8.98,390236864.0,433945.38
8.96,9.1,8.96,9.06,915202944.0,1011864.49
9.040000000000001,9.14,9.040000000000001,9.08,864070592.0,950718.92
9.09,9.38,9.09,9.32,2179260160.0,2350074.35
9.38,9.44,9.3,9.39,1259192320.0,1344609.46
9.44,9.83,9.44,9.76,3067199488.0,3158566.64
9.8,9.88,9.72,9.78,1989649792.0,2030494.28
9.89,9.92,9.67,9.71,1785992192.0,1827282.43
9.69,9.81,9.66,9.8,1098506240.0,1130036.43
9.77,9.96,9.74,9.76,1966817280.0,1993162.83
9.82,9.94,9.73,9.92,1646470400.0,1670013.55
9.92,9.950000000000001,9.8,9.870000000000001,1154644352.0,1169420.8
9.83,9.83,9.66,9.74,1309646592.0,1345310.42
9.75,9.78,9.55,9.56,1363312768.0,1412442.03
9.56,9.6,9.5,9.540000000000001,1154961152.0,1209827.62
9.57,9.73,9.57,9.700000000000001,966146816.0,999023.17
9.69,9.700000000000001,9.6,9.64,779243648.0,808561.9
9.64,9.68,9.53,9.61,932751424.0,972016.87
9.63,9.68,9.58,9.6,986409920.0,1023256.64
9.63,9.700000000000001,9.58,9.68,806096128.0,835078.36
9.69,9.81,9.67,9.72,933999552.0,961116.63
9.78,9.78,9.64,9.71,968114304.0,997961.64
9.71,9.71,9.63,9.64,677452352.0,701355.43
9.64,9.65,9.43,9.5,1123688960.0,1180571.83
9.5,9.58,9.47,9.540000000000001,733185600.0,768857.41
9.52,9.53,9.42,9.44,856940032.0,905961.14
9.43,9.5,9.41,9.46,804802432.0,852136.16
9.450000000000001,9.5,9.43,9.450000000000001,516864192.0,546287.6900000001
9.450000000000001,9.450000000000001,9.36,9.36,661133056.0,702891.62
9.4,9.48,9.36,9.47,507394720.0,538816.05
9.49,9.52,9.44,9.49,650654464.0,685780.76
9.51,9.63,9.46,9.6,1227884288.0,1287057.24
9.63,9.74,9.620000000000001,9.68,1244849664.0,1285881.1
9.700000000000001,9.72,9.63,9.71,956753792.0,989192.02
9.73,9.78,9.69,9.74,1234562048.0,1269259.07
9.75,9.82,9.68,9.700000000000001,1205605760.0,1238660.6300000001
9.65,9.66,9.57,9.59,1073076800.0,1116595.15
9.6,9.73,9.57,9.6,1152957952.0,1197631.93
9.61,9.61,9.53,9.6,768304384.0,802964.96
9.56,9.64,9.51,9.6,950656320.0,994444.66
9.65,9.76,9.59,9.620000000000001,2154511872.0,2227515.21
9.63,9.66,9.53,9.57,1116528128.0,1165774.48
9.56,9.75,9.53,9.73,2119148544.0,2189938.65
9.72,9.91,9.700000000000001,9.85,2816151296.0,2860047.82
9.83,9.83,9.61,9.61,1505934080.0,1555468.83
9.61,9.69,9.6,9.63,850252160.0,882241.5
9.61,9.790000000000001,9.59,9.76,1480725888.0,1526373.26
9.790000000000001,9.83,9.68,9.71,1340440576.0,1372163.2
9.69,9.74,9.64,9.72,781818048.0,805983.27
9.75,9.81,9.72,9.76,1188241024.0,1217630.1300000001
9.78,9.8,9.700000000000001,9.75,1023862464.0,1050932.76
9.78,9.85,9.73,9.84,1398725120.0,1427244.44
9.85,9.94,9.81,9.85,1293022464.0,1309682.17
9.8,9.91,9.77,9.83,1308626432.0,1330301.86
9.790000000000001,9.83,9.68,9.73,1069089792.0,1098312.2
9.72,9.82,9.69,9.72,818017664.0,840029.04
9.72,9.85,9.64,9.790000000000001,1304901632.0,1339222.6500000001
9.74,10.040000000000001,9.700000000000001,9.89,2936900096.0,2963668.59
9.88,10.0,9.75,9.85,1588282368.0,1610198.57
9.93,9.950000000000001,9.82,9.9,1133473920.0,1147187.58
9.89,9.91,9.76,9.78,1034461888.0,1052906.36
9.790000000000001,9.88,9.75,9.78,893481664.0,910921.37
9.78,9.88,9.72,9.75,1159897472.0,1184163.24
9.77,9.790000000000001,9.66,9.68,1054022656.0,1083126.57
9.620000000000001,9.63,9.4,9.47,1323460352.0,1389294.87
9.5,9.61,9.5,9.59,965189376.0,1010440.54
9.61,9.75,9.57,9.700000000000001,1555123968.0,1610506.35
9.72,9.85,9.65,9.81,1722710656.0,1767805.22
9.88,10.38,9.85,10.200000000000001,4953082880.0,4910647.11
10.25,10.28,10.1,10.16,2525984256.0,2483716.19
10.200000000000001,10.200000000000001,10.02,10.07,1645394560.0,1632126.4100000001
10.08,10.11,9.96,9.99,1578932480.0,1575614.22
10.01,10.040000000000001,9.950000000000001,10.03,1018619328.0,1018630.9400000001
10.01,10.39,9.98,10.18,4155058176.0,4071141.19
10.53,10.81,10.42,10.55,5168943616.0,4893768.64
10.620000000000001,11.26,10.620000000000001,10.92,7163875328.0,6537389.73
10.85,11.07,10.74,11.05,2961655296.0,2710385.74
11.1,11.38,10.86,10.94,4115769344.0,3712639.86
10.88,10.98,10.75,10.9,2154897408.0,1984143.46
10.94,11.08,10.73,10.75,2329015808.0,2145198.35
10.75,10.8,10.43,10.450000000000001,2687326976.0,2549008.99
10.43,10.540000000000001,10.39,10.47,1518565376.0,1453266.46
10.450000000000001,10.66,10.370000000000001,10.57,1709647488.0,1624024.95
10.58,10.82,10.46,10.790000000000001,2234174976.0,2099976.41
10.57,10.99,10.450000000000001,10.86,5090821632.0,4740499.2700000005
10.81,11.09,10.75,11.08,3159162368.0,2894900.93
11.25,11.43,11.1,11.32,5092828672.0,4522633.45
11.48,11.72,11.28,11.48,5062406656.0,4397382.76
11.53,12.48,11.48,12.4,9950390272.0,8321832.5600000005
12.450000000000001,12.98,12.120000000000001,12.16,7590567424.0,6072703.63
12.030000000000001,13.08,12.030000000000001,12.870000000000001,7404591104.0,5893710.3100000005
12.84,13.290000000000001,12.32,12.58,9380076544.0,7305614.48
12.58,13.3,12.370000000000001,13.27,9307945984.0,7200416.69
13.42,14.0,12.9,13.530000000000001,11553890304.0,8596476.16
13.39,14.040000000000001,13.200000000000001,13.81,9622363136.0,7039225.0
13.56,14.16,12.46,12.65,11788051456.0,8691937.75
12.700000000000001,13.25,12.21,13.16,7901267968.0,6202723.95
12.96,13.55,12.85,13.05,5847503360.0,4425711.8100000005
13.05,13.38,12.780000000000001,12.98,4067040256.0,3105587.43
12.8,12.82,12.46,12.76,4232421888.0,3350254.14
12.700000000000001,13.3,12.65,13.290000000000001,5706439680.0,4386880.05
13.49,14.39,13.33,14.11,12037657600.0,8697035.85
14.22,14.34,13.71,13.89,7010663936.0,4996278.53
13.96,14.200000000000001,13.63,14.09,6099396096.0,4362442.08
14.18,15.200000000000001,14.14,14.68,10043569152.0,6834495.13
14.4,14.98,14.08,14.11,6398625280.0,4415787.83
14.11,14.200000000000001,13.31,13.46,5715187712.0,4175795.39
13.75,14.27,13.530000000000001,14.25,6359588352.0,4557219.07
14.3,14.84,14.19,14.77,6790353408.0,4669831.21
15.4,15.88,14.71,14.950000000000001,9556435968.0,6252161.46
14.950000000000001,15.5,14.83,15.36,6774519296.0,4436555.59
15.450000000000001,15.790000000000001,15.11,15.69,7271524864.0,4688323.39
15.88,16.25,15.56,16.07,8182820864.0,5135687.09
16.0,16.68,15.82,16.13,8311085056.0,5116845.350000001
15.9,16.17,15.530000000000001,15.81,6114241024.0,3857168.2
15.870000000000001,15.88,15.200000000000001,15.25,5101310464.0,3306271.72
15.200000000000001,16.25,15.11,15.43,7692348416.0,4919999.37
15.5,15.71,14.950000000000001,15.22,5625726976.0,3677872.69
15.13,15.41,15.1,15.18,2712026624.0,1784049.56
15.31,15.790000000000001,15.31,15.49,4812472320.0,3090188.5500000003
15.49,16.15,15.39,16.12,5216166912.0,3298268.49
16.240000000000002,16.75,16.16,16.47,7938758144.0,4802458.87
15.38,15.73,14.82,14.82,9496942592.0,6235208.8
14.88,15.17,14.58,15.0,7142638592.0,4792157.41
15.1,15.870000000000001,14.81,15.74,7489943040.0,4875403.69
15.73,15.76,15.35,15.63,4592023040.0,2947382.61
15.74,16.04,15.540000000000001,15.63,5044685824.0,3200429.92
15.56,15.59,15.13,15.43,4122351616.0,2685669.22
15.44,15.44,14.75,15.01,5286301696.0,3519140.1
14.82,15.11,14.66,14.81,3592645120.0,2422030.54
14.58,14.68,14.32,14.42,3864614144.0,2669680.83
14.58,14.69,14.36,14.47,3021747712.0,2078653.27
14.06,14.26,13.99,14.040000000000001,2989272576.0,2116176.77
14.21,14.46,14.02,14.450000000000001,2792706816.0,1962635.69
14.5,14.59,14.120000000000001,14.18,2421384704.0,1678962.19
14.75,14.8,14.17,14.18,5742890496.0,3943326.92
14.09,14.32,13.950000000000001,14.09,2637144064.0,1865475.22
14.06,14.27,13.85,14.16,3155932160.0,2245855.11
14.15,14.48,14.08,14.43,2629916416.0,1836935.1300000001
14.43,14.540000000000001,14.31,14.42,1789572992.0,1241270.97
14.42,14.43,14.11,14.35,2121808256.0,1489541.52
14.5,14.67,14.35,14.43,3023274240.0,2083668.1
14.43,14.46,14.26,14.4,1995677440.0,1392200.24
14.42,14.58,14.41,14.47,1747213056.0,1206652.6300000001
14.48,14.5,14.18,14.280000000000001,2025174400.0,1409325.83
14.25,14.68,14.11,14.620000000000001,3104052224.0,2150139.7800000003
14.6,14.8,14.48,14.530000000000001,2861206528.0,1956068.7
14.58,14.58,14.36,14.48,3159377664.0,2187632.7600000002
14.44,14.44,13.98,14.0,3766071296.0,2663724.15
14.05,14.07,13.85,13.91,2183814656.0,1565959.95
13.84,13.84,13.51,13.58,3090569728.0,2265045.8000000003
13.58,13.780000000000001,13.540000000000001,13.63,1750570368.0,1280363.67
13.81,14.700000000000001,13.61,14.51,6170955264.0,4348014.76
14.32,14.370000000000001,14.07,14.1,3623305472.0,2548447.64
14.17,14.56,14.17,14.25,3087509504.0,2150697.22
14.65,15.56,14.58,15.120000000000001,9512030208.0,6327818.7700000005
15.19,15.8,15.08,15.290000000000001,6789040640.0,4401783.79
15.56,15.610000000000001,15.200000000000001,15.47,4867224576.0,3161166.67
15.6,15.68,15.36,15.540000000000001,4797833728.0,3096776.45
15.57,15.88,15.43,15.88,5558613504.0,3546551.38
15.88,15.89,15.58,15.64,4978776064.0,3167709.12
15.620000000000001,16.09,15.370000000000001,15.75,7180731392.0,4565312.22
15.82,16.04,15.77,15.91,5692416000.0,3575927.4
15.89,16.0,15.6,15.69,5114146816.0,3246575.42
15.6,15.72,15.15,15.24,5108990976.0,3317303.3200000003
15.15,15.58,15.040000000000001,15.36,4326755840.0,2823407.13
15.32,15.55,15.17,15.36,3350088448.0,2181749.7800000003
15.55,16.2,15.44,16.02,7735007744.0,4874426.600000001
16.48,16.580000000000002,15.74,15.790000000000001,7990395392.0,4940492.54
15.790000000000001,16.14,15.75,15.950000000000001,4868332032.0,3058783.83
16.3,16.38,15.870000000000001,16.18,6611462144.0,4100876.52
16.0,16.29,15.93,16.2,5171218944.0,3203615.0700000003
16.5,16.87,16.45,16.71,8372655104.0,5022602.03
16.73,17.04,16.45,17.02,8633478144.0,5148163.75
17.05,17.48,16.8,16.87,8497436160.0,4973354.58
16.86,17.57,16.76,17.53,7772119552.0,4515434.45
17.990000000000002,18.48,17.62,18.03,10470524928.0,5814065.95
18.03,18.04,17.56,17.89,6640484864.0,3728370.61
17.8,18.45,17.71,17.96,8170773504.0,4496439.05
17.97,18.67,17.85,18.650000000000002,7577393152.0,4159845.73
18.95,19.05,18.47,18.6,9167363072.0,4901593.21
18.72,18.72,17.6,17.900000000000002,10446728192.0,5724358.09
17.75,18.19,17.75,18.16,6615540736.0,3681946.81
18.3,18.55,18.080000000000002,18.5,7712130560.0,4207667.43
18.5,18.64,18.11,18.22,6675542016.0,3635936.31
17.8,18.03,17.46,17.68,7509013504.0,4229271.09
17.72,18.25,17.72,18.17,6942247936.0,3845414.12
18.240000000000002,19.0,18.0,18.3,11100684288.0,6000539.9
18.27,18.66,18.06,18.53,6591915008.0,3583937.31
18.28,18.46,18.05,18.07,7523663360.0,4127605.22
18.0,18.0,17.6,17.81,4597699072.0,2580645.65
17.73,17.75,16.85,17.080000000000002,6483575808.0,3753864.37
17.080000000000002,17.51,16.97,17.06,5225100288.0,3036078.77
17.03,17.28,16.98,17.07,3674226176.0,2143907.0300000003
17.19,17.3,16.82,17.11,3151167744.0,1845600.0
16.98,17.31,16.79,17.27,4711900672.0,2771534.27
17.25,17.400000000000002,17.04,17.240000000000002,3768388864.0,2191763.41
17.330000000000002,17.39,16.9,17.07,4198950144.0,2452444.98
17.1,17.25,16.94,16.990000000000002,3283133184.0,1923619.49
16.91,17.07,16.59,16.78,3526291456.0,2095972.6700000002
16.62,16.76,16.34,16.38,3106379520.0,1875552.04
16.37,17.09,16.35,17.04,4080429312.0,2422512.71
17.04,17.490000000000002,16.97,17.150000000000002,4567803904.0,2656757.17
17.25,17.400000000000002,17.1,17.32,2873100288.0,1664034.83
17.46,17.79,17.34,17.76,4379120128.0,2480875.43
17.85,18.18,17.84,18.14,4942206976.0,2738747.63
18.22,18.45,17.91,18.39,5504873472.0,3016652.97
18.44,18.650000000000002,18.05,18.07,5444651008.0,2969423.07
18.1,18.14,17.01,17.04,5908534784.0,3340322.1
17.080000000000002,17.35,16.71,17.04,4370819072.0,2560873.15
17.04,18.080000000000002,16.86,17.93,5015007232.0,2863792.5500000003
17.93,17.97,17.5,17.84,4001574400.0,2249355.35
17.89,18.05,17.54,17.900000000000002,4338757632.0,2441396.88
18.0,18.8,17.580000000000002,18.63,8635099136.0,4718649.28
19.0,19.17,18.02,18.43,6742854144.0,3624201.5500000003
18.490000000000002,18.98,17.95,18.2,9419105280.0,5131186.5200000005
18.09,18.25,17.64,17.72,4980064768.0,2782967.31
17.580000000000002,17.95,16.84,17.07,4894778880.0,2780902.21
16.45,17.09,16.240000000000002,17.02,4966949376.0,2977488.88
17.03,17.3,16.580000000000002,17.25,4364353024.0,2578253.17
17.6,17.740000000000002,16.65,16.71,4704733184.0,2716490.32
16.43,17.080000000000002,15.33,15.85,5893832704.0,3617767.3000000003
16.3,16.53,14.81,15.91,6723070976.0,4206756.91
15.93,16.98,15.91,16.96,6204981760.0,3754112.7
16.81,16.93,16.2,16.32,4180149248.0,2505559.97
16.5,16.830000000000002,15.81,16.37,5297602560.0,3222648.59
16.39,16.64,15.1,15.870000000000001,5041249792.0,3127010.72
17.400000000000002,17.46,16.63,17.22,11195523072.0,6594218.95
16.94,17.82,16.46,17.57,12379047936.0,7137635.0200000005
16.2,17.5,15.81,15.950000000000001,13833635840.0,8379504.19
15.950000000000001,17.400000000000002,15.38,16.95,8927542272.0,5452372.73
16.76,18.150000000000002,16.65,17.28,11376343040.0,6477685.69
16.990000000000002,17.48,16.81,17.04,6364720128.0,3725946.5
16.78,16.98,16.36,16.75,5111292928.0,3057258.0
16.7,17.13,16.51,17.07,5845359104.0,3482535.5
17.07,17.12,16.71,16.96,3069471232.0,1814025.98
17.03,17.19,16.88,17.02,3336786176.0,1959275.78
17.0,17.03,16.65,16.68,2908824576.0,1729181.55
16.580000000000002,16.72,16.3,16.38,2572676352.0,1562682.61
16.330000000000002,16.38,16.15,16.16,1956978816.0,1203527.0
16.240000000000002,16.51,16.18,16.43,1878869120.0,1145254.68
16.43,16.490000000000002,16.13,16.14,2016987520.0,1236091.79
16.0,16.1,14.84,14.91,3515372544.0,2250915.81
14.68,15.4,14.620000000000001,15.24,3717225984.0,2460950.94
15.22,15.3,15.120000000000001,15.290000000000001,2063868160.0,1358586.97
15.290000000000001,15.36,14.88,14.9,1807407744.0,1189217.23
14.97,15.16,14.65,15.07,3516273920.0,2349412.66
14.99,15.6,14.86,15.55,3246435584.0,2123671.32
15.48,15.67,15.38,15.620000000000001,1320992896.0,851543.64
15.6,15.64,15.27,15.31,899150912.0,581858.8200000001
15.16,15.57,15.14,15.38,1007550208.0,653779.9500000001
15.58,15.64,15.39,15.47,1014250624.0,653022.58
15.450000000000001,15.860000000000001,15.35,15.780000000000001,1823777024.0,1169382.05
15.700000000000001,15.75,15.51,15.57,1642256896.0,1051041.23
15.4,15.6,15.38,15.39,1225370368.0,791843.5800000001
15.47,15.56,15.290000000000001,15.450000000000001,1141661440.0,740342.09
15.47,15.540000000000001,15.370000000000001,15.49,1025758720.0,663560.1
15.41,15.41,15.22,15.32,1851641728.0,1208920.83
15.35,15.52,14.83,14.870000000000001,3032249600.0,1984452.21
14.870000000000001,15.17,14.5,15.0,2952584704.0,1990620.97
14.94,14.99,14.66,14.68,1309322496.0,881247.8200000001
14.61,14.74,14.200000000000001,14.22,1794884608.0,1237928.17
13.93,13.950000000000001,12.8,12.870000000000001,4407389696.0,3348594.29
12.540000000000001,13.08,11.91,12.39,3659079680.0,2894706.86
12.65,13.35,12.4,13.02,3028238592.0,2352145.88
13.16,14.09,12.98,13.98,2835655168.0,2120088.06
14.1,14.32,13.85,14.24,2942159360.0,2089509.55
14.200000000000001,14.98,13.96,14.96,2902670592.0,2026285.1500000001
14.66,15.34,14.41,15.33,4572547072.0,3049046.88
14.9,15.370000000000001,14.72,14.89,3831534848.0,2550452.73
14.73,15.01,14.16,14.5,4206785536.0,2879486.2800000003
14.52,15.16,14.22,15.06,4893450752.0,3308141.93
14.91,15.27,14.91,15.16,3653652224.0,2419175.33
15.06,15.27,14.96,15.25,3113081088.0,2057490.26
15.35,15.66,15.3,15.56,4469128192.0,2887085.58
15.5,15.950000000000001,14.93,15.93,2836987904.0,1839366.07
15.530000000000001,15.55,15.24,15.46,1658227584.0,1076024.58
15.31,15.8,15.030000000000001,15.43,1135218688.0,741289.8200000001
15.34,15.46,15.1,15.11,778452736.0,508486.55
15.16,15.290000000000001,15.02,15.030000000000001,619915776.0,408992.48
14.96,15.08,14.84,14.97,604841984.0,404883.16000000003
14.97,15.23,14.97,15.05,584644928.0,386738.35000000003
14.91,15.0,14.68,14.950000000000001,810914240.0,545806.34
14.950000000000001,15.3,14.870000000000001,15.27,1192962816.0,788625.72
15.15,15.620000000000001,15.15,15.59,2096781824.0,1360708.95
15.55,15.96,15.42,15.92,1436492544.0,914258.16
15.790000000000001,15.99,15.67,15.97,1807681536.0,1141902.53
15.950000000000001,16.65,15.9,16.63,3452096768.0,2110381.23
16.8,16.8,15.83,15.870000000000001,2277284608.0,1400571.48
15.97,16.15,15.85,15.9,663144768.0,415258.35000000003
15.9,16.25,15.73,16.06,1497165824.0,936333.06
15.98,16.11,15.85,15.97,873290880.0,546987.99
15.81,16.09,15.81,15.9,706211840.0,442978.12
16.03,16.57,16.03,16.28,1648964992.0,1010410.55
16.23,16.45,16.15,16.32,1223267200.0,749339.96
16.26,16.54,16.09,16.31,1217460736.0,742262.85
16.3,16.63,16.23,16.59,1251114496.0,757605.65
16.5,16.68,16.38,16.39,750144832.0,454654.14
16.3,16.52,16.22,16.41,625014464.0,381227.91000000003
16.4,16.77,16.37,16.46,1005503936.0,604850.65
16.43,16.92,16.43,16.84,1086409856.0,650539.92
16.85,18.07,16.75,17.71,4077390336.0,2317996.91
17.52,18.18,17.51,17.88,2277276160.0,1275942.25
17.92,19.19,17.88,18.150000000000002,2925510400.0,1578200.58
18.0,18.69,17.82,18.37,2575229696.0,1404271.3800000001
18.41,18.490000000000002,17.5,17.73,1643831040.0,921302.21
17.8,17.830000000000002,17.150000000000002,17.36,1353612928.0,777901.59
17.2,17.6,17.150000000000002,17.580000000000002,1283306240.0,734331.56
17.34,17.580000000000002,17.2,17.42,785563840.0,451446.66000000003
17.46,17.81,17.42,17.44,1119712512.0,635392.78
17.47,17.68,17.240000000000002,17.39,1003785408.0,575845.78
17.3,17.990000000000002,17.3,17.900000000000002,1821483136.0,1025434.49
17.81,18.63,17.78,18.47,2733449216.0,1482062.1
18.51,19.13,18.44,19.06,3235638528.0,1712037.9100000001
18.900000000000002,19.12,18.59,19.05,2437634560.0,1293891.44
18.900000000000002,19.68,18.44,19.67,6295983616.0,3265247.7600000002
19.5,19.7,19.2,19.37,4187889920.0,2149442.39
19.16,19.42,18.400000000000002,18.53,1999981184.0,1056087.33
18.44,18.81,17.6,18.650000000000002,1779188224.0,976338.27
18.35,19.0,18.080000000000002,18.66,1179526400.0,634305.76
18.51,20.0,18.48,19.85,2972239104.0,1536080.76
19.7,19.77,19.22,19.25,2147607040.0,1103463.29
19.27,19.27,18.69,18.71,1331588224.0,702758.48
18.71,19.5,18.71,19.45,1592198400.0,833468.16
19.28,20.12,18.81,20.1,4764109312.0,2398849.49
19.580000000000002,19.580000000000002,19.11,19.23,1776578432.0,920494.65
19.34,19.88,19.11,19.27,1108934528.0,570913.1
19.01,19.22,18.43,18.6,1630390272.0,870668.26
18.31,18.63,18.03,18.45,1290712960.0,707369.58
18.44,18.82,18.17,18.31,950672896.0,516857.72000000003
18.36,18.45,18.11,18.18,705621184.0,387006.4
18.26,18.61,18.2,18.490000000000002,983362560.0,533040.71
18.490000000000002,19.8,18.43,18.81,1753311872.0,922119.24
18.79,19.400000000000002,18.54,19.14,1567681280.0,824900.8200000001
19.01,19.29,18.77,18.900000000000002,1006796480.0,531227.4400000001
18.91,19.13,18.61,18.88,1249610496.0,661281.71
18.85,19.14,18.67,19.04,1083459072.0,571715.54
19.02,19.48,18.93,19.32,1069153856.0,554278.97
19.37,19.43,18.62,18.7,945164672.0,499806.98
18.63,18.92,18.39,18.740000000000002,883333888.0,472884.65
18.71,18.78,18.31,18.57,660326976.0,356873.85000000003
18.52,18.52,18.26,18.27,513758880.0,279361.38
18.28,18.28,17.55,17.8,754425792.0,422406.10000000003
17.51,18.06,17.400000000000002,17.96,1034181504.0,580547.93
17.900000000000002,18.14,17.69,18.1,838667392.0,467726.53
17.8,17.900000000000002,17.400000000000002,17.51,199502704.0,113504.79000000001
17.740000000000002,17.88,16.91,17.490000000000002,1262105088.0,719182.96
17.21,17.45,16.96,17.05,1550155904.0,901771.35
17.17,17.52,17.080000000000002,17.45,964061504.0,553744.54
17.57,17.900000000000002,17.35,17.39,843717376.0,478693.12
17.0,17.990000000000002,16.89,17.92,966117824.0,548388.33
17.8,18.150000000000002,17.52,17.580000000000002,836146432.0,467231.39
17.43,17.990000000000002,17.32,17.68,583291584.0,327290.06
17.78,17.88,17.5,17.77,527753184.0,298071.59
17.61,17.7,17.080000000000002,17.25,623546944.0,359686.36
17.22,17.46,16.5,16.580000000000002,582845504.0,341971.15
16.84,17.11,16.490000000000002,17.02,708179264.0,420073.18
17.0,17.17,16.72,17.03,400445056.0,235589.71
16.96,17.14,16.4,16.66,643611776.0,382797.66000000003
16.75,16.98,16.51,16.68,742640768.0,442913.07
16.76,16.82,15.88,16.580000000000002,643984192.0,389021.8
16.52,17.05,16.41,16.9,799493376.0,474290.0
16.990000000000002,17.0,16.41,16.5,485275136.0,291395.96
16.5,16.94,16.46,16.76,425396896.0,253809.81
16.6,16.66,16.45,16.61,459255616.0,277791.83
16.84,17.32,16.63,17.3,799283776.0,471628.60000000003
17.240000000000002,18.39,17.150000000000002,18.38,1401156096.0,784134.54
17.98,18.48,17.8,18.45,1221398400.0,672963.17
17.51,17.53,16.61,16.97,1657158656.0,982403.22
16.88,17.47,16.82,16.86,973317376.0,569222.39
16.95,17.19,16.81,17.02,638223040.0,375409.32
16.92,18.07,16.91,18.03,1924212608.0,1084043.78
17.81,18.19,17.45,17.7,1219236352.0,686358.12
17.79,18.0,17.650000000000002,17.84,996332608.0,559879.68
17.78,18.25,17.78,18.06,756966784.0,420015.32
18.09,18.63,18.02,18.150000000000002,800814912.0,437608.11
18.16,18.35,18.06,18.13,506023200.0,278307.95
18.11,18.11,17.68,17.72,488313664.0,274482.72000000003
17.72,17.87,17.68,17.740000000000002,241971872.0,136191.85
17.78,18.0,17.37,17.45,433449216.0,245216.96
17.53,17.66,17.37,17.45,335806208.0,191511.52
17.650000000000002,17.95,17.650000000000002,17.87,634175232.0,355621.48
17.98,18.080000000000002,17.72,17.93,425380416.0,237621.12
17.98,18.25,17.61,18.18,643979456.0,357905.41000000003
17.94,18.29,17.76,18.17,768010112.0,426222.97000000003
18.03,18.14,17.87,17.96,421234848.0,234287.24
17.95,18.0,17.63,17.69,516129856.0,290477.13
17.56,17.76,17.53,17.6,301704512.0,171322.44
17.6,17.82,17.55,17.67,426862400.0,241176.35
17.69,17.7,17.53,17.62,248002288.0,141007.59
17.73,17.990000000000002,17.69,17.740000000000002,627667712.0,351897.16000000003
17.900000000000002,18.01,17.75,17.8,281977248.0,157962.08000000002
17.95,18.06,17.8,17.89,623836224.0,347735.26
17.75,18.03,17.66,17.81,501790688.0,280841.33
17.95,17.98,17.78,17.900000000000002,487095904.0,272463.71
17.89,17.990000000000002,17.31,17.96,825437824.0,466146.11
17.82,18.35,17.75,18.12,872382592.0,482129.15
18.0,18.36,17.94,18.240000000000002,513194656.0,281781.62
18.150000000000002,18.16,17.82,17.88,435467872.0,242943.6
17.87,18.080000000000002,17.75,17.92,281501376.0,157394.0
17.97,17.97,17.8,17.86,247622912.0,138388.75
17.93,18.1,17.830000000000002,17.900000000000002,282201344.0,157284.17
17.830000000000002,17.94,17.75,17.830000000000002,412460992.0,230659.33000000002
17.95,18.240000000000002,17.830000000000002,18.12,501830144.0,277767.23
18.06,18.23,18.02,18.080000000000002,418592992.0,231189.59
18.06,18.12,17.98,18.06,269576064.0,149366.32
18.07,18.1,17.71,17.73,418454816.0,234067.63
17.71,17.8,17.400000000000002,17.51,386423424.0,219475.91
17.38,17.56,17.38,17.48,294675488.0,168466.48
17.55,17.57,17.400000000000002,17.45,208655792.0,119411.64
17.43,17.5,17.2,17.41,254410736.0,146689.54
17.37,17.46,17.22,17.240000000000002,190929408.0,110138.29000000001
17.23,17.35,17.21,17.29,190872656.0,110456.24
17.29,17.34,17.16,17.25,168387280.0,97651.53
17.25,17.62,17.02,17.56,536935488.0,309624.53
17.44,17.490000000000002,17.330000000000002,17.35,180686336.0,103808.26000000001
17.31,17.5,17.27,17.45,194223008.0,111406.21
17.5,17.68,17.44,17.55,247441296.0,140806.59
17.48,17.6,17.43,17.55,187905440.0,107259.38
17.68,17.73,17.6,17.67,243549456.0,137662.38
17.650000000000002,17.86,17.650000000000002,17.7,196266944.0,110650.62
17.69,17.77,17.63,17.740000000000002,205801168.0,116212.42
17.84,17.97,17.68,17.95,313324800.0,175381.84
17.93,18.400000000000002,17.92,18.29,650177344.0,356315.26
18.3,18.35,18.13,18.19,333790688.0,183124.24
18.2,18.3,17.93,18.02,321768768.0,177865.25
18.12,18.13,17.900000000000002,18.01,323746016.0,180035.12
18.05,18.11,17.97,18.02,321865760.0,178562.47
18.1,18.13,17.97,18.02,298145344.0,165339.83000000002
18.01,18.07,17.97,17.990000000000002,427741568.0,237583.0
17.86,17.94,17.77,17.78,536281152.0,300515.83
17.77,17.830000000000002,17.7,17.79,333449728.0,187733.57
17.61,17.76,17.55,17.740000000000002,464557376.0,263321.77
17.67,17.93,17.6,17.8,549171200.0,308711.27
17.75,17.990000000000002,17.740000000000002,17.77,311113056.0,174122.33000000002
17.93,17.93,17.75,17.85,172507200.0,96814.95
17.88,17.95,17.75,17.78,282663680.0,158528.73
17.8,17.900000000000002,17.78,17.89,253800352.0,142275.01
15.9,15.9,15.71,15.72,203560848.0,128822.95
15.700000000000001,15.790000000000001,15.08,15.280000000000001,470756352.0,305755.22000000003
15.290000000000001,15.39,15.18,15.31,292488224.0,191634.99
15.27,15.3,15.18,15.280000000000001,191346960.0,125598.26000000001
15.290000000000001,15.540000000000001,15.280000000000001,15.5,326320224.0,212533.51
15.5,15.66,15.44,15.57,323223552.0,207358.86000000002
15.57,15.96,15.540000000000001,15.92,394802048.0,251064.79
15.860000000000001,16.03,15.8,15.93,341120768.0,214116.5
15.94,15.950000000000001,15.75,15.790000000000001,255727216.0,161716.15
15.71,15.76,15.610000000000001,15.64,360070176.0,229765.1
15.63,15.64,15.450000000000001,15.57,380536320.0,244980.42
15.55,15.56,15.44,15.450000000000001,230568192.0,149013.31
15.56,15.57,15.4,15.43,354003584.0,228524.91
15.48,15.65,15.450000000000001,15.64,397267008.0,255451.30000000002
15.65,15.97,15.64,15.790000000000001,573546752.0,362380.56
15.77,15.84,15.64,15.700000000000001,265364896.0,168834.21
15.71,15.75,15.65,15.71,251152944.0,159981.0
15.73,15.91,15.66,15.77,438169696.0,277669.82
15.77,15.8,15.65,15.73,269908288.0,171798.16
15.700000000000001,15.76,15.63,15.75,233284416.0,148665.26
15.74,15.870000000000001,15.700000000000001,15.83,348156576.0,220204.45
15.81,15.82,15.58,15.63,262066576.0,167117.0
15.63,15.76,15.63,15.69,179598112.0,114419.7
15.69,15.790000000000001,15.65,15.74,321598656.0,204623.97
15.73,15.88,15.450000000000001,15.870000000000001,637937280.0,406973.3
15.77,15.790000000000001,15.65,15.68,274345312.0,174513.72
15.65,15.71,15.610000000000001,15.700000000000001,224747568.0,143483.01
15.68,15.85,15.65,15.8,361191360.0,229099.43
15.790000000000001,15.85,15.68,15.75,171311344.0,108778.15000000001
15.64,15.72,15.620000000000001,15.67,165699520.0,105839.90000000001
15.69,15.69,15.49,15.59,243122624.0,156104.98
15.6,15.8,15.59,15.73,277447200.0,176485.17
15.76,15.76,15.66,15.74,206333088.0,131293.67
15.75,15.8,15.71,15.790000000000001,243949584.0,154808.79
15.8,15.85,15.73,15.83,292534464.0,184995.35
15.75,16.4,15.74,16.07,852413120.0,526894.21
16.12,16.39,16.0,16.36,763634368.0,469916.32
16.5,17.02,16.45,16.94,1299618432.0,773338.62
16.94,16.990000000000002,16.67,16.7,829743488.0,493840.36
16.72,16.85,16.52,16.64,606581248.0,364465.97000000003
16.55,16.77,16.35,16.44,612294400.0,371101.39
16.43,16.5,16.36,16.42,327521632.0,199273.0
16.42,16.47,16.31,16.41,324280096.0,197686.30000000002
16.41,16.56,16.32,16.4,521794944.0,317543.7
16.41,16.51,16.34,16.39,280402624.0,170854.24
16.36,16.41,16.2,16.34,403472224.0,247499.15
16.36,16.4,16.29,16.34,240035888.0,146880.56
16.31,16.37,16.080000000000002,16.23,489414016.0,302020.23
16.240000000000002,16.490000000000002,16.240000000000002,16.4,597418048.0,363969.93
16.35,16.56,16.32,16.48,362526016.0,220034.38
16.48,16.55,16.38,16.41,349934560.0,212720.47
16.38,16.5,16.35,16.48,380418560.0,231470.01
16.490000000000002,16.580000000000002,16.42,16.490000000000002,423399296.0,256770.35
16.490000000000002,16.53,16.37,16.41,333206432.0,202826.47
16.41,16.5,16.35,16.48,295519904.0,179755.58000000002
16.47,16.61,16.43,16.6,403801792.0,244069.0
16.62,16.66,16.5,16.56,310623904.0,187394.71
16.38,16.47,16.26,16.4,597895488.0,365091.77
16.4,16.46,16.39,16.45,233969072.0,142343.78
16.43,16.48,16.38,16.4,393967808.0,239814.13
16.45,16.51,16.42,16.46,238091120.0,144659.55000000002
16.47,16.48,16.42,16.46,286078656.0,173968.11000000002
16.47,16.51,16.43,16.45,154918240.0,94161.02
16.490000000000002,16.59,16.47,16.53,190442432.0,115278.32
16.55,16.55,16.48,16.48,168270144.0,102004.6
16.45,16.57,16.41,16.48,342748704.0,207691.86000000002
16.42,16.52,16.42,16.48,280852896.0,170254.7
16.48,16.53,16.46,16.48,211844624.0,128419.90000000001
16.52,16.55,16.490000000000002,16.5,181620112.0,109974.08
16.5,16.53,16.48,16.490000000000002,201085200.0,121902.68000000001
16.53,16.6,16.48,16.55,308450240.0,186668.54
16.57,16.580000000000002,16.5,16.57,209785536.0,126903.66
16.54,16.54,16.48,16.51,175594208.0,106438.84
16.51,16.52,16.42,16.43,238973136.0,145043.56
16.43,16.47,16.38,16.46,175020224.0,106601.14
16.41,16.44,16.22,16.27,268130864.0,164249.04
16.28,16.39,16.240000000000002,16.34,298064128.0,182518.33000000002
16.35,16.39,16.240000000000002,16.27,181631904.0,111431.67
16.27,16.34,16.25,16.29,146255312.0,89857.94
16.29,16.34,16.22,16.3,177155056.0,108847.98
16.3,16.580000000000002,16.27,16.47,406980672.0,247572.41
16.48,16.5,16.36,16.42,218721456.0,133093.21
16.4,16.42,16.3,16.32,203174016.0,124368.05
16.3,16.31,16.18,16.19,316513312.0,195174.54
16.19,16.34,16.18,16.29,244739680.0,150672.04
16.23,16.31,16.01,16.27,237635072.0,146732.98
16.26,16.330000000000002,16.21,16.3,212179104.0,130282.59
16.21,16.3,16.18,16.2,406667264.0,250511.6
16.19,16.38,16.19,16.35,421412544.0,258641.1
16.3,16.53,16.29,16.4,353348704.0,215164.75
16.39,16.45,16.38,16.42,350381728.0,213516.58000000002
16.45,16.54,16.44,16.47,285419776.0,173071.55000000002
16.47,16.53,16.36,16.46,655055488.0,398265.82
16.55,16.64,16.48,16.57,339602784.0,204845.54
16.56,16.63,16.45,16.59,356740640.0,215391.88
16.53,16.7,16.52,16.6,301208000.0,181244.96
16.59,16.61,16.5,16.59,260648304.0,157141.42
16.59,16.63,16.54,16.6,205688800.0,123955.04000000001
16.580000000000002,16.63,16.52,16.6,376599264.0,227185.56
16.59,16.64,16.55,16.6,485488352.0,292743.83
16.59,16.73,16.54,16.64,356612256.0,214324.53
16.67,16.72,16.63,16.68,351666624.0,210809.68
16.68,17.23,16.66,16.93,765689728.0,450364.27
16.93,17.12,16.86,16.89,356783616.0,210431.4
16.89,17.1,16.81,17.09,396231872.0,233352.30000000002
17.150000000000002,17.490000000000002,17.150000000000002,17.21,584558208.0,338352.81
17.21,17.35,17.11,17.26,509203648.0,295300.98
17.28,17.45,17.1,17.16,346784512.0,201350.26
17.150000000000002,17.27,17.05,17.150000000000002,316391200.0,184492.19
17.1,17.18,16.8,17.1,576329856.0,338958.75
16.95,17.32,16.91,17.3,655302784.0,382013.68
17.28,17.42,17.2,17.22,362989440.0,209480.75
17.17,17.2,17.06,17.07,265825552.0,155507.48
17.150000000000002,17.2,17.04,17.14,226759232.0,132345.69
17.14,17.46,17.12,17.34,500164640.0,288356.48
17.34,17.57,17.19,17.490000000000002,841905152.0,483595.54000000004
17.36,17.44,17.16,17.17,270112448.0,156028.69
17.17,17.42,17.12,17.18,309185664.0,178605.52
17.13,17.13,16.7,16.7,517398944.0,308096.13
16.7,16.830000000000002,16.63,16.66,242842112.0,145313.66
16.65,16.7,16.51,16.52,140430896.0,84834.93000000001
16.52,16.56,16.12,16.28,366213568.0,225258.17
16.26,16.37,16.25,16.32,206022864.0,126388.09
16.32,16.330000000000002,16.14,16.19,186428624.0,114991.90000000001
16.17,16.22,16.07,16.19,180365984.0,111879.06
16.13,16.28,16.01,16.25,233999584.0,144824.56
16.25,16.32,16.13,16.14,172900192.0,106658.24
16.14,16.19,16.03,16.09,232406672.0,144415.26
16.09,16.15,15.99,16.07,190400016.0,118513.08
16.07,16.23,16.04,16.21,197653920.0,122621.67
16.21,16.44,16.17,16.3,265043264.0,162371.25
16.29,16.35,16.18,16.330000000000002,482612224.0,296587.34
16.3,16.38,16.240000000000002,16.3,431449120.0,264376.46
16.3,16.3,16.13,16.18,278864544.0,171955.98
16.240000000000002,16.29,16.13,16.2,241579600.0,149087.45
16.18,16.240000000000002,16.14,16.19,129458360.0,79967.56
16.240000000000002,16.240000000000002,16.15,16.16,148793824.0,91933.32
16.18,16.2,16.11,16.12,134057680.0,82961.5
16.1,16.29,16.1,16.27,308468960.0,190341.43
16.23,16.6,16.1,16.56,876414528.0,533047.24
16.46,16.54,16.37,16.4,206230544.0,125552.92
16.42,16.55,16.36,16.48,189191360.0,114786.63
16.43,16.64,16.43,16.54,201675872.0,121806.87
16.580000000000002,16.66,16.5,16.6,236958624.0,142882.68
16.66,16.69,16.51,16.57,242945920.0,146165.4
16.580000000000002,16.7,16.580000000000002,16.69,249503392.0,149852.41
16.69,16.740000000000002,16.61,16.69,188172528.0,112848.69
16.69,16.84,16.61,16.740000000000002,144343264.0,86029.07
16.82,16.85,16.62,16.63,136532944.0,81742.89
16.75,16.78,16.66,16.66,225037392.0,134558.5
16.65,16.740000000000002,16.63,16.67,246037888.0,147592.84
16.63,16.69,16.54,16.67,186815184.0,112388.67
16.68,16.77,16.59,16.72,190339360.0,113930.34
16.76,16.84,16.7,16.78,234489136.0,139852.62
16.88,16.9,16.78,16.85,336932192.0,199928.72
16.87,16.88,16.740000000000002,16.75,217924160.0,129872.35
16.82,16.93,16.75,16.84,433573952.0,256880.32
16.88,16.91,16.76,16.78,274241728.0,163278.32
16.78,16.82,16.59,16.64,231623680.0,138636.42
16.62,16.98,16.62,16.91,503858496.0,299499.84
16.88,17.080000000000002,16.81,16.88,296489056.0,175091.18
16.88,16.9,16.73,16.75,285870624.0,170322.77
16.78,16.830000000000002,16.64,16.69,250909248.0,150111.48
16.67,16.75,16.66,16.71,193610640.0,115949.71
16.69,16.72,16.53,16.59,228302048.0,137322.73
16.580000000000002,16.67,16.53,16.59,200661664.0,120979.43000000001
16.580000000000002,16.62,16.52,16.56,268840224.0,162269.84
16.62,16.62,16.39,16.41,312626400.0,189966.32
16.42,16.43,16.32,16.35,203315664.0,124294.67
16.37,16.53,16.35,16.41,258165904.0,157037.51
16.38,16.45,16.37,16.43,152969168.0,93198.42
16.4,16.44,16.35,16.39,165715072.0,101096.47
16.37,16.4,16.22,16.22,282644704.0,173660.25
16.23,16.28,16.17,16.23,265663456.0,163963.75
16.23,16.34,16.16,16.34,291999360.0,179501.47
16.34,16.35,16.240000000000002,16.26,276642688.0,169889.79
16.240000000000002,16.28,16.17,16.240000000000002,306176000.0,189003.24
16.27,16.35,16.25,16.29,310417984.0,190365.45
16.3,16.32,16.14,16.2,350179456.0,215603.54
16.240000000000002,16.25,16.13,16.14,242775936.0,150178.06
16.15,16.16,15.98,16.0,499206656.0,311246.17
15.98,15.98,15.700000000000001,15.780000000000001,691677888.0,438114.29000000004
15.8,15.92,15.790000000000001,15.88,352635968.0,222256.6
15.85,16.0,15.83,15.96,316984960.0,199020.06
15.97,16.13,15.9,16.04,304990144.0,189973.69
16.11,16.13,15.97,16.01,211750768.0,132129.69
16.01,16.11,15.8,15.870000000000001,372794464.0,234467.92
15.88,15.9,15.72,15.81,373665120.0,236451.44
15.780000000000001,16.05,15.77,16.01,385793408.0,241871.2
16.05,16.2,15.89,16.16,499121568.0,310362.71
16.09,16.18,16.03,16.1,359361856.0,223354.42
16.06,16.16,16.02,16.1,323821632.0,201269.48
16.12,16.12,15.94,15.97,258662672.0,161540.24
15.97,15.99,15.81,15.89,295381664.0,186113.75
15.88,15.96,15.75,15.89,352357728.0,222105.41
15.88,15.89,15.73,15.75,369388224.0,234266.5
15.76,15.780000000000001,15.42,15.51,625510656.0,401565.53
15.530000000000001,15.6,15.3,15.56,566536768.0,367394.48
15.5,15.52,15.3,15.3,351624608.0,228899.80000000002
15.25,15.27,15.11,15.11,371021504.0,244554.07
15.120000000000001,15.14,14.9,14.91,614436352.0,410614.06
14.92,15.07,14.85,15.05,340453120.0,226883.58000000002
15.05,15.11,14.91,15.0,264649936.0,176278.03
15.02,15.1,14.99,15.05,195296864.0,129759.19
15.06,15.11,15.0,15.05,225022672.0,149398.71
15.05,15.25,15.030000000000001,15.21,345791520.0,228876.45
15.15,15.22,15.08,15.21,238419168.0,157185.09
15.21,15.22,15.13,15.16,191225520.0,126075.09
15.16,15.16,15.05,15.08,215130848.0,142479.43
15.07,15.07,14.9,14.98,291839744.0,194777.88
14.950000000000001,14.98,14.52,14.92,592160192.0,401945.77
14.780000000000001,14.9,14.51,14.86,638780992.0,435685.76
14.69,14.84,14.66,14.76,283864640.0,192254.92
14.76,14.85,14.55,14.61,418201408.0,283594.13
14.57,14.790000000000001,14.55,14.75,400313952.0,273129.08
14.75,15.23,14.73,15.21,687468480.0,457334.26
15.27,15.43,15.16,15.27,458298656.0,299658.2
15.23,15.290000000000001,15.08,15.27,377908576.0,248753.96
15.24,15.26,15.07,15.21,505883680.0,334344.11
15.1,15.14,14.950000000000001,15.01,460669376.0,306579.27
15.040000000000001,15.08,14.91,15.02,428236192.0,286106.26
15.02,15.06,14.93,15.040000000000001,453230624.0,302272.45
15.0,15.57,14.98,15.43,1154524416.0,754004.28
15.38,15.52,15.21,15.47,1081377024.0,704390.28
11.75,12.93,11.72,12.93,2803027200.0,2223734.33
12.81,12.91,12.540000000000001,12.84,2246593280.0,1764566.3
12.75,13.05,12.66,12.84,1450286592.0,1130098.09
12.780000000000001,12.97,12.69,12.92,1235216000.0,962170.55
12.93,13.01,12.74,12.89,1034450240.0,801977.01
12.790000000000001,12.88,12.51,12.85,963227264.0,758764.75
12.8,12.84,12.66,12.8,460469440.0,361044.06
12.81,12.99,12.780000000000001,12.84,827766592.0,643951.91
12.76,12.86,12.67,12.84,615876288.0,481948.43
12.790000000000001,13.200000000000001,12.77,12.93,1489264512.0,1144343.19
12.9,13.14,12.76,12.780000000000001,955965952.0,739311.92
12.780000000000001,12.780000000000001,12.56,12.59,665205824.0,527160.7
12.6,12.64,12.31,12.46,687620416.0,553069.8200000001
12.41,12.46,12.280000000000001,12.38,462612608.0,374928.60000000003
12.38,12.46,12.27,12.35,586081472.0,473510.62
12.36,12.43,12.3,12.4,407834848.0,329412.78
12.41,12.44,12.22,12.290000000000001,548932352.0,446451.96
12.4,12.4,12.26,12.34,418820224.0,340000.62
12.33,12.84,12.290000000000001,12.57,1392278656.0,1102594.41
12.55,12.65,12.36,12.64,858095936.0,685790.79
12.64,12.82,12.55,12.64,766551232.0,605091.62
12.64,12.73,12.530000000000001,12.700000000000001,589020032.0,466874.75
12.66,12.91,12.6,12.790000000000001,963202816.0,753495.5700000001
12.81,12.86,12.700000000000001,12.76,497489984.0,389945.42
12.700000000000001,12.73,12.59,12.65,462244032.0,365664.79
12.64,12.65,12.47,12.56,486264672.0,387789.49
12.55,12.58,12.41,12.55,458434432.0,366591.28
12.5,12.65,12.47,12.620000000000001,332542464.0,264705.07
12.620000000000001,12.72,12.51,12.66,471582080.0,374142.41000000003
12.620000000000001,12.69,12.55,12.6,311101536.0,246672.94
12.59,12.64,12.52,12.530000000000001,331940512.0,264115.3
12.51,12.94,12.51,12.8,1238626560.0,968353.49
12.8,13.06,12.74,12.86,1039614016.0,804690.25
12.82,13.290000000000001,12.77,13.27,1436784256.0,1102192.3800000001
13.34,13.8,13.34,13.59,1991795328.0,1468653.7
13.620000000000001,14.02,13.280000000000001,13.76,2448349184.0,1786612.21
13.65,13.72,13.4,13.55,946717568.0,698958.76
13.56,13.780000000000001,13.48,13.69,900014400.0,661087.09
13.67,13.700000000000001,13.530000000000001,13.620000000000001,544175232.0,400174.92
13.61,13.63,13.38,13.450000000000001,702999232.0,522723.75
13.450000000000001,13.74,13.36,13.67,892033664.0,658209.54
13.620000000000001,13.75,13.41,13.51,795769088.0,584780.99
13.450000000000001,13.700000000000001,13.36,13.38,775489088.0,574953.88
13.38,13.47,13.280000000000001,13.38,449548320.0,336120.97000000003
13.370000000000001,13.49,13.3,13.47,334111584.0,249549.61000000002
13.450000000000001,13.52,13.31,13.36,602638848.0,450830.81
13.42,13.49,13.32,13.43,860914624.0,641980.64
13.44,13.6,13.39,13.44,830433600.0,616441.48
13.42,13.42,13.040000000000001,13.08,1036842112.0,785818.67
13.09,13.1,12.85,12.870000000000001,818014656.0,631819.71
12.870000000000001,12.950000000000001,12.83,12.93,380518688.0,295284.29
12.91,12.93,12.83,12.870000000000001,303469952.0,235702.98
12.84,12.88,12.75,12.76,413575776.0,323038.21
12.74,12.88,12.700000000000001,12.790000000000001,563372032.0,440560.44
12.72,12.73,12.46,12.68,1118537344.0,888900.56
12.620000000000001,12.63,12.52,12.56,572465216.0,455620.27
12.58,12.76,12.56,12.59,792887808.0,625919.05
12.56,12.56,12.47,12.49,423706592.0,338865.31
12.49,12.55,12.47,12.530000000000001,488847392.0,390911.56
12.5,12.57,12.46,12.51,450071392.0,359766.32
12.5,12.57,12.46,12.51,422478336.0,338102.37
12.51,12.530000000000001,12.41,12.43,731960000.0,588299.99
12.44,12.66,12.41,12.57,1215804672.0,968715.87
12.58,12.66,12.450000000000001,12.47,779043392.0,621531.75
12.47,12.8,12.47,12.780000000000001,1842766848.0,1455906.66
12.83,12.96,12.75,12.89,1339965952.0,1041131.7000000001
12.85,12.98,12.77,12.96,772995392.0,600639.56
12.91,12.98,12.82,12.870000000000001,779708160.0,604799.9
12.83,12.84,12.65,12.71,570138112.0,447903.13
12.68,12.870000000000001,12.68,12.77,501796416.0,392641.31
12.780000000000001,12.84,12.65,12.780000000000001,454951456.0,356674.47000000003
12.780000000000001,13.09,12.780000000000001,13.030000000000001,954528896.0,734930.27
12.99,13.05,12.9,12.96,438219616.0,338235.76
12.94,13.02,12.82,12.85,494212416.0,382247.82
12.85,13.120000000000001,12.83,13.030000000000001,842285760.0,647780.87
13.15,13.15,12.950000000000001,12.99,683193984.0,522347.35000000003
13.0,13.040000000000001,12.91,13.040000000000001,661471552.0,510123.22000000003
13.01,13.01,12.86,12.870000000000001,412327520.0,319728.97000000003
12.88,12.98,12.81,12.85,311079232.0,241608.32
12.82,12.86,12.75,12.83,318464960.0,248743.12
12.82,12.96,12.8,12.91,461032064.0,357475.29
12.93,12.950000000000001,12.82,12.9,388627648.0,301701.24
12.88,12.93,12.83,12.88,255856512.0,198671.48
12.86,12.950000000000001,12.83,12.870000000000001,259643728.0,201402.68
12.84,12.92,12.790000000000001,12.89,311178560.0,241926.87
12.89,12.950000000000001,12.71,12.94,650703744.0,506876.28
12.89,12.93,12.85,12.86,285364896.0,221633.11000000002
12.83,12.91,12.76,12.85,339097280.0,263747.52
12.85,12.88,12.77,12.84,309223168.0,241249.34
12.82,12.91,12.81,12.870000000000001,255341344.0,198222.63
13.27,13.290000000000001,13.0,13.040000000000001,684274112.0,521490.81
13.05,13.1,12.98,13.1,359114752.0,274939.86
13.08,13.11,13.030000000000001,13.06,244440304.0,187063.08000000002
13.05,13.09,12.97,13.05,223204032.0,171252.84
13.01,13.08,12.92,12.94,271308480.0,208575.78
12.98,13.06,12.94,13.040000000000001,307206528.0,236111.64
13.040000000000001,13.06,12.94,12.99,190770512.0,146923.2
12.99,13.1,12.93,13.07,592125632.0,454587.36
13.030000000000001,13.16,12.98,13.13,690607552.0,528811.68
13.09,13.1,13.01,13.01,224781280.0,172284.09
13.02,13.030000000000001,12.83,12.84,406941728.0,315638.34
12.84,12.950000000000001,12.82,12.86,350864960.0,272360.42
12.86,12.94,12.82,12.9,267109744.0,207438.29
12.870000000000001,12.88,12.780000000000001,12.82,324110144.0,252751.66
12.85,12.94,12.82,12.85,420972320.0,326738.2
12.84,12.84,12.59,12.700000000000001,947820352.0,747136.17
12.6,12.66,12.58,12.61,253737600.0,201207.24
12.63,12.72,12.530000000000001,12.540000000000001,446287616.0,353687.12
12.52,12.57,12.43,12.530000000000001,602955904.0,482670.38
12.530000000000001,12.6,12.43,12.58,411198272.0,328481.69
12.56,12.56,12.450000000000001,12.47,249788208.0,200168.27000000002
12.49,12.6,12.41,12.540000000000001,482986112.0,386773.37
12.540000000000001,12.68,12.49,12.58,468242272.0,371341.46
12.57,12.63,12.530000000000001,12.55,219541344.0,174633.73
12.540000000000001,12.63,12.46,12.63,626756864.0,499253.59
12.65,12.85,12.63,12.8,996962304.0,780093.37
12.76,12.77,12.58,12.6,426955936.0,337549.28
12.6,12.63,12.55,12.6,353327072.0,280765.3
12.57,12.57,12.38,12.39,444238624.0,356807.62
12.38,12.8,12.38,12.780000000000001,1378873216.0,1093365.35
12.700000000000001,12.86,12.61,12.85,783077248.0,614954.2000000001
12.81,13.17,12.75,12.94,1512638080.0,1161794.12
13.0,13.44,13.0,13.23,1513356160.0,1145762.66
13.24,13.32,12.91,13.06,1076889984.0,819126.02
13.11,13.18,12.93,13.09,777699712.0,596124.83
13.09,13.120000000000001,12.81,13.1,1028510272.0,792502.73
13.030000000000001,13.07,12.92,12.94,441466976.0,340319.08
12.950000000000001,13.040000000000001,12.81,12.94,540439744.0,418467.83
12.91,12.950000000000001,12.8,12.91,513785824.0,399163.56
12.93,12.950000000000001,12.81,12.91,496330240.0,385774.45
12.870000000000001,12.94,12.84,12.92,470155488.0,364792.33
12.92,13.27,12.91,13.17,1623138176.0,1237967.97
13.120000000000001,13.16,12.91,12.96,566372416.0,435649.31
12.950000000000001,13.030000000000001,12.91,12.96,451233536.0,348022.29
12.98,12.99,12.870000000000001,12.93,404411520.0,312962.21
12.92,13.040000000000001,12.85,12.97,474566880.0,366499.02
12.97,12.97,12.74,12.75,390113088.0,303700.97000000003
12.8,12.81,12.63,12.74,246331120.0,193453.38
12.790000000000001,12.790000000000001,12.66,12.69,205219488.0,161416.78
12.69,12.73,12.61,12.620000000000001,205323760.0,162101.08000000002
12.71,12.71,12.61,12.65,170140032.0,134456.48
12.65,12.76,12.620000000000001,12.75,233884672.0,183996.03
12.76,12.76,12.6,12.73,337603456.0,266398.44
12.67,12.780000000000001,12.6,12.700000000000001,267624192.0,210523.88
12.68,12.72,12.61,12.620000000000001,203468784.0,160769.38
12.61,12.68,12.56,12.59,243553696.0,193066.62
12.57,12.66,12.56,12.64,192219136.0,152257.22
12.65,12.66,12.530000000000001,12.620000000000001,412197984.0,327318.81
12.6,12.66,12.530000000000001,12.540000000000001,300834016.0,238708.24
12.52,12.620000000000001,12.51,12.59,205752880.0,163518.26
12.61,12.77,12.6,12.72,398614976.0,313230.53
12.73,12.8,12.66,12.66,480954816.0,378391.01
12.700000000000001,12.73,12.620000000000001,12.66,353205824.0,278838.04
12.67,12.71,12.620000000000001,12.69,393058240.0,310267.44
12.69,12.71,12.63,12.68,397842208.0,313898.87
12.68,12.74,12.66,12.700000000000001,332848320.0,262154.32
12.700000000000001,13.09,12.68,13.02,1174201984.0,906799.9
12.950000000000001,13.040000000000001,12.870000000000001,12.94,489588896.0,378164.12
12.97,13.0,12.9,12.91,313215104.0,242034.19
12.88,13.08,12.85,13.02,796861120.0,613206.8
12.97,13.06,12.780000000000001,12.9,963701120.0,748926.52
12.91,13.42,12.89,13.1,1675235200.0,1271328.1300000001
13.14,13.25,13.05,13.24,1465159040.0,1116080.76
13.33,13.61,13.18,13.24,2300220672.0,1716488.71
12.93,13.15,12.71,12.77,3514775040.0,2725138.0100000002
12.75,12.92,12.68,12.9,2791828736.0,2178274.57
12.97,14.0,12.89,13.57,5099364352.0,3796536.29
13.540000000000001,13.76,13.36,13.65,2400208896.0,1769896.31
13.65,13.72,13.36,13.41,2954019840.0,2184196.85
13.48,13.530000000000001,13.32,13.46,2065139200.0,1537831.04
13.450000000000001,13.49,13.09,13.11,1429924992.0,1078040.18
13.05,13.19,12.98,13.17,1541960960.0,1177032.6400000001
13.14,13.33,12.94,13.3,2289044480.0,1735733.31
13.19,13.19,13.01,13.14,941467200.0,717967.8
13.0,13.540000000000001,12.98,13.49,2006361728.0,1501496.57
13.290000000000001,13.5,13.200000000000001,13.48,3270199296.0,2443589.92
13.58,13.9,13.24,13.450000000000001,2720519680.0,2007701.1500000001
13.34,13.4,12.950000000000001,13.1,1438198784.0,1094268.72
12.89,12.98,12.24,12.780000000000001,1877264384.0,1492573.56
12.66,12.68,12.43,12.49,811027712.0,647991.97
12.55,12.68,12.5,12.51,690054144.0,549002.14
12.5,12.55,12.38,12.46,406060192.0,325978.11
12.6,12.68,12.530000000000001,12.63,529856480.0,420122.85000000003
12.66,12.780000000000001,12.59,12.72,491768416.0,387365.15
12.77,12.84,12.61,12.73,620261056.0,488060.55
12.75,12.76,12.61,12.69,615622144.0,485610.87
12.61,12.66,12.44,12.46,499258848.0,398889.38
12.4,12.5,12.38,12.47,429574080.0,344910.31
12.4,12.46,12.36,12.41,285473120.0,230241.32
12.41,12.48,12.34,12.42,363849696.0,293434.64
12.48,12.51,12.38,12.49,339015168.0,272226.68
12.51,12.6,12.46,12.49,487036832.0,388175.75
12.55,12.55,12.4,12.47,276013920.0,221641.32
12.49,12.51,12.42,12.48,293550912.0,235582.87
12.530000000000001,12.540000000000001,12.46,12.5,314544064.0,251618.21
12.5,12.58,12.43,12.49,314545344.0,251450.0
12.450000000000001,12.450000000000001,12.38,12.39,282970080.0,228046.03
12.35,12.41,12.34,12.39,213972096.0,172877.74
12.36,12.4,12.3,12.3,330778432.0,267813.99
12.31,12.33,12.26,12.31,207819312.0,168960.48
12.280000000000001,12.39,12.25,12.32,254187840.0,206722.83000000002
12.34,12.4,12.280000000000001,12.290000000000001,294872224.0,238784.65
12.35,12.35,12.25,12.25,281975040.0,229484.84
12.0,12.06,11.64,11.71,676679680.0,571063.91
11.71,11.75,11.5,11.61,422233472.0,364250.54
11.700000000000001,11.77,11.56,11.620000000000001,318586656.0,273328.09
11.53,11.75,11.52,11.57,266121472.0,229112.82
11.57,11.71,11.450000000000001,11.620000000000001,383064992.0,331088.05
11.63,11.69,11.61,11.65,270987712.0,232719.65
11.68,11.82,11.65,11.71,325667584.0,277195.99
11.66,11.67,11.540000000000001,11.56,211906880.0,183035.14
11.61,11.65,11.53,11.53,227689712.0,196375.09
11.53,11.59,11.49,11.5,192709504.0,167224.81
11.52,11.790000000000001,11.51,11.77,336076800.0,287482.98
11.790000000000001,12.02,11.75,11.91,372471264.0,312985.19
11.91,11.96,11.76,11.78,222769472.0,188242.89
11.83,11.89,11.69,11.69,166015520.0,140948.53
11.8,11.8,11.540000000000001,11.55,275070688.0,237200.95
11.56,11.700000000000001,11.55,11.55,296234016.0,254699.83000000002
11.75,11.790000000000001,11.66,11.73,308485472.0,262952.75
11.8,11.89,11.76,11.8,195771184.0,165532.7
11.74,11.790000000000001,11.57,11.61,213965168.0,183774.07
11.56,11.75,11.53,11.6,211046464.0,181816.1
11.56,11.78,11.56,11.78,269871840.0,230328.61000000002
11.71,11.77,11.65,11.66,188149248.0,160826.34
11.73,11.78,11.55,11.57,211987520.0,182057.94
11.58,11.67,11.55,11.61,272328544.0,234507.83000000002
11.33,11.33,10.97,11.03,769050176.0,693256.84
10.99,11.01,10.83,10.92,378055360.0,346655.72000000003
10.91,10.94,10.8,10.83,241749744.0,222530.89
10.82,10.89,10.76,10.84,297162784.0,274253.78
10.84,10.97,10.81,10.950000000000001,314537696.0,287964.53
10.950000000000001,11.0,10.89,10.93,202375456.0,185106.21
10.98,11.0,10.91,10.950000000000001,175546224.0,160305.0
11.0,11.01,10.94,10.950000000000001,241676128.0,220151.35
10.97,11.05,10.96,11.0,261553536.0,237633.1
11.03,11.05,10.88,10.99,258018704.0,235484.59
10.93,10.96,10.86,10.870000000000001,257351424.0,235803.45
10.86,10.91,10.81,10.83,200668976.0,184746.9
10.85,10.9,10.81,10.9,235717344.0,217171.05000000002
10.98,10.98,10.9,10.94,255891648.0,233937.24
10.94,10.950000000000001,10.85,10.88,174138736.0,160145.01
10.88,10.89,10.790000000000001,10.8,229712304.0,211944.69
10.83,10.84,10.76,10.790000000000001,164430464.0,152295.80000000002
10.83,10.83,10.68,10.71,204634784.0,190162.26
10.71,10.790000000000001,10.61,10.76,196979808.0,183703.43
10.700000000000001,10.74,10.61,10.64,180559168.0,169339.80000000002
10.56,10.6,10.39,10.44,338274432.0,322307.88
10.46,10.69,10.46,10.55,480871712.0,455326.7
10.6,10.69,10.53,10.68,195167696.0,183655.27
10.76,10.83,10.700000000000001,10.75,174154208.0,161803.25
10.71,10.75,10.61,10.66,199025888.0,186926.09
10.64,10.64,10.53,10.55,158227440.0,149836.03
10.56,10.66,10.51,10.620000000000001,247771040.0,233556.33000000002
10.55,10.57,10.370000000000001,10.42,283822912.0,271819.97000000003
10.38,10.43,10.28,10.42,186272752.0,180042.93
10.41,10.41,10.3,10.35,166400384.0,160856.67
10.3,10.33,10.18,10.21,204624608.0,199615.76
10.16,10.26,10.16,10.22,179339344.0,175575.28
10.22,10.34,10.19,10.3,204800272.0,199149.9
10.23,10.24,9.81,9.92,432159776.0,429884.71
9.92,9.98,9.870000000000001,9.89,187504464.0,189157.4
9.88,9.98,9.75,9.83,234236768.0,236369.61000000002
9.83,9.83,9.67,9.76,243586304.0,250400.01
9.77,9.82,9.55,9.56,234851664.0,242443.80000000002
9.6,9.6,9.35,9.48,231698544.0,244240.95
9.41,9.53,9.36,9.370000000000001,234831872.0,249137.7
9.33,9.61,9.32,9.5,290768000.0,307413.37
9.56,9.6,9.450000000000001,9.56,185831808.0,194935.46
9.55,9.55,9.23,9.290000000000001,212743904.0,226690.89
9.290000000000001,9.38,9.200000000000001,9.35,224816752.0,241235.51
9.34,9.42,9.28,9.31,135000880.0,144647.77
9.26,9.35,9.22,9.26,152978656.0,164954.38
9.31,9.43,9.17,9.370000000000001,210564112.0,225944.43
9.370000000000001,9.63,9.370000000000001,9.6,212109328.0,221725.65
9.61,9.65,9.5,9.57,118668136.0,124028.37
9.370000000000001,9.44,9.32,9.38,142450912.0,152039.33000000002
9.41,9.61,9.39,9.57,188206864.0,197048.37
9.57,9.58,9.46,9.49,142708352.0,150263.39
9.5,9.540000000000001,9.34,9.41,135697104.0,144141.19
9.41,9.48,9.38,9.44,129512088.0,137134.95
9.51,9.64,9.48,9.51,180858000.0,189227.0
9.6,9.620000000000001,9.53,9.56,175909136.0,183604.82
9.56,9.950000000000001,9.47,9.870000000000001,325018016.0,332756.5
9.91,10.03,9.74,9.96,311612064.0,314844.34
9.98,10.14,9.97,10.02,365678880.0,364245.60000000003
10.120000000000001,10.120000000000001,9.96,10.02,159153072.0,158899.7
10.07,10.08,9.950000000000001,9.96,151927488.0,152063.30000000002
9.96,10.040000000000001,9.93,9.99,121060816.0,121200.67
9.99,10.16,9.97,10.13,202566240.0,200963.64
10.120000000000001,10.200000000000001,10.0,10.17,184265056.0,182030.08000000002
10.26,10.27,9.9,9.91,209512352.0,207418.84
9.91,10.03,9.66,9.790000000000001,240792864.0,244838.71
9.790000000000001,9.98,9.76,9.83,168026928.0,169979.39
9.97,10.03,9.870000000000001,9.91,173559264.0,174444.92
9.94,10.120000000000001,9.94,10.11,218926432.0,217846.61000000002
10.15,10.15,10.01,10.05,135623296.0,134619.92
10.0,10.18,9.99,10.14,179007680.0,176898.53
10.14,10.14,10.02,10.07,132643600.0,131726.33000000002
10.0,10.06,9.9,9.98,178552672.0,179276.68
9.98,10.07,9.950000000000001,10.06,158997520.0,158685.85
10.06,10.06,9.9,9.9,147639904.0,147870.33000000002
9.870000000000001,10.120000000000001,9.84,10.06,243554064.0,243236.52000000002
10.16,10.16,9.93,9.98,151684032.0,150904.55000000002
10.17,10.17,10.01,10.15,272534560.0,269753.0
10.18,10.200000000000001,10.09,10.120000000000001,200852848.0,197865.35
10.120000000000001,10.14,10.0,10.09,120615688.0,119935.41
10.13,10.14,9.98,10.07,156583264.0,155378.12
10.06,10.43,10.02,10.3,330331264.0,322688.37
10.33,10.35,10.21,10.33,239467136.0,232666.45
10.3,10.38,10.25,10.3,150677776.0,146096.85
10.290000000000001,10.32,10.26,10.32,106687296.0,103620.0
10.3,10.41,10.17,10.17,191336864.0,186218.9
10.16,10.36,10.16,10.33,383679840.0,373117.24
10.27,10.3,10.17,10.24,146457280.0,143095.39
10.21,10.4,10.18,10.370000000000001,168632352.0,163530.6
10.31,10.370000000000001,10.120000000000001,10.120000000000001,232884784.0,227292.32
10.120000000000001,10.23,10.120000000000001,10.14,107317752.0,105469.16
10.15,10.25,10.120000000000001,10.19,91694440.0,89957.16
10.16,10.23,10.13,10.18,120376352.0,118228.13
10.22,10.27,9.98,10.02,199401392.0,196890.42
9.99,10.07,9.950000000000001,10.040000000000001,165231584.0,165061.03
10.17,10.3,10.11,10.290000000000001,300441536.0,294171.98
10.36,10.36,10.21,10.26,169083472.0,164507.80000000002
10.26,10.28,10.1,10.15,107339080.0,105353.43000000001
10.16,10.26,10.09,10.26,170045728.0,166847.89
10.28,10.290000000000001,10.200000000000001,10.24,190221696.0,185506.43
10.26,10.28,10.18,10.22,166658016.0,163070.51
10.24,10.49,10.15,10.49,388504224.0,375714.31
10.38,10.47,10.32,10.35,164580512.0,158791.99
10.39,10.56,10.34,10.41,326010688.0,311757.99
10.450000000000001,10.48,10.38,10.48,252306112.0,241827.14
10.49,10.75,10.44,10.620000000000001,396863680.0,374306.02
10.39,10.48,10.15,10.16,432913248.0,419572.76
10.08,10.24,10.07,10.15,234661840.0,231590.26
10.14,10.28,10.13,10.17,184735120.0,181247.01
10.0,10.05,9.71,9.8,386778848.0,390567.85000000003
9.9,10.1,9.83,10.03,250805632.0,251451.27000000002
10.05,10.16,9.97,10.03,140122864.0,139578.44
10.03,10.19,9.97,10.05,154272080.0,153083.44
10.18,10.31,10.14,10.290000000000001,271564096.0,265208.95
10.35,10.35,10.16,10.19,229432800.0,224039.88
10.25,10.43,10.07,10.38,414893376.0,403313.86
10.32,10.700000000000001,10.32,10.620000000000001,497527584.0,470034.09
10.64,10.700000000000001,10.450000000000001,10.450000000000001,403493088.0,380890.35000000003
10.57,11.05,10.52,10.74,639391040.0,591655.52
10.6,10.89,10.540000000000001,10.84,393987424.0,368665.93
10.85,10.98,10.74,10.92,298733760.0,275193.09
11.08,11.120000000000001,10.71,10.790000000000001,385116480.0,352659.59
10.93,11.05,10.89,10.950000000000001,363018048.0,330860.49
10.99,11.03,10.870000000000001,10.98,237583040.0,217371.14
11.05,11.09,10.86,10.89,257781680.0,235053.22
11.1,11.25,10.94,11.18,530913664.0,477889.2
11.15,11.25,11.08,11.14,189481168.0,170127.59
11.13,11.15,11.0,11.03,203565760.0,184224.77
11.09,11.1,10.870000000000001,10.9,228836512.0,208438.64
11.05,11.1,10.9,11.06,220506112.0,199916.83000000002
10.99,11.03,10.700000000000001,10.75,277004928.0,255700.5
10.77,10.950000000000001,10.75,10.8,292478240.0,270158.27
10.68,10.9,10.68,10.82,223541472.0,207087.29
10.870000000000001,10.870000000000001,10.68,10.700000000000001,193809664.0,179981.83000000002
10.72,10.81,10.65,10.77,178144576.0,165800.59
10.77,10.85,10.71,10.76,230509600.0,213944.17
10.86,10.9,10.77,10.88,231999664.0,213847.93
10.870000000000001,10.89,10.65,10.69,234959216.0,218837.80000000002
10.61,10.72,10.61,10.66,170915680.0,160274.58000000002
10.73,10.73,10.57,10.64,148745104.0,140083.05000000002
10.6,10.66,10.5,10.5,155566112.0,147150.1
10.66,10.66,10.43,10.5,151609376.0,143773.96
10.5,10.61,10.450000000000001,10.49,158853280.0,150846.66
10.56,10.620000000000001,10.5,10.58,193914896.0,183396.21
10.64,10.75,10.540000000000001,10.63,220670064.0,206856.85
10.65,10.75,10.620000000000001,10.71,305468672.0,285726.51
10.99,11.05,10.84,11.02,472438368.0,430490.7
11.0,11.08,10.97,11.08,229713744.0,208112.93
10.99,11.1,10.96,11.0,281189600.0,254912.17
10.82,10.93,10.82,10.9,256533152.0,235979.97
10.94,11.03,10.88,10.89,115760320.0,105805.5
10.77,10.9,10.77,10.83,172346144.0,159275.63
10.84,10.9,10.69,10.72,185675072.0,172342.22
10.89,10.89,10.700000000000001,10.73,134006592.0,124487.91
10.76,10.86,10.73,10.8,213866048.0,197923.4
10.74,10.8,10.59,10.620000000000001,257441056.0,241638.31
10.65,10.78,10.620000000000001,10.78,211971712.0,197462.28
10.68,10.82,10.540000000000001,10.57,207318272.0,194516.77
10.59,10.65,10.540000000000001,10.540000000000001,144342544.0,136036.33000000002
10.53,10.59,10.11,10.25,309207200.0,300699.14
10.23,10.24,10.0,10.07,209975600.0,208858.62
9.98,10.040000000000001,9.86,9.91,225706448.0,227798.82
9.77,9.86,9.6,9.790000000000001,337985920.0,348103.97000000003
9.81,9.88,9.64,9.67,200359184.0,205692.02000000002
9.77,9.8,9.66,9.66,266280880.0,273475.64
9.72,9.950000000000001,9.71,9.8,269118592.0,274040.28
9.74,9.790000000000001,9.58,9.700000000000001,229625664.0,237628.22
9.700000000000001,9.82,9.66,9.81,181975984.0,186542.62
9.73,10.0,9.700000000000001,9.96,268964576.0,271728.44
10.09,10.09,9.92,9.98,235440192.0,235973.76
10.03,10.03,9.91,9.96,150501648.0,151049.33000000002
10.06,10.16,9.98,9.99,233890288.0,231637.2
9.94,10.02,9.92,9.96,158718752.0,159235.66
10.03,10.15,9.96,10.05,191290096.0,190690.69
10.03,10.1,10.01,10.06,204659056.0,203528.4
10.1,10.15,10.05,10.11,158126144.0,156321.25
10.1,10.15,10.07,10.13,131354720.0,129883.40000000001
10.17,10.28,10.07,10.17,232114672.0,227660.48
10.290000000000001,10.44,10.22,10.43,300979136.0,290871.41000000003
10.36,10.46,10.3,10.35,196394080.0,189477.89
10.38,10.38,10.23,10.25,167165424.0,162505.57
10.290000000000001,10.34,10.25,10.27,170289904.0,165203.27
10.34,10.39,10.27,10.38,155265968.0,150066.99
10.450000000000001,10.56,10.38,10.5,206935392.0,196965.87
10.53,10.66,10.39,10.42,229185392.0,217690.73
10.39,10.63,10.38,10.58,250301616.0,237680.04
10.59,10.64,10.47,10.5,169387632.0,160542.56
10.59,10.73,10.51,10.73,267614896.0,251310.34
10.82,10.82,10.620000000000001,10.77,204604272.0,191193.43
10.620000000000001,10.73,10.620000000000001,10.700000000000001,215903072.0,202165.68
10.71,10.73,10.63,10.72,179099040.0,167696.01
10.74,10.93,10.68,10.86,325845952.0,302486.95
10.85,10.91,10.8,10.82,215023168.0,198152.86000000002
10.78,10.85,10.66,10.66,190960432.0,177587.89
10.75,10.870000000000001,10.700000000000001,10.84,217621152.0,201022.19
10.85,10.96,10.78,10.8,281465120.0,259527.45
10.92,10.92,10.81,10.83,242111568.0,222863.11000000002
10.83,10.93,10.75,10.790000000000001,275374208.0,254023.9
10.76,11.01,10.76,11.01,281913760.0,259074.38
11.03,11.950000000000001,11.03,11.92,1075040640.0,937122.64
11.91,12.15,11.6,11.65,990289728.0,836432.65
11.71,12.07,11.67,11.83,843023424.0,712016.03
11.83,11.92,11.68,11.74,464139456.0,393934.14
11.81,12.06,11.6,12.02,747753344.0,632546.21
12.120000000000001,12.38,11.950000000000001,12.02,1030561536.0,850247.77
12.01,12.040000000000001,11.870000000000001,11.98,652552192.0,545642.02
11.99,12.15,11.86,12.02,644243072.0,536931.64
12.030000000000001,12.040000000000001,11.870000000000001,11.88,628390848.0,526188.24
11.72,11.72,11.36,11.5,609490560.0,526705.31
11.44,11.59,11.36,11.47,457056512.0,399220.2
11.59,11.69,11.4,11.44,602940672.0,522118.07
11.41,11.56,11.3,11.44,472974752.0,413730.14
11.46,11.58,11.43,11.46,395468480.0,343378.99
11.47,11.6,11.43,11.43,388244480.0,337693.2
11.450000000000001,11.6,11.370000000000001,11.59,503915232.0,438795.62
11.63,11.67,11.51,11.55,318521472.0,275002.31
11.52,11.64,11.49,11.55,315587200.0,273254.24
11.56,11.59,11.44,11.46,403573248.0,350370.35000000003
11.49,11.51,11.31,11.39,403972768.0,354364.46
11.28,11.290000000000001,11.01,11.03,642860096.0,577165.77
11.11,11.14,11.03,11.09,341425280.0,307957.22000000003
11.11,11.24,11.040000000000001,11.08,469246336.0,421244.89
11.03,11.05,10.9,11.03,321585856.0,292961.2
10.98,11.3,10.98,11.28,678436544.0,605262.66
11.36,11.52,11.290000000000001,11.44,808657536.0,706374.05
11.5,11.52,11.41,11.44,534896800.0,467147.10000000003
11.370000000000001,11.540000000000001,11.34,11.5,575799424.0,502710.29000000004
11.55,11.71,11.540000000000001,11.71,876099520.0,752325.27
11.790000000000001,11.96,11.65,11.72,920513536.0,778703.73
11.72,11.75,11.49,11.540000000000001,660406208.0,568959.92
11.5,11.56,11.42,11.48,470666656.0,410275.39
11.47,11.59,11.35,11.47,575765376.0,501727.94
11.47,11.56,11.43,11.49,301752032.0,262736.9
11.67,11.77,11.46,11.47,823853440.0,705091.67
11.46,11.99,11.43,11.950000000000001,1188260096.0,1006654.0
11.96,12.09,11.88,11.91,816127040.0,681572.11
11.91,12.05,11.84,11.91,513835264.0,430489.8
12.01,12.200000000000001,11.86,12.01,672739648.0,560130.41
12.02,12.07,11.68,11.71,631192384.0,533894.18
11.68,11.8,11.63,11.700000000000001,396659648.0,338477.19
11.76,11.77,11.51,11.620000000000001,444929312.0,382011.08
11.56,11.69,11.48,11.540000000000001,473973536.0,408761.29000000004
11.43,11.56,11.28,11.32,485267264.0,424695.81
11.35,11.540000000000001,11.34,11.48,442046720.0,385869.38
11.700000000000001,12.09,11.700000000000001,11.97,1466714752.0,1234747.3800000001
11.75,11.86,11.540000000000001,11.8,1460217088.0,1245454.1400000001
11.82,11.94,11.6,11.8,1010271104.0,854899.22
11.64,11.78,11.49,11.51,677487360.0,585001.03
11.48,11.56,11.1,11.120000000000001,722119104.0,641280.49
11.23,11.42,11.06,11.32,548884288.0,485507.22000000003
11.200000000000001,11.4,11.15,11.31,455643072.0,402849.63
11.18,11.44,11.17,11.21,473151520.0,418889.98
11.28,11.42,11.23,11.32,389533440.0,344044.65
11.28,11.36,11.22,11.3,385015232.0,341417.55
11.32,11.35,11.200000000000001,11.24,433108032.0,383998.31
11.28,11.44,11.25,11.34,396448384.0,349044.38
11.33,11.450000000000001,11.31,11.32,374972608.0,329758.73
11.32,11.34,11.120000000000001,11.16,447828800.0,400003.91000000003
11.120000000000001,11.15,10.950000000000001,11.1,401709184.0,363126.89
11.17,11.22,11.0,11.11,269312448.0,241602.65
11.09,11.26,10.96,11.22,390018816.0,350879.15
11.19,11.3,11.02,11.290000000000001,809741248.0,722781.35
11.17,11.290000000000001,11.07,11.120000000000001,455620576.0,408609.7
11.18,11.18,11.03,11.11,295267456.0,266500.33
11.11,11.23,11.05,11.13,412819776.0,369767.28
11.17,11.290000000000001,11.13,11.28,342326272.0,304920.63
11.290000000000001,11.370000000000001,11.26,11.35,283826816.0,250773.93
11.43,11.52,11.35,11.41,359479712.0,314236.41000000003
11.51,11.51,11.38,11.47,303162720.0,264272.15
11.57,11.700000000000001,11.53,11.61,502599168.0,431837.79000000004
11.35,11.450000000000001,11.27,11.42,594464064.0,522662.17
11.42,11.700000000000001,11.4,11.6,584680896.0,506352.28
11.57,11.790000000000001,11.5,11.700000000000001,548219968.0,469660.16000000003
11.74,11.870000000000001,11.71,11.790000000000001,558641856.0,473851.74
11.78,11.92,11.75,11.77,416594816.0,352201.03
11.82,11.9,11.72,11.82,341904864.0,289651.24
12.040000000000001,12.07,11.81,11.88,537339840.0,449277.45
11.950000000000001,12.32,11.85,12.200000000000001,869024512.0,716474.96
12.18,12.3,12.030000000000001,12.09,670759360.0,553811.8
12.09,12.13,11.96,12.030000000000001,411172384.0,341953.36
11.98,11.98,11.51,11.66,940465152.0,803593.67
11.56,11.73,11.55,11.66,431115040.0,369731.99
11.68,11.84,11.55,11.64,561472064.0,479977.83
11.67,11.68,11.540000000000001,11.68,343056320.0,295451.73
11.86,11.92,11.69,11.71,646405184.0,548878.8200000001
11.72,11.74,11.57,11.61,595072192.0,511657.29000000004
11.620000000000001,11.63,11.51,11.56,422580480.0,365670.85000000003
11.61,11.67,11.57,11.620000000000001,352968320.0,303692.01
11.63,11.64,11.53,11.57,298158880.0,257532.41
11.56,11.57,11.31,11.36,395611392.0,347106.76
11.4,11.43,11.33,11.370000000000001,248524016.0,218854.04
11.43,11.43,11.31,11.35,265773696.0,234098.9
11.43,11.46,11.34,11.4,265672144.0,232858.35
11.39,11.620000000000001,11.39,11.52,400591776.0,348169.96
11.4,11.540000000000001,11.22,11.5,459022368.0,403056.03
11.5,11.57,11.44,11.55,248901952.0,216060.07
11.49,11.57,11.46,11.48,201420080.0,174803.72
11.53,11.53,11.450000000000001,11.49,209938960.0,182600.34
11.51,11.63,11.49,11.58,227078768.0,196196.22
11.540000000000001,11.63,11.47,11.48,295840608.0,256178.75
11.43,11.56,11.43,11.49,206511008.0,179278.98
11.540000000000001,11.68,11.53,11.59,279914880.0,241122.88
11.57,11.96,11.57,11.88,660037376.0,559002.1900000001
11.83,11.94,11.81,11.870000000000001,360677440.0,303689.88
11.9,11.94,11.8,11.86,254289648.0,214650.11000000002
11.84,12.0,11.84,11.86,401937920.0,337310.02
11.81,11.94,11.73,11.870000000000001,362607616.0,306507.58
11.76,11.85,11.63,11.65,380252160.0,324717.02
11.48,11.56,11.41,11.48,447723840.0,389760.91000000003
11.42,11.46,11.23,11.24,483523872.0,427190.73
11.1,11.23,10.97,11.09,501885632.0,452038.53
11.14,11.16,11.05,11.07,349267424.0,314620.85000000003
11.15,11.31,11.11,11.26,373205568.0,332580.85000000003
11.31,11.41,11.26,11.370000000000001,461422048.0,406379.93
11.33,11.450000000000001,11.31,11.43,398523200.0,349890.82
11.4,11.4,11.290000000000001,11.33,213447648.0,188399.79
11.42,11.48,11.28,11.28,225555664.0,198744.57
11.16,11.32,11.120000000000001,11.290000000000001,214656224.0,191011.92
11.25,11.34,11.21,11.22,279706592.0,248235.61000000002
11.22,11.38,11.08,11.38,430744320.0,382533.41000000003
11.3,11.47,11.28,11.370000000000001,270728000.0,237580.5
11.35,11.44,11.34,11.41,167119488.0,146565.37
11.43,11.450000000000001,11.370000000000001,11.43,180907936.0,158668.36000000002
11.39,11.59,11.38,11.59,387195392.0,336553.77
11.39,11.44,11.15,11.3,472500384.0,418451.76
11.370000000000001,11.57,11.3,11.3,756664128.0,662474.58
11.370000000000001,11.4,11.3,11.32,289685344.0,255255.97
11.3,11.35,11.18,11.23,315060608.0,280495.94
11.34,11.370000000000001,11.22,11.28,287099392.0,254240.04
11.3,11.42,11.24,11.34,315706912.0,277498.79
11.39,11.41,11.31,11.35,184932352.0,162866.09
11.4,11.5,11.36,11.49,350981216.0,306709.61
11.5,11.74,11.5,11.620000000000001,544694720.0,468280.0
11.68,11.700000000000001,11.58,11.69,400477408.0,343920.57
11.78,11.790000000000001,11.68,11.75,470186976.0,400593.68
11.790000000000001,11.86,11.69,11.85,437072480.0,370410.97000000003
11.85,12.0,11.85,11.950000000000001,466909312.0,390636.54
12.08,12.09,11.92,12.0,313028160.0,261048.24000000002
11.99,12.01,11.83,11.93,303225632.0,254891.16
11.96,12.01,11.77,11.81,399569120.0,335589.32
11.94,12.0,11.870000000000001,11.93,375059072.0,313872.71
12.0,12.0,11.88,11.94,283084512.0,237421.71
11.99,11.99,11.85,11.950000000000001,478010560.0,401092.79000000004
11.9,11.92,11.68,11.75,325475296.0,277107.95
11.81,11.86,11.73,11.75,257910160.0,218709.62
11.75,11.950000000000001,11.69,11.81,356897088.0,301363.56
11.88,12.18,11.84,11.97,876687808.0,727264.61
11.950000000000001,11.99,11.76,11.9,437372192.0,368078.78
11.85,12.07,11.81,11.84,430109088.0,359475.77
11.8,12.030000000000001,11.8,11.9,386027552.0,324158.86
11.82,12.13,11.8,11.99,506474304.0,422096.02
12.02,12.040000000000001,11.91,11.96,326023328.0,272612.29
12.05,12.450000000000001,12.0,12.450000000000001,1131441664.0,920308.0
12.59,13.22,12.52,12.94,1596408960.0,1239701.03
12.950000000000001,13.14,12.86,13.09,952804800.0,733945.91
13.08,13.33,12.9,13.08,876220992.0,670022.23
13.07,13.25,13.030000000000001,13.17,628571136.0,478693.13
13.24,13.290000000000001,12.72,12.780000000000001,840281792.0,649928.96
12.8,13.030000000000001,12.75,12.91,502880224.0,389962.87
13.030000000000001,13.05,12.77,12.93,404182688.0,313962.57
12.89,12.950000000000001,12.77,12.86,422141024.0,328214.14
12.98,13.24,12.950000000000001,13.09,1347032704.0,1031588.06
13.09,13.09,12.780000000000001,12.9,1260246528.0,978763.5700000001
12.75,12.88,12.65,12.700000000000001,919894912.0,723804.66
12.74,12.85,12.620000000000001,12.77,669546624.0,526040.9
12.75,12.790000000000001,12.52,12.59,678152768.0,537347.3
12.68,12.700000000000001,12.5,12.51,419183008.0,333475.33
12.5,12.83,12.44,12.75,793656960.0,627057.33
12.75,12.89,12.69,12.74,634816384.0,497379.96
12.74,13.19,12.69,12.950000000000001,962257408.0,742743.89
12.950000000000001,13.1,12.86,12.92,597016896.0,460239.2
12.950000000000001,12.950000000000001,12.71,12.76,592408768.0,462672.81
12.8,12.81,12.56,12.57,617218176.0,488418.66000000003
12.48,12.48,12.290000000000001,12.290000000000001,477989504.0,385942.67
12.31,12.36,12.17,12.24,480742752.0,392393.95
12.21,12.290000000000001,12.15,12.23,394505184.0,322749.79
12.23,12.27,12.1,12.14,351795392.0,289436.47000000003
12.22,12.26,12.120000000000001,12.15,332797312.0,273242.99
12.17,12.35,12.13,12.24,352880160.0,287965.29
12.200000000000001,12.31,12.18,12.23,359115488.0,293708.03
12.17,12.22,12.01,12.040000000000001,460234688.0,380920.59
12.0,12.040000000000001,11.91,11.96,414077536.0,346171.75
12.01,12.06,11.94,11.99,354250528.0,295310.99
12.030000000000001,12.14,12.0,12.07,303962336.0,251532.56
12.15,12.17,11.98,12.06,719075392.0,596332.64
12.07,12.07,11.9,11.99,343598880.0,287039.56
12.0,12.01,11.92,11.96,212826176.0,177972.25
11.93,12.07,11.89,11.91,293541792.0,245669.35
11.96,11.97,11.82,11.870000000000001,263131792.0,221630.2
11.81,11.9,11.77,11.86,231361392.0,195578.65
11.78,11.83,11.700000000000001,11.75,290465760.0,247346.62
11.790000000000001,11.89,11.76,11.89,295963968.0,249761.30000000002
11.92,11.950000000000001,11.83,11.92,245635920.0,206544.38
11.9,11.93,11.85,11.9,206211632.0,173492.58000000002
11.88,11.91,11.86,11.86,181988688.0,153246.4
11.88,11.99,11.85,11.98,398582368.0,334090.45
11.99,11.99,11.88,11.9,321917920.0,270212.03
11.98,12.120000000000001,11.94,12.120000000000001,716034816.0,595205.54
12.120000000000001,12.15,12.0,12.13,458170272.0,379716.32
12.17,12.51,12.1,12.39,707895680.0,574356.05
12.36,12.5,12.34,12.4,428827232.0,345652.68
12.4,12.5,12.38,12.41,295686656.0,237899.07
12.41,12.55,12.38,12.42,500592352.0,401501.48
12.46,12.46,12.17,12.200000000000001,455979040.0,370338.91000000003
12.21,12.290000000000001,12.200000000000001,12.280000000000001,265496464.0,216710.29
12.290000000000001,12.290000000000001,12.200000000000001,12.24,167407904.0,136781.75
12.26,12.32,12.23,12.290000000000001,193083040.0,157390.54
12.25,12.43,12.25,12.32,344832512.0,279321.09
12.27,12.36,12.120000000000001,12.34,503090496.0,410515.55
12.32,12.38,12.21,12.370000000000001,392736224.0,319536.28
12.47,12.64,12.450000000000001,12.47,647446144.0,516290.79000000004
12.57,12.63,12.47,12.6,477053344.0,380188.10000000003
12.52,12.65,12.42,12.46,514432544.0,410011.93
12.51,12.6,12.46,12.5,355811744.0,284214.82
12.41,12.450000000000001,12.25,12.32,434980256.0,352405.36
12.39,12.43,12.35,12.370000000000001,324168064.0,261514.48
12.370000000000001,12.42,12.31,12.39,226580304.0,183212.52
12.4,12.41,12.31,12.41,255982384.0,207155.66
12.4,12.69,12.39,12.43,374971648.0,299945.61
12.41,12.450000000000001,12.25,12.25,392531136.0,318972.17
12.280000000000001,12.31,12.16,12.200000000000001,274130144.0,224548.76
12.22,12.290000000000001,12.16,12.23,215028080.0,175931.11000000002
12.26,12.27,12.19,12.25,290296128.0,237346.09
12.200000000000001,12.25,12.040000000000001,12.08,384580832.0,317874.74
11.700000000000001,11.84,11.65,11.77,917203456.0,781335.56
11.75,11.75,11.32,11.35,879151040.0,765347.96
10.22,10.69,10.22,10.47,997686080.0,953673.8200000001
10.51,10.74,10.48,10.66,710434816.0,667837.67
10.69,10.78,10.58,10.700000000000001,481639072.0,450466.58
10.81,10.86,10.65,10.790000000000001,408101888.0,380238.01
10.73,10.91,10.67,10.86,342581632.0,318969.56
10.76,10.84,10.71,10.77,366391168.0,340321.21
10.82,10.950000000000001,10.78,10.86,378583360.0,348563.02
10.84,10.88,10.76,10.86,284693728.0,263139.27
10.82,10.88,10.76,10.76,244794976.0,226306.13
10.76,10.88,10.74,10.86,242102416.0,223605.49
10.88,11.21,10.86,11.18,457641216.0,413433.2
11.09,11.18,11.040000000000001,11.06,334474240.0,301627.03
11.08,11.24,11.040000000000001,11.11,279375296.0,251001.57
11.17,11.27,11.06,11.23,408938112.0,366564.16000000003
11.23,11.39,11.21,11.3,439706976.0,389494.18
11.23,11.34,11.1,11.16,501186016.0,447386.22000000003
11.07,11.15,11.01,11.09,535241824.0,483245.64
11.01,11.33,11.01,11.200000000000001,581437760.0,519062.87
11.200000000000001,11.3,11.13,11.21,370549696.0,330298.24
11.11,11.18,10.85,10.85,550529600.0,501379.88
10.950000000000001,11.1,10.92,11.040000000000001,432698816.0,392450.56
11.13,11.23,11.040000000000001,11.06,437422560.0,393324.60000000003
11.01,11.1,10.950000000000001,11.03,381014624.0,346283.58
11.08,11.32,11.03,11.32,819311488.0,730478.8200000001
11.23,11.28,11.11,11.120000000000001,464404000.0,415878.2
11.0,11.0,10.75,10.78,644379968.0,594952.42
10.71,10.96,10.700000000000001,10.870000000000001,485896704.0,447617.37
10.93,10.93,10.77,10.77,343734176.0,316888.26
10.75,10.75,10.61,10.64,348157984.0,326323.5
10.4,10.73,10.28,10.700000000000001,603756288.0,574571.09
10.700000000000001,10.78,10.5,10.51,507308320.0,476499.24
10.68,10.69,10.290000000000001,10.43,440636608.0,421390.08
10.4,10.5,10.200000000000001,10.21,343553120.0,331766.46
10.19,10.34,9.86,9.94,558047040.0,557071.13
10.120000000000001,10.18,9.96,10.09,428744768.0,426093.58
9.950000000000001,9.950000000000001,9.82,9.84,279043936.0,282860.3
10.03,10.13,9.98,10.06,291586368.0,289907.54
10.200000000000001,10.27,10.120000000000001,10.15,327768576.0,321722.78
10.1,10.370000000000001,10.08,10.23,315960384.0,309218.03
10.35,10.38,10.200000000000001,10.24,278718752.0,271079.51
10.18,10.28,10.11,10.28,265782016.0,260460.18
10.3,10.36,10.13,10.15,267681232.0,261448.54
10.11,10.26,10.09,10.09,228559552.0,224791.92
10.09,10.200000000000001,10.07,10.200000000000001,172675328.0,170421.35
10.13,10.21,10.120000000000001,10.15,150706816.0,148423.82
10.3,10.33,10.23,10.28,244911008.0,238256.11000000002
10.25,10.290000000000001,10.18,10.24,183606912.0,179522.55000000002
10.26,10.290000000000001,10.18,10.200000000000001,138881040.0,135695.86000000002
10.22,10.24,10.15,10.21,169625920.0,166255.28
10.15,10.22,10.1,10.11,121315472.0,119669.86
10.17,10.25,10.120000000000001,10.25,181192032.0,177929.26
10.200000000000001,10.27,10.15,10.18,152284656.0,149456.08000000002
10.1,10.18,10.1,10.16,145969856.0,144031.97
10.18,10.23,10.15,10.200000000000001,231788992.0,227444.11000000002
10.15,10.19,10.09,10.11,237574336.0,235037.15
10.07,10.120000000000001,10.01,10.03,176508080.0,175575.25
10.02,10.07,9.98,10.07,158372528.0,158024.41
10.1,10.1,10.01,10.06,169579072.0,168786.43
10.06,10.09,10.01,10.06,170599168.0,169731.13
10.15,10.42,10.15,10.34,520244000.0,503428.06
10.36,10.38,10.22,10.33,301584640.0,292225.78
10.35,10.61,10.33,10.61,367739392.0,350568.36
10.58,10.790000000000001,10.56,10.63,330157504.0,309069.71
10.44,10.49,10.36,10.46,431336736.0,413783.62
10.450000000000001,10.46,10.370000000000001,10.39,272516384.0,262116.56
10.44,10.49,10.4,10.44,218698512.0,209276.7
10.44,10.540000000000001,10.42,10.43,224819920.0,214724.95
10.44,10.48,10.34,10.34,201474592.0,194059.45
10.31,10.39,10.28,10.38,160783648.0,155743.1
10.32,10.36,10.27,10.3,163558192.0,158923.76
10.36,10.38,10.26,10.28,141846608.0,137537.7
10.28,10.43,10.25,10.32,162140720.0,156759.41
10.450000000000001,10.450000000000001,10.34,10.35,130445256.0,125769.97
10.370000000000001,10.42,10.33,10.41,208195248.0,200463.0
10.44,10.44,10.33,10.33,149140640.0,143616.84
10.3,10.34,10.14,10.14,243204608.0,237229.15
10.3,10.31,10.13,10.27,160438352.0,157220.12
10.32,10.32,10.25,10.27,147713424.0,143722.49
10.28,10.38,10.25,10.35,208419136.0,201457.12
10.36,10.55,10.36,10.53,401358592.0,382631.89
10.450000000000001,10.57,10.450000000000001,10.57,322828576.0,306592.27
10.63,10.72,10.57,10.65,304346432.0,286128.41000000003
10.58,10.74,10.58,10.68,276609952.0,259225.45
10.75,10.870000000000001,10.700000000000001,10.700000000000001,294472992.0,273521.88
10.8,10.8,10.64,10.64,187688384.0,175590.33000000002
10.68,10.69,10.56,10.67,222668160.0,209582.91
10.64,10.72,10.6,10.61,194265344.0,182511.52
10.620000000000001,10.72,10.58,10.68,184089104.0,172631.6
10.71,10.71,10.58,10.58,177440928.0,166934.80000000002
10.58,10.61,10.450000000000001,10.48,264822304.0,251714.55000000002
10.58,10.58,10.43,10.55,267574336.0,255144.82
10.41,10.49,10.35,10.35,265574304.0,254978.83000000002
10.44,10.5,10.4,10.450000000000001,184966304.0,176827.42
10.44,10.51,10.43,10.47,169024384.0,161485.94
10.42,10.57,10.39,10.5,218713600.0,208565.51
10.56,10.68,10.5,10.61,422462432.0,398144.79000000004
10.57,10.66,10.53,10.55,260728896.0,246119.03
10.51,10.57,10.47,10.48,206109216.0,196022.12
10.540000000000001,10.61,10.5,10.6,241489168.0,228738.84
10.63,10.73,10.49,10.57,295223648.0,278756.19
10.59,10.64,10.540000000000001,10.58,242601904.0,228867.64
10.59,10.76,10.55,10.74,390832224.0,366907.10000000003
10.73,11.05,10.700000000000001,11.05,663308352.0,609512.68
11.08,11.26,11.02,11.19,916157952.0,822384.77
11.3,12.31,11.290000000000001,12.200000000000001,1776417920.0,1495580.01
12.450000000000001,12.69,12.1,12.11,1621839616.0,1314697.59
12.17,12.44,12.030000000000001,12.14,1282339840.0,1048792.3
12.26,12.26,11.94,11.99,1101713280.0,913117.38
11.98,12.09,11.55,11.6,925839424.0,786118.64
11.6,11.85,11.56,11.66,1128297600.0,965643.3300000001
11.61,11.69,11.33,11.38,919482240.0,799442.6
11.47,11.47,11.14,11.18,1042128832.0,924383.1
11.25,11.48,11.200000000000001,11.200000000000001,1094089984.0,966141.62
11.370000000000001,11.39,11.17,11.27,771657344.0,686394.8
11.32,11.57,11.27,11.52,901216640.0,787665.18
11.59,11.61,11.4,11.540000000000001,632576768.0,550045.87
11.55,11.75,11.5,11.620000000000001,1147395840.0,986876.37
10.99,10.99,10.61,10.84,937319744.0,868068.96
10.78,10.8,10.4,10.42,769923520.0,728863.91
10.55,10.55,10.32,10.370000000000001,465608576.0,446559.10000000003
10.46,10.540000000000001,10.35,10.39,339999712.0,325992.74
10.35,10.540000000000001,10.32,10.51,474093216.0,452566.02
10.51,10.53,10.4,10.4,422561056.0,404434.81
10.41,10.52,10.31,10.36,679850112.0,653684.27
10.4,10.48,10.370000000000001,10.41,586201728.0,562720.05
10.46,10.72,10.43,10.66,937235136.0,885224.54
10.64,10.64,10.450000000000001,10.51,483338976.0,460112.8
10.57,10.63,10.41,10.53,445698848.0,424842.32
10.51,10.53,10.36,10.43,461730432.0,442719.66000000003
10.42,10.57,10.39,10.52,514604352.0,489739.67
10.58,10.68,10.450000000000001,10.47,676102336.0,636732.24
10.49,10.6,10.46,10.56,455458272.0,432686.29000000004
10.6,10.61,10.5,10.51,271625408.0,257984.77000000002
10.53,10.6,10.48,10.59,396506208.0,375845.3
10.59,10.98,10.57,10.84,1066482944.0,987426.99
10.85,10.85,10.63,10.69,580056192.0,540919.61
10.69,10.74,10.57,10.58,462151808.0,434481.06
10.56,10.57,10.43,10.47,559975488.0,535390.28
10.56,10.56,10.450000000000001,10.5,329790592.0,314515.2
10.57,10.57,10.44,10.46,408922464.0,389828.22000000003
10.48,10.51,10.41,10.450000000000001,396122400.0,378972.5
10.44,10.450000000000001,10.35,10.370000000000001,408174304.0,392787.32
10.38,10.4,10.32,10.35,315213312.0,304624.92
10.35,10.46,10.31,10.46,552429120.0,531312.03
10.46,10.51,10.32,10.36,835524352.0,800373.56
10.31,10.36,10.26,10.290000000000001,555922112.0,539312.33
10.28,10.290000000000001,10.120000000000001,10.18,578763456.0,567870.81
10.19,10.23,10.11,10.120000000000001,414701600.0,408320.2
10.07,10.15,10.01,10.07,387141408.0,384439.82
10.07,10.16,10.01,10.01,589509248.0,585645.85
10.07,10.09,10.01,10.05,532346432.0,529725.4
10.01,10.08,10.0,10.01,496009216.0,494185.0
10.06,10.06,9.94,9.96,540727360.0,541699.16
9.950000000000001,9.96,9.85,9.92,494619680.0,499476.42
9.950000000000001,9.950000000000001,9.86,9.9,384257696.0,388512.3
9.91,9.92,9.85,9.86,459933664.0,466015.49
9.870000000000001,9.9,9.8,9.86,507227136.0,514706.57
9.870000000000001,9.89,9.8,9.83,424496704.0,431716.75
9.84,9.94,9.8,9.94,941630528.0,952305.81
9.94,9.97,9.83,9.84,553037632.0,559987.16
9.81,9.84,9.69,9.700000000000001,643194176.0,659520.98
9.71,9.72,9.620000000000001,9.63,404393344.0,419095.87
9.61,9.620000000000001,9.46,9.5,512493248.0,538587.39
9.5,9.53,9.46,9.47,279750432.0,294875.05
9.49,9.53,9.46,9.46,249063488.0,262578.27
9.5,9.52,9.43,9.43,312583584.0,329882.66000000003
9.450000000000001,9.49,9.35,9.39,367745376.0,390068.07
9.44,9.48,9.4,9.42,375559360.0,397726.87
9.450000000000001,9.63,9.42,9.59,637356672.0,666716.37
9.58,9.59,9.52,9.540000000000001,267595712.0,280590.97000000003
9.540000000000001,9.56,9.5,9.53,409511680.0,429692.17
9.540000000000001,9.72,9.53,9.620000000000001,637856640.0,661467.3200000001
9.61,9.77,9.6,9.72,726361088.0,748502.36
9.73,9.93,9.64,9.65,826077888.0,845323.85
9.63,9.65,9.51,9.58,446894592.0,466870.29000000004
9.58,9.700000000000001,9.51,9.700000000000001,592503552.0,616221.29
9.67,9.76,9.59,9.65,456765632.0,472888.84
9.63,9.790000000000001,9.620000000000001,9.700000000000001,689493440.0,709544.76
9.72,9.75,9.59,9.6,508770624.0,527114.43
9.59,9.59,9.48,9.48,362632672.0,380627.8
9.48,9.52,9.38,9.4,432093184.0,458813.67
9.35,9.450000000000001,9.34,9.370000000000001,409990848.0,437073.48
9.38,9.450000000000001,9.25,9.26,523487872.0,560608.64
9.28,9.33,9.22,9.25,431202848.0,465422.51
9.31,9.4,9.28,9.3,632973888.0,678761.11
9.35,9.4,9.28,9.34,469008800.0,502560.88
9.46,9.46,9.33,9.36,523812736.0,558732.29
9.370000000000001,9.43,9.33,9.39,600129344.0,639195.92
9.42,9.48,9.39,9.43,839142848.0,889376.55
9.47,9.59,9.44,9.46,800256192.0,842178.64
9.49,9.58,9.44,9.56,610306560.0,641718.05
9.52,9.53,9.43,9.43,491018816.0,518910.5
9.41,9.41,9.33,9.36,420337408.0,449101.12
9.38,9.46,9.370000000000001,9.450000000000001,300508256.0,318780.52
9.46,9.53,9.44,9.53,448873504.0,472939.7
9.53,9.77,9.5,9.700000000000001,1059930880.0,1094175.1300000001
9.700000000000001,9.78,9.64,9.74,620569664.0,638400.56
9.68,9.72,9.61,9.67,450166496.0,466313.60000000003
9.66,9.92,9.63,9.9,909448896.0,926182.4
9.92,9.97,9.82,9.85,605831680.0,612217.09
9.9,9.99,9.81,9.81,606063488.0,612161.11
9.84,9.99,9.76,9.98,709188736.0,715955.43
10.01,10.200000000000001,9.96,10.200000000000001,1141650176.0,1133880.37
10.3,10.53,10.06,10.06,2102112640.0,2034989.22
10.08,10.35,10.01,10.3,1099269632.0,1078121.59
10.26,10.39,10.19,10.25,808812288.0,787027.79
10.23,10.28,10.16,10.24,584153280.0,571957.35
10.24,10.25,10.05,10.17,479183328.0,473364.5
10.11,10.17,9.9,9.99,577584128.0,578105.4500000001
9.97,10.06,9.93,9.98,315079840.0,315223.98
9.98,10.09,9.91,9.91,440752928.0,440900.61
9.91,9.96,9.76,9.82,388252096.0,394008.78
9.84,9.88,9.69,9.700000000000001,471620096.0,483865.69
9.75,9.8,9.68,9.75,376928032.0,387438.36
9.73,9.74,9.6,9.71,379468288.0,393230.7
9.72,9.78,9.64,9.65,465187104.0,479989.04000000004
9.64,9.790000000000001,9.59,9.77,415257088.0,429015.55
9.74,9.790000000000001,9.69,9.76,310411744.0,318844.62
9.700000000000001,9.77,9.65,9.75,310813664.0,319655.04
9.75,9.75,9.55,9.61,485974240.0,504180.01
9.6,9.64,9.48,9.55,368816672.0,386563.38
9.55,9.66,9.51,9.55,238279376.0,248719.12
9.56,9.61,9.51,9.58,214427360.0,224209.76
9.55,9.63,9.5,9.57,322826368.0,337659.35000000003
9.59,9.620000000000001,9.52,9.53,421945440.0,441506.48
9.52,9.540000000000001,9.44,9.5,519975328.0,548855.64
9.51,9.69,9.49,9.68,635666176.0,659923.62
9.64,9.73,9.55,9.69,606364928.0,629069.39
9.68,9.68,9.52,9.68,517135744.0,538591.77
9.620000000000001,9.83,9.620000000000001,9.82,604071104.0,618813.21
9.83,9.93,9.66,9.81,557051904.0,570904.42
9.83,9.9,9.73,9.83,547035200.0,558014.55
9.83,9.94,9.68,9.69,745359168.0,759840.56
9.700000000000001,9.790000000000001,9.58,9.78,548277760.0,567328.78
9.75,9.88,9.72,9.84,560579200.0,571451.73
9.83,9.96,9.76,9.870000000000001,545908480.0,553385.65
9.98,10.23,9.92,9.92,1440726016.0,1430676.03
9.92,10.120000000000001,9.870000000000001,10.08,962800704.0,963894.98
10.07,10.22,9.98,10.16,837479680.0,828161.8
10.13,10.18,9.96,9.98,669394432.0,666089.13
9.99,10.07,9.93,9.97,536180000.0,536229.0700000001
9.96,9.97,9.76,9.790000000000001,607707968.0,618797.85
9.77,9.78,9.67,9.72,501372352.0,517056.48000000004
9.69,9.78,9.66,9.68,386930912.0,398776.11
9.67,9.88,9.66,9.73,539658304.0,551744.5700000001
9.73,9.74,9.61,9.66,506059200.0,523609.24
9.69,10.13,9.65,9.96,1142597632.0,1152574.82
9.94,10.48,9.9,10.44,1867281024.0,1818837.8800000001
10.35,10.47,10.15,10.22,1349638656.0,1314039.7
10.19,10.43,10.06,10.26,1346692096.0,1311507.45
10.21,10.41,10.120000000000001,10.28,944124544.0,920164.5
10.28,10.82,10.25,10.72,2078645760.0,1955061.62
10.71,10.81,10.51,10.72,1467791360.0,1370895.06
10.700000000000001,10.74,10.540000000000001,10.68,1061301504.0,998719.98
10.67,10.85,10.56,10.69,1123961344.0,1050922.41
10.8,11.02,10.74,10.83,1558504832.0,1433979.23
10.83,11.120000000000001,10.77,10.97,1351290368.0,1229263.0
10.92,10.950000000000001,10.700000000000001,10.71,1373533440.0,1273794.1400000001
10.71,10.99,10.71,10.78,1010901312.0,933277.86
10.81,10.89,10.55,10.6,1047470272.0,977839.99
10.66,10.85,10.6,10.8,964732736.0,898554.9500000001
10.72,10.82,10.540000000000001,10.540000000000001,909298112.0,853860.93
10.59,10.64,10.5,10.58,578491520.0,547461.26
10.61,10.700000000000001,10.36,10.47,786616704.0,747631.49
10.450000000000001,10.92,10.43,10.92,1224387968.0,1135708.6
10.8,10.92,10.76,10.88,817817152.0,754128.65
10.870000000000001,10.94,10.69,10.86,778561728.0,721547.8200000001
10.98,11.02,10.71,10.75,869553728.0,801530.97
10.78,10.9,10.65,10.73,900880576.0,835840.61
10.76,10.790000000000001,10.63,10.72,542100928.0,505121.61
10.8,10.97,10.76,10.9,836848960.0,768169.62
10.89,11.03,10.82,10.9,866141120.0,792356.29
10.88,11.24,10.88,11.120000000000001,1259911424.0,1135244.49
11.05,11.24,11.01,11.11,728108288.0,655022.59
11.1,11.120000000000001,10.89,10.92,634262144.0,578218.51
10.97,11.05,10.9,11.03,559643200.0,509435.5
11.01,11.05,10.56,10.65,1110156544.0,1033598.87
10.620000000000001,10.88,10.620000000000001,10.75,710176256.0,660310.03
10.76,10.83,10.68,10.78,506263424.0,471277.10000000003
10.77,10.81,10.63,10.68,472480384.0,441326.42
10.72,10.78,10.61,10.63,465464544.0,435476.62
10.68,10.73,10.61,10.620000000000001,435739840.0,408827.34
10.6,10.6,10.4,10.48,964797248.0,923667.72
10.65,11.01,10.620000000000001,11.01,1882440576.0,1734472.1500000001
11.01,11.040000000000001,10.870000000000001,10.99,731611968.0,668136.91
10.99,11.01,10.81,10.89,519576384.0,477812.07
10.94,10.950000000000001,10.67,10.76,704137152.0,653650.5700000001
10.76,10.790000000000001,10.68,10.700000000000001,363567296.0,339112.24
10.74,10.75,10.58,10.65,648631680.0,609885.4
10.63,10.700000000000001,10.56,10.66,447410752.0,420478.5
10.64,10.64,10.53,10.59,409118560.0,386830.22000000003
10.58,10.75,10.52,10.73,608748224.0,570237.4400000001
10.74,10.82,10.67,10.76,566984768.0,527562.34
10.82,10.82,10.57,10.59,486204160.0,456867.54000000004
10.58,10.61,10.38,10.43,555086912.0,531723.72
10.450000000000001,10.55,10.42,10.540000000000001,345237984.0,328956.24
10.55,10.64,10.450000000000001,10.58,529864992.0,502039.14
10.55,10.58,10.48,10.5,309777280.0,294505.63
10.47,10.620000000000001,10.46,10.58,480039008.0,454397.18
10.6,10.6,10.4,10.43,437919104.0,417933.78
10.42,10.47,10.38,10.43,259051568.0,248252.85
10.450000000000001,10.5,10.28,10.3,482566272.0,463872.12
10.33,10.34,10.24,10.27,257631072.0,250425.4
10.33,10.33,10.18,10.25,361207968.0,353211.83
10.28,10.55,10.26,10.540000000000001,503908352.0,481946.27
10.28,10.28,9.96,10.05,1570141056.0,1561034.45
9.97,10.18,9.97,10.1,616780672.0,611391.67
10.1,10.15,9.99,10.03,728759616.0,723452.88
10.06,10.06,9.88,9.950000000000001,610992512.0,615164.54
9.92,10.07,9.9,10.05,423538336.0,423337.8
10.040000000000001,10.200000000000001,10.02,10.120000000000001,526835936.0,520120.85000000003
10.09,10.17,10.01,10.09,475665504.0,472125.65
10.1,10.200000000000001,10.03,10.19,483068512.0,476814.03
10.200000000000001,10.290000000000001,10.13,10.21,473603680.0,463633.14
10.18,10.23,10.15,10.22,194624784.0,190935.05000000002
10.19,10.200000000000001,10.07,10.120000000000001,296073792.0,292739.07
10.1,10.18,10.02,10.16,357783840.0,353952.64
10.200000000000001,10.22,10.07,10.09,289959904.0,286189.32
10.08,10.14,10.05,10.09,237130464.0,235189.01
10.1,10.33,10.06,10.32,771994304.0,754175.64
10.31,10.42,10.28,10.35,568991552.0,549848.15
10.32,10.43,10.26,10.290000000000001,536862496.0,520633.3
10.33,10.36,10.25,10.35,356339744.0,345932.93
10.34,10.34,10.22,10.27,381740384.0,372557.26
10.23,10.26,10.18,10.19,427253280.0,418803.84
10.21,10.23,10.13,10.22,364476000.0,358304.78
10.21,10.32,10.18,10.23,535599648.0,522449.08
10.25,10.38,10.19,10.23,729772608.0,710524.3200000001
10.26,10.27,10.200000000000001,10.23,371369088.0,363014.0
10.24,10.33,10.18,10.31,522323168.0,508381.16000000003
10.290000000000001,10.35,10.21,10.21,575008512.0,560950.91
10.21,10.31,10.200000000000001,10.23,467893696.0,456854.32
10.24,10.28,10.11,10.17,591098496.0,580302.51
10.15,10.15,10.01,10.03,472150816.0,469557.73
10.040000000000001,10.14,10.01,10.05,324482528.0,321710.81
10.05,10.120000000000001,10.03,10.040000000000001,298576640.0,296898.48
10.040000000000001,10.1,10.0,10.1,446813184.0,444512.10000000003
10.06,10.09,10.01,10.040000000000001,399756064.0,398157.44
10.06,10.120000000000001,10.0,10.0,453604608.0,451845.64
10.01,10.03,9.96,9.99,343745824.0,344000.99
10.0,10.05,9.97,10.02,316690720.0,316526.61
10.02,10.11,10.01,10.08,486548032.0,483353.88
10.06,10.07,9.99,10.01,326457376.0,325971.14
10.01,10.040000000000001,9.98,9.98,327178176.0,327333.7
10.0,10.02,9.97,10.0,215772912.0,215800.51
10.01,10.06,9.99,10.03,370991520.0,369991.38
10.01,10.05,9.92,9.93,513421344.0,515351.29000000004
9.950000000000001,9.96,9.85,9.92,442917696.0,448068.63
9.91,10.01,9.88,9.99,375924544.0,377373.79
10.01,10.040000000000001,9.94,10.03,356794176.0,356669.88
10.05,10.05,9.92,9.94,306373152.0,307451.76
9.93,10.01,9.9,9.91,343545056.0,345900.87
9.96,9.99,9.9,9.91,332219136.0,334156.12
9.94,9.99,9.88,9.96,344399328.0,346116.54
9.97,9.97,9.8,9.83,514554752.0,522075.57
9.83,9.96,9.81,9.94,454671008.0,459033.96
10.01,10.08,9.96,9.98,455679328.0,455578.02
9.98,10.03,9.85,10.01,527117568.0,530494.38
10.01,10.02,9.94,9.99,367615296.0,368347.27
9.51,9.64,9.51,9.55,558646912.0,584508.76
9.58,9.72,9.56,9.64,424674368.0,439771.69
9.6,9.67,9.57,9.58,289065056.0,300903.22000000003
9.57,9.58,9.3,9.34,486767424.0,517427.15
9.36,9.43,9.09,9.15,494584128.0,532798.6
9.16,9.36,9.16,9.21,428304160.0,463358.75
9.25,9.28,9.1,9.120000000000001,398885088.0,435877.33
9.13,9.13,9.01,9.03,323216896.0,356971.22000000003
9.03,9.24,8.97,9.13,416533728.0,457133.5
9.13,9.14,9.040000000000001,9.120000000000001,300047776.0,330140.5
9.120000000000001,9.14,9.05,9.07,229004464.0,252144.94
9.06,9.120000000000001,9.040000000000001,9.05,220300800.0,242677.99
9.05,9.08,9.0,9.08,203315744.0,224861.26
9.06,9.25,9.05,9.17,344052128.0,374619.14
9.18,9.23,9.1,9.200000000000001,314539904.0,343709.35000000003
9.18,9.290000000000001,9.16,9.21,345067488.0,373820.98
9.21,9.22,9.16,9.17,211023248.0,229784.67
9.16,9.23,9.14,9.18,201254912.0,219259.88
9.19,9.27,9.16,9.22,252450160.0,273695.11
9.23,9.290000000000001,9.17,9.19,350733824.0,380167.60000000003
9.200000000000001,9.39,9.16,9.33,403158880.0,434247.45
9.34,9.34,9.19,9.23,336172096.0,363913.71
9.25,9.3,9.18,9.27,327037536.0,353743.87
9.3,9.31,9.200000000000001,9.200000000000001,299502496.0,324189.42
9.22,9.3,9.17,9.21,376573376.0,408159.68
9.23,9.24,9.16,9.19,313176512.0,340639.99
9.18,9.200000000000001,9.13,9.14,269637952.0,294391.49
9.16,9.22,9.14,9.17,253490160.0,276188.17
9.05,9.08,8.92,8.96,721952832.0,804102.79
8.98,9.05,8.93,9.05,401545632.0,446336.9
9.03,9.23,9.01,9.18,532088416.0,582113.12
9.200000000000001,9.24,9.16,9.23,369226848.0,401227.27
9.24,9.33,9.16,9.24,470393984.0,507815.88
9.22,9.31,9.200000000000001,9.21,329503552.0,356277.42
9.21,9.39,9.16,9.34,594700224.0,640517.87
9.34,9.39,9.290000000000001,9.34,382017856.0,409417.84
9.32,9.34,9.25,9.3,297126944.0,319513.55
9.32,9.48,9.31,9.41,537963840.0,572507.18
9.38,9.43,9.34,9.39,275283520.0,293733.07
9.39,9.43,9.17,9.21,500630048.0,539347.21
9.21,9.26,9.13,9.19,349607328.0,380647.66000000003
9.200000000000001,9.23,9.11,9.120000000000001,450453216.0,491998.95
9.11,9.17,9.08,9.11,275167584.0,302335.29
9.0,9.08,8.96,9.03,316134912.0,350541.48
9.1,9.15,9.01,9.03,359242368.0,396399.67
9.040000000000001,9.08,8.99,9.02,360045376.0,399255.96
9.02,9.05,8.94,9.02,374465152.0,417083.55
8.98,9.09,8.98,9.03,301762304.0,333407.62
9.01,9.09,8.97,9.02,361288896.0,400082.68
9.03,9.05,8.98,9.0,262917680.0,291902.45
9.05,9.15,9.03,9.08,354870720.0,390805.57
9.120000000000001,9.25,9.1,9.15,427661696.0,466324.88
9.120000000000001,9.19,9.09,9.14,326390592.0,357257.51
9.14,9.15,9.05,9.07,204856496.0,225382.81
9.07,9.09,9.02,9.040000000000001,204329600.0,225846.06
9.05,9.11,9.02,9.07,249700096.0,275254.49
9.06,9.1,8.98,9.02,234209600.0,259646.95
9.03,9.07,9.01,9.01,258552848.0,286361.66000000003
9.03,9.06,8.99,9.02,247758528.0,274824.28
9.05,9.09,9.01,9.040000000000001,398999712.0,440745.76
9.07,9.13,9.02,9.07,350441984.0,386694.15
9.03,9.06,9.02,9.03,240319360.0,265855.15
9.06,9.09,9.01,9.03,277872448.0,307518.28
9.01,9.02,8.96,8.99,307379968.0,341972.8
8.99,9.01,8.950000000000001,8.96,252660144.0,281651.81
8.96,9.0,8.93,8.94,322416672.0,359907.31
8.69,8.78,8.6,8.72,564516736.0,649409.74
8.71,8.75,8.5,8.540000000000001,602023104.0,700346.23
8.59,8.59,8.51,8.53,254382304.0,297851.85000000003
8.53,8.540000000000001,8.5,8.51,222785136.0,261488.59
8.51,8.540000000000001,8.49,8.53,195212624.0,229133.55000000002
8.48,8.53,8.46,8.49,206985056.0,243530.08000000002
8.5,8.55,8.49,8.540000000000001,166547488.0,195485.18
8.53,8.53,8.44,8.48,232796688.0,274788.69
8.48,8.620000000000001,8.47,8.620000000000001,269103072.0,314193.21
8.64,8.65,8.58,8.65,176737120.0,204982.05000000002
8.66,8.75,8.65,8.75,240602624.0,276258.01
8.700000000000001,8.74,8.63,8.73,208943552.0,240300.66
8.67,8.72,8.65,8.65,167446816.0,193015.99
8.61,8.66,8.53,8.56,175306640.0,204653.95
8.56,8.700000000000001,8.55,8.65,176572256.0,204719.95
8.63,8.66,8.59,8.6,180823520.0,209837.45
8.61,8.700000000000001,8.61,8.63,185927808.0,215023.74
8.61,8.69,8.59,8.68,167133728.0,193426.92
8.68,8.69,8.61,8.64,113743008.0,131690.7
8.61,8.620000000000001,8.55,8.56,181698144.0,211990.61000000002
8.57,8.59,8.5,8.59,202736528.0,237464.0
8.540000000000001,8.59,8.51,8.51,263703120.0,309001.24
8.53,8.58,8.51,8.56,165443376.0,193338.56
8.56,8.61,8.52,8.58,196509472.0,229062.01
8.58,8.6,8.52,8.59,204050800.0,238487.44
8.59,8.64,8.57,8.6,291593664.0,338820.29
8.69,8.700000000000001,8.6,8.68,346582048.0,400162.9
8.700000000000001,8.700000000000001,8.63,8.67,247833296.0,286059.16000000003
8.69,8.8,8.66,8.75,447467456.0,511862.01
8.73,8.78,8.72,8.77,371969056.0,424948.9
8.790000000000001,8.81,8.620000000000001,8.65,488480928.0,562340.06
8.64,8.65,8.540000000000001,8.57,423738400.0,493893.18
8.540000000000001,8.58,8.53,8.55,176754864.0,206642.39
8.56,8.61,8.55,8.6,230865616.0,268995.24
8.61,8.620000000000001,8.56,8.56,234082752.0,272695.8
8.55,8.61,8.55,8.58,238630272.0,277861.23
8.55,8.65,8.55,8.61,226526112.0,263109.57
8.620000000000001,8.64,8.57,8.57,185663520.0,216180.63
8.58,8.6,8.56,8.58,162106688.0,189018.73
8.58,8.59,8.53,8.540000000000001,156027072.0,182520.48
8.540000000000001,8.57,8.53,8.56,167009888.0,195277.35
8.56,8.59,8.540000000000001,8.57,255590464.0,298337.07
8.57,8.58,8.53,8.540000000000001,171393536.0,200501.30000000002
8.540000000000001,8.58,8.53,8.540000000000001,199031072.0,232724.84
8.540000000000001,8.57,8.53,8.53,195941584.0,229296.21
8.540000000000001,8.58,8.52,8.57,322145536.0,377076.47000000003
8.57,8.68,8.56,8.64,478834464.0,554591.35
8.66,8.66,8.56,8.57,352720672.0,410310.62
8.57,8.73,8.57,8.71,546456192.0,630182.97
8.72,8.78,8.66,8.72,296601216.0,340553.12
8.74,8.78,8.69,8.73,373093376.0,426461.06
8.75,8.75,8.63,8.69,358535680.0,412406.7
8.73,8.85,8.69,8.72,429003200.0,489236.92
8.72,8.72,8.57,8.59,440215968.0,510606.52
8.57,8.63,8.57,8.57,190459840.0,221779.75
8.58,8.66,8.55,8.63,344181248.0,399951.95
8.63,8.66,8.61,8.64,226931296.0,262576.62
8.66,8.82,8.64,8.8,724160512.0,828420.4400000001
8.78,8.8,8.72,8.76,416684192.0,475725.39
8.790000000000001,8.790000000000001,8.66,8.69,282465408.0,324897.22000000003
8.68,8.68,8.56,8.56,372488768.0,433124.12
8.57,8.59,8.540000000000001,8.57,201130976.0,234819.59
8.55,8.56,8.45,8.45,477716800.0,562810.31
8.48,8.51,8.41,8.41,372256640.0,439937.66000000003
8.48,8.55,8.44,8.52,340086720.0,399883.12
8.53,8.67,8.51,8.65,409206624.0,475725.2
8.64,8.71,8.620000000000001,8.64,313861248.0,362232.35000000003
8.66,8.71,8.620000000000001,8.69,249045200.0,287161.74
8.700000000000001,8.76,8.67,8.74,328719168.0,376828.74
8.69,8.71,8.58,8.6,299136384.0,347270.78
8.59,8.63,8.52,8.55,271300736.0,316807.5
8.58,8.64,8.56,8.59,246064336.0,286095.74
8.6,8.63,8.56,8.56,210822960.0,245332.21
8.55,8.67,8.53,8.67,296119872.0,343846.2
8.64,8.64,8.55,8.6,208998928.0,243342.7
8.57,8.59,8.53,8.58,278140352.0,324971.74
8.59,8.59,8.53,8.540000000000001,251902288.0,294763.92
8.540000000000001,8.55,8.4,8.44,404232352.0,477035.59
8.44,8.48,8.41,8.43,272095584.0,322399.10000000003
8.44,8.45,8.36,8.39,196216448.0,233932.62
8.39,8.46,8.39,8.44,198243680.0,235403.05000000002
8.41,8.46,8.4,8.42,140817904.0,167080.51
8.44,8.5,8.43,8.46,167938720.0,198646.47
8.44,8.44,8.36,8.4,221531968.0,263957.29
8.38,8.4,8.28,8.290000000000001,309677984.0,371772.43
8.290000000000001,8.3,8.05,8.08,381542336.0,466880.59
8.11,8.13,7.76,7.9,367319424.0,460357.02
8.01,8.05,7.92,7.92,200622352.0,251814.89
7.890000000000001,8.02,7.7700000000000005,8.01,262318144.0,332860.05
7.95,8.0,7.9,7.91,180826432.0,227708.66
7.92,7.930000000000001,7.61,7.63,379252448.0,489622.95
7.69,7.8,7.5200000000000005,7.7700000000000005,318505376.0,415200.83
7.8500000000000005,7.8500000000000005,7.71,7.74,322981440.0,414955.56
7.73,7.91,7.71,7.9,417702656.0,531795.3
7.84,7.84,7.73,7.76,302127776.0,388239.62
7.7700000000000005,7.88,7.75,7.83,220766832.0,282244.69
7.83,7.84,7.7700000000000005,7.8,199580752.0,255536.86000000002
7.78,7.83,7.76,7.8,130087624.0,166876.77
7.8,7.86,7.78,7.8,128855056.0,164744.42
7.8,7.87,7.71,7.86,224838880.0,287839.84
7.83,7.86,7.8,7.82,176131296.0,225169.78
7.84,7.92,7.82,7.92,235127472.0,298543.69
7.890000000000001,8.02,7.86,8.0,206902400.0,259697.72
7.95,8.07,7.94,8.07,255823776.0,318813.45
8.0,8.18,8.0,8.17,345601824.0,425461.17
8.16,8.18,8.06,8.07,257349872.0,317121.43
8.07,8.120000000000001,8.02,8.11,194553792.0,240891.73
8.11,8.11,7.97,8.01,240997440.0,300156.79
8.02,8.15,7.98,8.11,252435312.0,313319.39
8.09,8.14,8.05,8.1,149849344.0,185011.5
8.11,8.15,8.1,8.11,154167552.0,189731.5
8.11,8.18,8.09,8.15,177849456.0,218119.56
8.120000000000001,8.14,8.01,8.03,169238880.0,210223.69
8.040000000000001,8.14,8.03,8.14,198485792.0,245644.9
8.13,8.15,8.08,8.11,155238288.0,191439.35
8.08,8.16,7.99,8.07,236728144.0,292280.35000000003
8.01,8.120000000000001,8.01,8.09,222997632.0,276120.17
8.02,8.1,7.8100000000000005,7.82,426094144.0,533115.5
7.84,7.99,7.79,7.87,301693696.0,382042.59
7.91,7.95,7.8100000000000005,7.83,304687712.0,386886.14
7.86,7.99,7.86,7.99,358888160.0,451751.69
7.98,8.06,7.86,8.03,354246112.0,445128.46
8.03,8.08,7.96,7.99,233186176.0,291331.4
7.94,7.98,7.82,7.8500000000000005,250345904.0,317955.78
7.8500000000000005,7.86,7.8,7.82,125476464.0,160354.2
7.8,7.890000000000001,7.71,7.8500000000000005,257366416.0,329910.18
7.84,7.9,7.8100000000000005,7.86,197407264.0,251168.15
7.83,7.91,7.83,7.87,176091168.0,223522.29
7.91,8.05,7.9,8.05,298941536.0,373433.58
8.05,8.07,7.930000000000001,7.97,167326400.0,209908.26
8.01,8.040000000000001,7.95,8.02,149733536.0,187141.91
7.98,8.01,7.92,7.95,154781984.0,194639.13
7.92,7.98,7.890000000000001,7.91,157705904.0,199041.91
7.94,8.05,7.92,8.040000000000001,262095152.0,326995.72000000003
8.06,8.06,7.95,7.95,203770112.0,255275.72
7.96,7.97,7.87,7.88,205916160.0,260285.14
7.92,7.930000000000001,7.8500000000000005,7.88,165613952.0,210033.64
7.890000000000001,7.92,7.84,7.9,184331248.0,234015.89
7.92,8.01,7.88,8.0,252802576.0,317553.38
8.01,8.02,7.87,7.88,282538720.0,356962.57
7.9,7.98,7.88,7.94,251916048.0,317508.84
7.94,7.94,7.890000000000001,7.91,145647632.0,184019.41
7.890000000000001,7.91,7.87,7.890000000000001,149199712.0,189311.16
7.87,7.9,7.82,7.86,259403168.0,330105.27
7.84,7.890000000000001,7.83,7.88,240941760.0,306230.76
7.87,7.88,7.83,7.86,310775168.0,395556.66000000003
7.86,7.96,7.84,7.95,480180512.0,606069.56
7.930000000000001,8.05,7.890000000000001,7.930000000000001,984436160.0,1234461.98
7.91,7.930000000000001,7.74,7.7700000000000005,816472128.0,1045972.35
7.74,7.890000000000001,7.73,7.87,428964416.0,550477.95
7.86,8.13,7.8500000000000005,8.03,906495936.0,1127590.58
8.05,8.08,7.92,7.92,453897632.0,568896.89
7.91,8.0,7.890000000000001,7.97,283173440.0,356124.94
7.95,7.98,7.91,7.91,238320272.0,300651.54
7.92,7.98,7.92,7.97,185071904.0,232456.77000000002
7.96,7.97,7.91,7.92,163685600.0,206355.82
7.94,7.97,7.91,7.97,184864880.0,232551.44
7.97,7.98,7.930000000000001,7.95,188294112.0,236653.22
7.95,8.01,7.94,7.97,192131008.0,240677.19
7.97,8.040000000000001,7.96,8.040000000000001,205871664.0,257290.78
8.01,8.06,8.0,8.05,243477296.0,302997.47000000003
8.05,8.06,8.0,8.01,187691072.0,233696.17
8.01,8.040000000000001,7.98,7.99,142651648.0,178467.87
7.99,8.0,7.94,7.96,145047088.0,182220.09
7.96,8.0,7.94,7.98,169924256.0,213222.43
7.97,7.98,7.87,7.9,227963136.0,288296.58
7.88,7.92,7.86,7.87,147034176.0,186363.95
7.9,7.9,7.87,7.88,97665056.0,123791.90000000001
7.87,7.9,7.86,7.87,127636560.0,161954.72
7.86,7.94,7.86,7.91,157433760.0,198897.98
7.930000000000001,7.94,7.8500000000000005,7.8500000000000005,240374848.0,305065.23
7.84,7.86,7.75,7.79,315441408.0,405658.78
7.76,7.8,7.65,7.67,364457376.0,471276.32
7.68,7.79,7.68,7.79,195287184.0,251642.32
7.79,7.82,7.7700000000000005,7.8100000000000005,224891808.0,288723.04
7.8500000000000005,7.8500000000000005,7.7700000000000005,7.79,309465408.0,397134.02
7.4,7.41,7.33,7.33,305408224.0,415415.85000000003
7.34,7.38,7.34,7.3500000000000005,144713984.0,196607.96
7.33,7.38,7.33,7.3500000000000005,125744848.0,170939.6
7.36,7.390000000000001,7.34,7.38,138030624.0,187305.69
7.36,7.37,7.33,7.34,125085328.0,170364.17
7.3500000000000005,7.37,7.32,7.33,158047424.0,215243.72
7.3500000000000005,7.3500000000000005,7.23,7.26,319838528.0,438733.16000000003
7.26,7.28,7.21,7.23,176997248.0,244380.11000000002
7.22,7.22,7.07,7.140000000000001,291570112.0,409860.83
7.13,7.17,7.07,7.07,199888000.0,281448.46
7.09,7.1000000000000005,7.0600000000000005,7.09,150760432.0,212944.63
7.09,7.18,7.08,7.15,160555056.0,225542.03
7.17,7.18,7.12,7.12,92667056.0,129812.19
7.13,7.15,7.1000000000000005,7.12,92757272.0,130238.2
7.12,7.13,7.08,7.09,82872448.0,116747.42
7.12,7.19,7.1000000000000005,7.18,156858352.0,219108.21
7.19,7.26,7.17,7.24,160666704.0,222533.54
7.24,7.29,7.2,7.21,148015696.0,204513.92
7.21,7.26,7.18,7.19,129120992.0,179101.42
7.21,7.3,7.18,7.28,152061984.0,209808.4
7.2700000000000005,7.2700000000000005,7.19,7.21,93820912.0,129918.19
7.18,7.28,7.18,7.2,126989200.0,175445.69
7.18,7.24,7.16,7.23,99353488.0,137766.16
7.21,7.22,7.17,7.17,108111344.0,150474.71
7.17,7.22,7.140000000000001,7.15,120996056.0,168557.65
7.16,7.22,7.15,7.2,113287120.0,157725.56
7.23,7.26,7.18,7.22,126876440.0,175762.35
7.16,7.21,7.12,7.15,197253680.0,276003.24
7.140000000000001,7.2,7.13,7.19,161534928.0,225419.28
7.17,7.28,7.15,7.2700000000000005,286509312.0,395661.3
7.23,7.29,7.2,7.23,169134992.0,232983.88
7.24,7.2700000000000005,7.2,7.21,144236256.0,199754.99
7.18,7.2700000000000005,7.140000000000001,7.26,192171040.0,266462.47000000003
7.25,7.3,7.24,7.26,159009216.0,218666.81
7.23,7.26,7.22,7.22,119766056.0,165684.7
7.24,7.2700000000000005,7.22,7.24,104930856.0,144783.47
7.2700000000000005,7.34,7.24,7.3100000000000005,236986672.0,324230.37
7.28,7.36,7.2700000000000005,7.3500000000000005,174338448.0,237951.4
7.29,7.34,7.2700000000000005,7.28,136014992.0,186490.11000000002
7.29,7.37,7.28,7.32,233945040.0,319403.43
7.3,7.32,7.140000000000001,7.140000000000001,245252576.0,339791.38
7.16,7.2,7.1000000000000005,7.16,160021584.0,223880.73
7.16,7.18,7.1000000000000005,7.11,158496624.0,222470.46
7.1000000000000005,7.16,7.08,7.13,142605616.0,200261.61000000002
7.11,7.140000000000001,7.08,7.12,138786688.0,195404.04
7.12,7.18,7.09,7.16,155805824.0,218062.62
7.12,7.17,7.05,7.0600000000000005,209607840.0,295034.76
7.04,7.09,7.0200000000000005,7.07,142035072.0,201281.63
7.05,7.12,7.0200000000000005,7.08,178257968.0,251975.9
7.11,7.13,6.95,6.99,260386960.0,370726.47000000003
7.0200000000000005,7.07,6.99,7.04,151907568.0,215726.91
7.04,7.09,7.01,7.03,141308416.0,200282.96
7.07,7.08,7.0,7.01,130804312.0,186136.47
7.01,7.05,6.96,7.05,142570656.0,203544.88
7.03,7.04,6.97,7.0,168676256.0,241072.56
7.03,7.07,7.01,7.03,192757728.0,273427.63
7.05,7.05,7.0,7.0200000000000005,144892080.0,206165.36000000002
7.04,7.0600000000000005,7.01,7.0200000000000005,154099280.0,219086.75
7.0200000000000005,7.04,6.97,6.97,125873056.0,179882.15
6.97,7.0,6.96,6.97,137810608.0,197650.93
6.99,7.0200000000000005,6.91,6.92,170868896.0,245678.88
6.93,6.94,6.8,6.8100000000000005,265091392.0,386101.05
6.88,6.88,6.8,6.84,181269040.0,265398.81
6.83,6.86,6.8,6.82,139135072.0,203773.11000000002
6.83,6.87,6.8100000000000005,6.82,145765776.0,212936.52000000002
6.84,6.87,6.75,6.8,192577664.0,282342.95
6.73,6.75,6.63,6.640000000000001,215102272.0,322373.73
6.68,6.74,6.65,6.74,181314544.0,270350.74
6.7,6.74,6.66,6.71,160891456.0,240341.16
6.71,6.71,6.640000000000001,6.66,141624736.0,212519.11000000002
6.65,6.8,6.640000000000001,6.79,220460176.0,326656.77
6.75,6.83,6.74,6.8100000000000005,110507704.0,162696.23
6.83,6.83,6.7700000000000005,6.79,103708976.0,152828.62
6.7700000000000005,6.82,6.7700000000000005,6.79,89138504.0,131274.94
6.75,6.8,6.74,6.78,85330920.0,126010.08
6.83,6.98,6.83,6.94,277525760.0,402370.53
6.98,7.09,6.96,7.03,308265888.0,437774.2
7.01,7.09,7.0,7.0600000000000005,177876448.0,252120.63
7.03,7.0600000000000005,7.01,7.03,122332872.0,173981.02
7.0200000000000005,7.0200000000000005,6.95,6.98,153691232.0,220268.25
6.99,7.0,6.91,6.91,157460688.0,226629.30000000002
6.9,6.91,6.83,6.88,153475264.0,223749.65
6.890000000000001,7.04,6.890000000000001,7.0200000000000005,233200480.0,334245.3
7.01,7.12,6.99,7.05,259475312.0,366943.89
7.0600000000000005,7.140000000000001,7.03,7.03,152263200.0,215345.31
7.04,7.18,7.04,7.17,307087072.0,430337.99
7.1000000000000005,7.1000000000000005,6.98,7.07,266592720.0,378731.89
7.1000000000000005,7.3,7.08,7.2700000000000005,492975264.0,681712.27
7.24,7.3,7.22,7.22,234334304.0,323469.81
7.28,7.34,7.21,7.22,217886960.0,300404.35000000003
7.25,7.25,7.17,7.23,185354144.0,257220.26
7.28,7.37,7.24,7.36,346640960.0,473673.57
7.32,7.390000000000001,7.3,7.36,224448672.0,305503.06
7.3500000000000005,7.4,7.3,7.34,229009600.0,311765.5
7.32,7.390000000000001,7.3100000000000005,7.38,187977680.0,255517.76
7.37,7.390000000000001,7.3,7.32,280350272.0,381923.46
7.3100000000000005,7.36,7.23,7.26,194644288.0,267085.5
7.2700000000000005,7.3500000000000005,7.25,7.32,133464504.0,182536.26
7.37,7.37,7.26,7.32,118352408.0,161806.35
7.28,7.32,7.23,7.24,126757096.0,174717.7
7.25,7.3500000000000005,7.23,7.3500000000000005,232171552.0,317046.29
7.37,7.37,7.21,7.24,148576224.0,204325.46
7.23,7.28,7.13,7.140000000000001,178369744.0,248002.59
7.22,7.24,7.13,7.19,124209184.0,172529.34
7.28,7.3100000000000005,7.2,7.24,135509040.0,186626.41
7.19,7.2700000000000005,7.17,7.19,93463048.0,129584.64
7.19,7.21,7.08,7.1000000000000005,143606816.0,201385.33000000002
7.13,7.29,7.12,7.22,173516848.0,240651.92
7.22,7.3,7.2,7.3,152167728.0,209013.64
7.2700000000000005,7.29,7.18,7.24,132652080.0,183670.88
7.23,7.3,7.22,7.28,147932736.0,203523.97
7.2700000000000005,7.28,7.17,7.23,187094064.0,258925.21
7.2700000000000005,7.3500000000000005,7.23,7.3100000000000005,226321376.0,309470.81
7.37,7.38,7.3,7.3500000000000005,221617360.0,301621.54
7.3500000000000005,7.38,7.3100000000000005,7.34,149170544.0,203128.81
7.38,7.38,7.3,7.34,143998208.0,196122.6
7.3500000000000005,7.3500000000000005,7.28,7.28,118223824.0,161946.47
7.3100000000000005,7.34,7.2700000000000005,7.3,140394000.0,192155.41
7.33,7.34,7.24,7.2700000000000005,122554360.0,168499.08000000002
7.29,7.3500000000000005,7.2700000000000005,7.34,159178128.0,217702.11000000002
7.3500000000000005,7.38,7.28,7.33,270170016.0,368169.41000000003
7.34,7.3500000000000005,7.2700000000000005,7.3,176749040.0,242226.13
7.3100000000000005,7.33,7.2700000000000005,7.3100000000000005,178868880.0,244945.51
7.3100000000000005,7.33,7.26,7.33,121983728.0,167133.52
7.34,7.36,7.32,7.36,154239824.0,209869.58000000002
7.43,7.43,7.37,7.4,235352032.0,318107.39
7.42,7.45,7.37,7.37,210715440.0,284382.2
7.4,7.4,7.33,7.36,137294544.0,186595.42
7.390000000000001,7.390000000000001,7.32,7.36,160961792.0,219001.91
7.33,7.3500000000000005,7.2700000000000005,7.2700000000000005,217904608.0,298855.27
7.25,7.25,7.21,7.25,164745216.0,227867.80000000002
7.2700000000000005,7.2700000000000005,7.22,7.24,112169272.0,154818.21
7.24,7.2700000000000005,7.22,7.23,94770360.0,130950.25
7.23,7.28,7.22,7.26,79099152.0,108959.65000000001
7.25,7.2700000000000005,7.22,7.24,86527408.0,119441.06
7.22,7.26,7.18,7.23,147742688.0,204497.79
7.24,7.26,7.23,7.24,86373392.0,119298.53
7.24,7.25,7.19,7.2,111509088.0,154676.93
7.21,7.26,7.18,7.19,135881168.0,187983.53
7.19,7.22,7.13,7.13,151882560.0,211489.14
7.16,7.2700000000000005,7.15,7.26,184902608.0,256135.04
7.26,7.3,7.23,7.29,118094160.0,162344.46
7.28,7.29,7.24,7.24,94204600.0,129713.92
7.25,7.28,7.23,7.23,82898816.0,114365.36
7.22,7.26,7.18,7.18,120124648.0,166811.14
7.16,7.2,7.16,7.16,113363320.0,158006.39
7.18,7.2,7.140000000000001,7.18,125100408.0,174481.0
7.17,7.2700000000000005,7.17,7.26,185861456.0,256613.25
7.23,7.29,7.23,7.2700000000000005,124094304.0,170700.02
7.29,7.36,7.26,7.3500000000000005,227583040.0,310941.68
7.3500000000000005,7.37,7.3100000000000005,7.33,182971728.0,249399.5
7.32,7.46,7.3,7.3100000000000005,417960800.0,566427.81
7.3,7.32,7.25,7.3100000000000005,138757488.0,190590.38
7.3100000000000005,7.34,7.25,7.2700000000000005,138470608.0,189933.44
7.24,7.26,7.15,7.15,200486048.0,278438.26
7.05,7.09,7.03,7.0600000000000005,362230496.0,513149.97000000003
7.0600000000000005,7.07,7.0,7.0200000000000005,228164816.0,324533.88
7.07,7.1000000000000005,7.0600000000000005,7.08,177677440.0,250729.76
7.08,7.17,7.05,7.12,203051776.0,285013.14
7.140000000000001,7.22,7.1000000000000005,7.11,260022752.0,363281.42
7.1000000000000005,7.22,7.1000000000000005,7.13,188546320.0,262921.54
7.16,7.2,7.13,7.13,135798128.0,189776.75
7.15,7.19,7.140000000000001,7.18,121799288.0,169883.75
7.15,7.22,7.140000000000001,7.21,154656976.0,215062.96
7.19,7.25,7.18,7.21,185477856.0,256878.26
7.23,7.23,7.15,7.15,137294384.0,191413.97
7.16,7.19,7.140000000000001,7.18,119293208.0,166412.9
7.23,7.23,7.16,7.16,91087592.0,126858.06
7.18,7.21,7.12,7.19,161359040.0,225047.56
7.19,7.24,7.17,7.19,144424000.0,200489.25
7.19,7.21,7.16,7.19,145394352.0,202465.96
7.19,7.22,7.16,7.21,184997552.0,257181.97
7.21,7.22,7.18,7.18,106072544.0,147402.91
7.19,7.24,7.16,7.23,125889352.0,174658.2
7.21,7.24,7.19,7.21,126535776.0,175483.07
7.23,7.23,7.18,7.18,145358000.0,201912.51
7.2,7.23,7.17,7.21,140373568.0,194756.94
7.22,7.29,7.2,7.25,186717632.0,257790.19
7.28,7.3100000000000005,7.25,7.2700000000000005,182629856.0,250746.04
7.26,7.4,7.26,7.390000000000001,264817280.0,360277.56
7.38,7.59,7.37,7.54,582499840.0,774123.35
7.49,7.58,7.43,7.53,393443040.0,522697.83
7.5,7.69,7.5,7.68,550359744.0,723406.61
7.67,7.73,7.57,7.59,383793216.0,502589.73
7.59,7.640000000000001,7.47,7.49,326606912.0,433484.71
7.53,7.62,7.5200000000000005,7.5600000000000005,323698560.0,428052.82
7.5600000000000005,7.5600000000000005,7.42,7.46,380460224.0,509193.67
7.48,7.51,7.42,7.48,367760160.0,492694.60000000003
7.47,7.65,7.47,7.6000000000000005,294352864.0,388412.89
7.48,7.75,7.3500000000000005,7.68,575141248.0,758666.05
7.68,7.9,7.66,7.76,529531584.0,679911.25
7.7700000000000005,8.17,7.76,8.07,1148389760.0,1431178.62
8.14,8.22,7.94,7.96,987860032.0,1220589.8800000001
7.930000000000001,7.95,7.65,7.7,677598912.0,873389.1900000001
7.72,7.8,7.65,7.67,332304480.0,431354.06
7.7,7.71,7.58,7.62,420040608.0,550037.25
7.62,7.71,7.51,7.69,373081728.0,491755.72000000003
7.7,7.78,7.640000000000001,7.67,318997696.0,413977.33
7.67,7.69,7.58,7.61,224614976.0,294425.73
7.640000000000001,7.75,7.61,7.68,297590080.0,387144.02
7.67,7.67,7.5200000000000005,7.54,265388160.0,350725.48
7.58,7.6000000000000005,7.5200000000000005,7.54,159997712.0,211742.97
7.54,7.59,7.45,7.45,219372240.0,292137.15
7.43,7.44,7.29,7.29,331690560.0,451459.0
7.26,7.33,7.24,7.3100000000000005,250361072.0,344089.74
7.3100000000000005,7.36,7.25,7.32,138237168.0,189128.5
7.32,7.46,7.3100000000000005,7.41,218780880.0,296240.85000000003
7.42,7.44,7.3,7.37,198416672.0,269428.19
7.37,7.37,7.29,7.3500000000000005,194680272.0,265693.53
7.33,7.3500000000000005,7.26,7.28,223217360.0,306062.5
7.29,7.36,7.29,7.3500000000000005,151681600.0,206971.56
7.3500000000000005,7.43,7.3100000000000005,7.41,157069296.0,212866.83000000002
7.41,7.53,7.36,7.38,251262496.0,337363.63
7.4,7.5,7.4,7.46,161137008.0,215934.03
7.49,7.59,7.43,7.57,207840752.0,276346.33
7.57,7.6000000000000005,7.53,7.5600000000000005,168547968.0,222880.77000000002
7.54,7.54,7.43,7.43,151516736.0,203001.33000000002
7.43,7.48,7.4,7.46,117086536.0,157243.25
7.48,7.51,7.4,7.4,134018712.0,179860.91
7.43,7.49,7.390000000000001,7.45,155705968.0,209369.96
7.45,7.47,7.390000000000001,7.43,199680704.0,269085.79
7.41,7.42,7.34,7.34,128045968.0,173686.52
7.36,7.37,7.29,7.29,149411200.0,204173.97
7.29,7.37,7.2700000000000005,7.2700000000000005,147098240.0,201221.47
7.2700000000000005,7.28,7.140000000000001,7.16,244185920.0,340079.42
7.15,7.23,7.140000000000001,7.19,132407800.0,184126.55000000002
7.2,7.22,7.15,7.21,113547072.0,158066.14
7.21,7.25,7.18,7.18,155944848.0,216274.05000000002
7.17,7.2700000000000005,7.17,7.24,140653936.0,194252.83000000002
7.25,7.33,7.25,7.32,152174192.0,208737.51
7.3,7.33,7.23,7.28,126841704.0,174473.58000000002
7.26,7.28,7.21,7.25,82596376.0,113965.54000000001
7.25,7.2700000000000005,7.19,7.21,107119880.0,148274.0
7.21,7.25,7.18,7.22,106398640.0,147488.37
7.22,7.25,7.2,7.22,82406256.0,114106.53
7.26,7.29,7.23,7.28,102272416.0,140741.91
7.28,7.32,7.25,7.25,105021888.0,144145.43
7.3,7.4,7.2700000000000005,7.4,198390784.0,269254.47000000003
7.42,7.45,7.38,7.44,145348736.0,195696.58000000002
7.44,7.45,7.3500000000000005,7.42,103339600.0,139920.76
7.42,7.42,7.37,7.390000000000001,88895176.0,120265.67
7.36,7.43,7.36,7.41,134677040.0,181895.77
7.43,7.48,7.4,7.42,198503264.0,266868.17
7.1000000000000005,7.15,7.07,7.12,196813984.0,276614.16000000003
7.08,7.16,7.07,7.13,184072416.0,258402.1
7.18,7.29,7.17,7.2700000000000005,227784688.0,314447.63
7.28,7.34,7.26,7.29,166416272.0,228180.33000000002
7.33,7.4,7.29,7.37,193006448.0,261987.53
7.33,7.5200000000000005,7.33,7.5,347454784.0,465288.27
7.55,7.640000000000001,7.5200000000000005,7.6000000000000005,400087136.0,528042.27
7.58,7.63,7.54,7.6000000000000005,234625792.0,309342.66000000003
7.5600000000000005,7.59,7.43,7.48,319717248.0,426545.33
7.5200000000000005,7.58,7.44,7.5600000000000005,220449824.0,293295.03
7.59,7.65,7.54,7.58,260297664.0,342568.17
7.57,7.57,7.49,7.5200000000000005,195449520.0,260128.74000000002
7.47,7.55,7.43,7.5200000000000005,202344896.0,270012.47000000003
7.5,7.55,7.47,7.55,133937328.0,177925.71
7.45,7.46,7.3500000000000005,7.42,391107904.0,528653.0
7.44,7.44,7.23,7.23,270665760.0,370511.27
7.18,7.2,7.05,7.1000000000000005,315007744.0,442455.35000000003
7.12,7.19,7.09,7.17,222582864.0,312186.57
7.15,7.19,7.12,7.140000000000001,163923264.0,229539.85
7.13,7.140000000000001,7.05,7.1000000000000005,263598976.0,372024.84
7.1000000000000005,7.17,7.07,7.07,200372016.0,281505.55
7.0600000000000005,7.11,6.96,6.96,298419520.0,425176.81
6.98,7.04,6.97,7.01,230491376.0,329399.85000000003
7.01,7.09,6.98,7.0200000000000005,212210304.0,301513.67
7.03,7.0600000000000005,6.98,6.99,172413200.0,246049.79
6.99,7.09,6.97,7.05,174021376.0,247038.30000000002
7.3,7.32,7.12,7.15,480922464.0,666480.91
7.2,7.2,7.03,7.07,357554848.0,504374.60000000003
7.1000000000000005,7.1000000000000005,7.01,7.03,202072784.0,287183.03
7.03,7.09,6.98,6.98,231268208.0,329331.52
6.99,7.04,6.99,7.01,152752416.0,217929.55000000002
7.0600000000000005,7.140000000000001,7.03,7.11,261369408.0,368143.07
7.1000000000000005,7.12,7.03,7.04,157581024.0,223267.7
7.0200000000000005,7.09,7.0200000000000005,7.09,118026824.0,167364.57
7.09,7.1000000000000005,7.0200000000000005,7.04,143062800.0,202718.73
7.03,7.05,7.0,7.0,129109496.0,184165.54
7.0200000000000005,7.09,7.0,7.04,175285120.0,248849.5
7.03,7.07,7.03,7.0600000000000005,147913328.0,209762.11000000002
7.09,7.1000000000000005,7.04,7.05,141654384.0,200498.17
7.08,7.12,7.0600000000000005,7.11,252575936.0,355798.55
7.12,7.16,7.07,7.12,242512752.0,340819.42
7.09,7.1000000000000005,7.03,7.07,157407872.0,222820.93
7.08,7.13,7.05,7.13,200455776.0,282345.75
7.12,7.15,7.08,7.13,116256768.0,163030.47
7.13,7.17,7.09,7.1000000000000005,194557952.0,273069.65
7.1000000000000005,7.18,7.07,7.18,229743632.0,321812.71
7.18,7.2,7.13,7.16,220116848.0,307174.43
7.17,7.19,7.12,7.15,156520400.0,218860.5
7.19,7.19,7.11,7.13,229044784.0,320672.9
7.15,7.17,7.1000000000000005,7.1000000000000005,159899376.0,224353.2
7.08,7.08,7.0,7.03,195214400.0,277631.3
7.13,7.140000000000001,7.01,7.01,169856240.0,240955.61000000002
7.0600000000000005,7.08,7.01,7.0200000000000005,169371360.0,240574.12
7.09,7.17,7.0600000000000005,7.140000000000001,259223136.0,363469.64
7.11,7.15,7.08,7.1000000000000005,139771984.0,196504.1
7.12,7.13,7.04,7.07,176097568.0,249077.33000000002
7.09,7.1000000000000005,7.05,7.09,134630096.0,190291.43
7.07,7.11,7.05,7.05,152063024.0,214857.21
7.04,7.05,6.83,6.84,425956896.0,616797.71
6.8100000000000005,6.93,6.8,6.87,213203776.0,310679.5
6.87,6.890000000000001,6.8,6.83,163199040.0,238243.21
6.8500000000000005,6.86,6.8100000000000005,6.82,192108544.0,281292.97000000003
6.86,6.93,6.83,6.93,184734448.0,268411.92
6.93,7.0200000000000005,6.890000000000001,6.96,172369040.0,247394.84
6.96,7.0200000000000005,6.94,6.99,136008288.0,194657.58000000002
6.86,6.890000000000001,6.7700000000000005,6.8,357184224.0,523888.66000000003
6.79,6.84,6.78,6.82,178254032.0,261732.17
6.83,6.88,6.8,6.86,193451600.0,282722.10000000003
6.9,6.95,6.86,6.94,170407888.0,246110.88
6.94,6.95,6.890000000000001,6.890000000000001,153480944.0,222025.36000000002
6.890000000000001,6.96,6.890000000000001,6.94,134702064.0,194328.35
6.92,6.94,6.890000000000001,6.91,110004328.0,159130.1
6.9,6.92,6.87,6.9,122454640.0,177612.33000000002
6.9,6.96,6.88,6.93,151983648.0,219103.5
6.91,6.96,6.86,6.88,141085872.0,204589.93
6.88,6.9,6.82,6.88,97098288.0,141680.68
6.87,6.91,6.87,6.88,94936064.0,137774.8
6.93,6.99,6.91,6.96,169286976.0,243400.30000000002
6.97,6.98,6.92,6.93,100069368.0,144128.81
6.94,6.94,6.8500000000000005,6.86,142782032.0,207753.96
6.88,6.92,6.83,6.91,126205000.0,183265.82
6.94,7.0,6.92,6.96,206909184.0,296842.78
6.97,6.99,6.94,6.94,122178496.0,175408.02
6.93,6.96,6.890000000000001,6.93,108872448.0,157420.59
6.93,6.98,6.92,6.95,140204496.0,201652.82
6.96,6.97,6.86,6.9,159319648.0,231076.98
6.92,6.92,6.86,6.87,125495680.0,182492.80000000002
6.88,6.88,6.8,6.82,193955104.0,284165.67
6.82,6.890000000000001,6.82,6.8500000000000005,217508576.0,317112.0
6.8500000000000005,6.9,6.82,6.8500000000000005,198723792.0,289461.91000000003
6.86,6.87,6.8100000000000005,6.8100000000000005,128887072.0,188587.01
6.82,6.82,6.69,6.71,233696144.0,346049.36
6.7,6.71,6.61,6.61,264013328.0,398331.77
6.61,6.640000000000001,6.53,6.61,201249904.0,305416.61
6.6000000000000005,6.68,6.58,6.67,196385664.0,295196.87
6.640000000000001,6.72,6.53,6.72,222209872.0,336164.09
6.68,6.73,6.640000000000001,6.71,113954200.0,170035.82
6.7,6.75,6.67,6.71,192579840.0,286833.94
6.7,6.72,6.63,6.640000000000001,132441280.0,198631.07
6.66,6.7,6.57,6.57,223425088.0,337029.85000000003
6.57,6.61,6.51,6.58,180979296.0,275237.62
6.58,6.59,6.53,6.5600000000000005,124564888.0,189885.12
6.58,6.62,6.53,6.53,127359288.0,193698.74
6.5200000000000005,6.59,6.49,6.57,184156560.0,281409.27
6.57,6.61,6.53,6.58,155129808.0,235892.82
6.5600000000000005,6.61,6.55,6.58,84908528.0,129043.49
6.57,6.6000000000000005,6.54,6.5600000000000005,78321376.0,119345.42
6.5600000000000005,6.61,6.51,6.6000000000000005,120867592.0,184227.04
6.6000000000000005,6.69,6.59,6.68,231691616.0,348027.33
6.66,6.7,6.61,6.62,224306304.0,338014.29
6.63,6.65,6.6000000000000005,6.6000000000000005,146066304.0,220667.0
6.59,6.65,6.59,6.640000000000001,120639704.0,182036.54
6.640000000000001,6.67,6.55,6.62,190580608.0,288859.78
6.6000000000000005,6.76,6.59,6.68,296976896.0,444213.87
6.68,6.71,6.5600000000000005,6.59,247977824.0,375203.37
6.6000000000000005,6.640000000000001,6.54,6.61,202647648.0,307418.97000000003
6.61,6.63,6.57,6.57,146695920.0,222409.46
6.5600000000000005,6.59,6.5200000000000005,6.53,235312064.0,359147.08
6.5200000000000005,6.5600000000000005,6.5,6.5,225743840.0,346240.53
6.5,6.54,6.47,6.51,186476704.0,286941.55
6.49,6.6000000000000005,6.49,6.59,348808288.0,531864.96
6.58,6.62,6.5200000000000005,6.53,316982880.0,482498.69
6.53,6.58,6.36,6.5600000000000005,477803904.0,739944.22
6.5200000000000005,6.62,6.47,6.59,378165088.0,576400.79
6.58,6.67,6.53,6.59,445086464.0,671734.8
6.58,6.65,6.5,6.62,218923248.0,332985.31
6.640000000000001,6.73,6.6000000000000005,6.71,358343168.0,537464.98
6.73,6.8,6.7,6.7700000000000005,339203840.0,502568.71
6.78,6.91,6.75,6.87,485347712.0,709979.33
6.86,6.97,6.8500000000000005,6.9,381908896.0,552699.21
6.9,6.95,6.82,6.83,280193760.0,407370.46
6.8100000000000005,6.88,6.74,6.83,311141440.0,456619.99
6.83,6.88,6.78,6.8,302115552.0,442524.21
6.82,6.92,6.72,6.84,407459712.0,594829.13
6.84,6.92,6.76,6.890000000000001,566786752.0,827136.9500000001
6.890000000000001,7.0,6.86,7.0,498307456.0,716832.18
7.0200000000000005,7.03,6.8500000000000005,6.94,580014464.0,837312.96
6.95,6.97,6.82,6.96,463209888.0,671647.4400000001
6.98,7.13,6.95,7.12,407648416.0,578697.88
7.13,7.15,7.0600000000000005,7.1000000000000005,230505760.0,324089.54
7.11,7.32,7.09,7.24,426038720.0,588095.54
7.24,7.2700000000000005,7.18,7.21,242967424.0,336652.09
7.21,7.33,7.2,7.28,276331232.0,379396.0
7.26,7.28,7.09,7.1000000000000005,304097856.0,424830.7
7.07,7.15,7.0600000000000005,7.140000000000001,176742736.0,248622.46
7.12,7.16,7.08,7.1000000000000005,255229184.0,358267.14
7.11,7.17,7.09,7.15,244498960.0,342882.17
7.13,7.16,7.1000000000000005,7.11,209474048.0,294318.01
7.12,7.12,7.05,7.07,197157056.0,278559.63
7.05,7.18,7.04,7.16,297676096.0,417562.32
7.17,7.22,7.12,7.12,185847808.0,259187.49000000002
7.12,7.2,7.11,7.140000000000001,176664368.0,246903.48
7.12,7.17,7.11,7.12,141724064.0,198617.94
7.13,7.17,7.0600000000000005,7.11,185957984.0,261954.98
7.11,7.15,7.08,7.1000000000000005,206425808.0,290304.76
7.12,7.12,7.03,7.04,183084896.0,259484.61000000002
7.04,7.09,7.03,7.04,131973016.0,187035.56
7.04,7.09,7.03,7.09,208970016.0,295995.44
7.0600000000000005,7.13,7.0600000000000005,7.09,188382256.0,265584.72000000003
7.08,7.08,7.01,7.01,160809200.0,228487.15
7.01,7.0600000000000005,6.98,7.03,137292224.0,195429.93
7.0600000000000005,7.13,7.03,7.1000000000000005,297257984.0,419248.7
7.08,7.12,6.96,7.04,252638800.0,359604.53
7.0600000000000005,7.09,7.01,7.0600000000000005,172644832.0,244395.36000000002
7.09,7.15,7.07,7.15,250044912.0,351115.22000000003
7.140000000000001,7.23,7.11,7.17,301380704.0,419430.66000000003
7.19,7.2,7.11,7.17,246970624.0,345359.66000000003
7.13,7.19,7.11,7.13,129562448.0,181388.85
7.15,7.24,7.140000000000001,7.23,259657248.0,360288.32
7.24,7.3100000000000005,7.22,7.2700000000000005,255236208.0,350951.7
7.23,7.28,7.19,7.23,182860240.0,252541.07
7.23,7.32,7.19,7.28,238582736.0,327644.93
7.29,7.32,7.25,7.26,147972240.0,203355.43
7.26,7.33,7.23,7.2700000000000005,163551936.0,224367.26
7.23,7.28,7.19,7.24,183441392.0,253642.41
7.2,7.26,7.12,7.13,235493712.0,328097.31
7.12,7.3,7.12,7.3,350007616.0,483103.04000000004
7.25,7.32,7.21,7.26,292494112.0,402033.25
7.26,7.3500000000000005,7.18,7.34,314102080.0,431518.57
7.34,7.46,7.3100000000000005,7.33,345482144.0,468224.76
7.32,7.4,7.26,7.34,278975872.0,380041.60000000003
7.36,7.43,7.28,7.29,240124240.0,326946.9
7.32,7.4,7.25,7.34,323208608.0,440556.44
7.38,7.4,7.3,7.36,181997248.0,247588.59
7.33,7.42,7.3100000000000005,7.41,182019248.0,246769.34
7.41,7.48,7.3500000000000005,7.42,339924192.0,458465.71
7.390000000000001,7.5200000000000005,7.3,7.42,292685760.0,393177.57
7.58,7.84,7.5600000000000005,7.7,813284480.0,1054727.8800000001
7.82,7.890000000000001,7.75,7.8500000000000005,673787200.0,859373.25
7.8500000000000005,7.86,7.72,7.82,360376192.0,462695.05
7.8100000000000005,7.8500000000000005,7.78,7.8,237540800.0,303778.93
7.8,7.8500000000000005,7.76,7.8,264867392.0,339420.9
7.8100000000000005,7.95,7.8,7.94,412342272.0,522116.12
7.930000000000001,7.98,7.87,7.96,320678368.0,404221.2
7.97,7.98,7.86,7.88,314999424.0,398436.41000000003
7.9,7.930000000000001,7.84,7.890000000000001,244683424.0,310391.03
7.92,8.05,7.88,8.02,485813408.0,606587.0700000001
8.040000000000001,8.16,8.0,8.16,561342784.0,694380.51
8.2,8.35,8.15,8.32,731104384.0,881449.91
8.31,8.42,8.26,8.42,445171648.0,531462.95
8.41,8.620000000000001,8.38,8.53,605588096.0,711732.13
8.52,8.6,8.48,8.52,522802560.0,612122.93
8.51,8.59,8.41,8.44,516406880.0,607406.01
8.45,8.56,8.43,8.540000000000001,449932576.0,528586.89
8.58,8.64,8.51,8.540000000000001,342904480.0,400473.22000000003
8.53,8.59,8.45,8.49,347290240.0,408023.85000000003
8.47,8.55,8.36,8.4,479146208.0,567015.9500000001
8.45,8.45,8.31,8.34,449688992.0,537973.04
8.3,8.33,8.19,8.28,496075072.0,602136.9400000001
8.28,8.34,8.23,8.32,330354912.0,398004.53
8.33,8.34,8.26,8.290000000000001,259659808.0,312957.87
8.31,8.35,8.24,8.25,283171552.0,341495.89
8.32,8.38,8.2,8.31,344132160.0,414516.77
8.34,8.36,8.11,8.15,337102400.0,411323.94
8.15,8.17,8.040000000000001,8.11,312851360.0,386177.41000000003
8.1,8.2,8.09,8.13,329399968.0,404337.04000000004
8.1,8.18,7.99,8.14,359834400.0,444630.16000000003
8.15,8.16,8.03,8.1,293415744.0,362784.23
8.1,8.15,8.02,8.09,265920576.0,328761.91000000003
8.1,8.26,8.09,8.22,332732416.0,406051.09
8.18,8.26,8.15,8.2,210632864.0,256623.17
8.2,8.23,8.120000000000001,8.17,327124960.0,400113.66000000003
8.19,8.2,8.03,8.15,301011776.0,370466.66000000003
8.18,8.25,8.09,8.2,326580576.0,398180.93
8.2,8.23,8.13,8.21,274593632.0,335637.36
8.21,8.3,8.13,8.22,366021824.0,445615.28
8.22,8.290000000000001,8.17,8.23,311360160.0,377996.8
8.22,8.3,8.2,8.28,237294496.0,287329.62
8.27,8.540000000000001,8.27,8.53,485897408.0,573458.1
8.53,8.6,8.48,8.53,396512672.0,464096.68
8.59,8.63,8.48,8.5,379773344.0,444120.66000000003
8.540000000000001,8.55,8.290000000000001,8.34,436429568.0,519970.18
8.34,8.49,8.26,8.43,381472448.0,453207.96
8.47,8.66,8.41,8.64,466546720.0,545341.87
8.64,8.72,8.6,8.69,352263040.0,406045.60000000003
8.71,8.73,8.56,8.6,301339424.0,349461.81
8.63,8.85,8.61,8.84,503070720.0,572676.92
8.83,8.91,8.8,8.88,409364224.0,461914.87
8.870000000000001,8.950000000000001,8.82,8.86,397093120.0,446803.22000000003
8.9,9.07,8.86,9.040000000000001,794489984.0,881192.89
8.75,8.78,8.61,8.77,575924992.0,662095.04
8.790000000000001,8.790000000000001,8.620000000000001,8.73,539610880.0,619413.34
8.71,8.73,8.52,8.58,543154112.0,632289.17
8.620000000000001,8.69,8.59,8.59,356167712.0,411815.12
8.61,8.68,8.540000000000001,8.55,322441696.0,375517.29
8.58,8.58,8.32,8.52,508007072.0,601560.87
8.48,8.52,8.24,8.33,411165376.0,493589.78
8.33,8.57,8.3,8.53,395067008.0,464638.48
8.540000000000001,8.540000000000001,8.36,8.39,341513536.0,405842.73
8.45,8.46,8.35,8.4,365181472.0,434296.41000000003
8.4,8.61,8.34,8.57,464982624.0,545601.5
8.56,8.6,8.4,8.47,266363136.0,313615.31
8.47,8.52,8.35,8.38,346404320.0,411788.38
8.43,8.45,8.19,8.24,344150560.0,416040.73
8.23,8.370000000000001,8.22,8.31,220186464.0,265422.23
8.36,8.45,8.290000000000001,8.38,231992000.0,276690.55
8.41,8.6,8.41,8.53,334119264.0,391201.01
8.51,8.63,8.49,8.58,250903232.0,292499.59
8.56,8.67,8.540000000000001,8.59,234443968.0,272115.5
8.63,8.65,8.540000000000001,8.57,181445552.0,211456.86000000002
8.51,8.75,8.51,8.74,392033440.0,450662.16000000003
8.74,8.86,8.700000000000001,8.85,331065664.0,375669.33
8.86,9.03,8.84,9.02,528390432.0,589379.89
9.01,9.07,8.88,8.91,449704832.0,501888.19
8.91,9.040000000000001,8.82,8.96,390145312.0,436280.79000000004
8.96,9.07,8.93,9.01,327034944.0,362642.60000000003
9.01,9.040000000000001,8.9,9.0,284739200.0,316987.49
9.0,9.0,8.83,8.88,457039680.0,514446.28
8.870000000000001,8.94,8.82,8.88,272898048.0,306833.75
8.92,8.93,8.76,8.82,287017728.0,325285.23
8.82,8.83,8.53,8.55,438959424.0,509496.48000000004
8.540000000000001,8.620000000000001,8.38,8.43,579069824.0,683544.43
8.370000000000001,8.5,8.35,8.39,355164736.0,421785.96
8.38,8.43,8.2,8.25,340798496.0,412571.57
8.290000000000001,8.370000000000001,8.23,8.32,284531808.0,341871.9
8.38,8.41,8.23,8.32,300240960.0,361767.13
8.33,8.51,8.32,8.43,273118528.0,322937.01
8.44,8.47,8.32,8.38,287989248.0,342903.73
8.38,8.53,8.290000000000001,8.5,333986144.0,396941.36
8.48,8.49,8.21,8.25,244556160.0,293959.61
8.21,8.49,8.19,8.47,362723424.0,431281.08
8.5,8.51,8.32,8.35,238422064.0,284111.41000000003
8.35,8.45,8.26,8.32,167778128.0,201394.28
8.370000000000001,8.53,8.3,8.52,330778720.0,391638.24
8.49,8.57,8.43,8.51,364859456.0,428723.3
8.53,8.65,8.46,8.63,257517872.0,300238.95
8.75,9.09,8.66,9.09,795774272.0,892080.35
9.27,9.55,9.25,9.49,1125665664.0,1190635.22
9.5,9.84,9.43,9.84,867160000.0,898390.05
9.99,10.08,9.6,9.870000000000001,560481152.0,570394.67
10.06,10.290000000000001,9.82,10.13,1892937344.0,1883756.05
10.88,11.02,10.200000000000001,10.5,2037069952.0,1921331.02
10.5,10.5,9.91,9.91,1183819392.0,1160727.1500000001
10.06,10.49,10.05,10.31,1044726848.0,1016399.27
10.370000000000001,10.52,10.02,10.16,606557632.0,589376.52
10.31,10.540000000000001,10.25,10.4,918408256.0,883077.9500000001
10.450000000000001,10.53,10.25,10.25,654527552.0,629397.33
10.15,10.46,10.15,10.34,545095936.0,526149.74
10.34,10.48,10.22,10.22,471133856.0,455766.72000000003
10.18,10.33,10.02,10.15,633125504.0,622062.8200000001
10.18,10.22,9.950000000000001,10.16,651623296.0,645230.34
10.16,10.27,10.01,10.13,432235680.0,428033.87
10.120000000000001,10.25,10.1,10.18,341483776.0,335661.74
10.120000000000001,10.25,10.120000000000001,10.14,244345568.0,240173.41
10.14,10.200000000000001,10.07,10.08,287640640.0,284199.08
10.1,10.1,9.950000000000001,10.06,317673600.0,317027.45
10.01,10.15,9.97,9.99,341853856.0,340698.64
9.99,10.120000000000001,9.91,9.94,419434784.0,420374.16000000003
10.01,10.05,9.71,9.84,589919616.0,600213.67
9.86,10.0,9.77,9.94,435757888.0,439392.58
9.97,10.0,9.84,9.99,335231232.0,337732.47000000003
9.97,10.06,9.91,10.06,414411264.0,414748.15
10.040000000000001,10.14,9.9,9.950000000000001,740524736.0,742087.23
9.94,10.28,9.92,10.28,650432768.0,643971.91
10.33,10.36,10.03,10.06,545876288.0,537647.28
9.9,10.120000000000001,9.66,9.72,779227776.0,800002.9400000001
9.73,9.82,9.66,9.66,483318080.0,496827.03
9.63,9.74,9.6,9.63,423812448.0,438722.01
9.61,9.71,9.57,9.65,438914976.0,454518.96
9.61,9.700000000000001,9.5,9.540000000000001,469147904.0,488212.31
9.65,10.1,9.64,9.83,999828608.0,1006965.52
9.85,10.05,9.67,9.790000000000001,728900928.0,739982.08
9.77,9.85,9.69,9.71,442364512.0,454657.99
9.71,9.77,9.68,9.72,287464192.0,296127.55
9.72,9.75,9.47,9.48,425677472.0,443590.24
9.61,9.61,9.31,9.33,573140416.0,609219.9500000001
9.32,9.33,9.22,9.31,454616320.0,489833.89
9.31,9.47,9.18,9.43,401498752.0,430074.43
9.49,9.540000000000001,9.33,9.44,370385568.0,391547.33
9.52,9.61,9.43,9.46,443290400.0,465407.42
9.450000000000001,9.5,9.370000000000001,9.49,440070880.0,466042.60000000003
9.46,9.65,9.41,9.65,400570464.0,419263.55
9.65,9.78,9.55,9.75,496411008.0,511933.85000000003
9.68,9.78,9.63,9.64,282719712.0,291735.71
9.620000000000001,9.790000000000001,9.620000000000001,9.700000000000001,394516288.0,406296.85000000003
9.65,9.75,9.63,9.66,315468544.0,325829.28
9.82,9.92,9.71,9.8,572248640.0,583386.43
9.8,9.84,9.620000000000001,9.63,472263008.0,487627.96
9.65,9.82,9.59,9.82,482603360.0,496515.26
9.76,9.8,9.6,9.66,652085632.0,672668.75
9.620000000000001,9.75,9.620000000000001,9.64,331030752.0,341836.18
9.65,9.700000000000001,9.5,9.53,394758752.0,411856.94
9.56,9.68,9.51,9.540000000000001,381602848.0,397987.41000000003
9.51,9.56,9.42,9.53,408829152.0,429877.72000000003
9.57,9.72,9.55,9.58,473948608.0,492980.94
9.63,10.08,9.6,9.93,1156091264.0,1164446.93
9.89,10.17,9.89,10.13,851921280.0,844381.52
10.13,10.39,10.13,10.35,749135040.0,727396.0
10.35,10.39,10.16,10.34,628394304.0,611522.36
10.33,10.39,10.120000000000001,10.36,714702144.0,695063.74
10.34,10.49,10.31,10.47,818657792.0,784778.05
10.43,10.56,10.28,10.290000000000001,602393536.0,577834.43
10.3,10.42,10.05,10.13,803904064.0,789071.29
10.120000000000001,10.22,10.02,10.06,511576480.0,506939.44
10.13,10.200000000000001,9.81,10.15,804593536.0,798012.76
10.11,10.3,10.11,10.27,411488480.0,402651.46
10.26,10.370000000000001,10.200000000000001,10.3,496301056.0,482374.5
10.33,10.33,10.13,10.19,401208224.0,392218.54000000004
10.23,10.28,10.03,10.13,324388864.0,319335.34
10.06,10.13,9.85,10.0,381632224.0,382177.49
10.03,10.21,9.94,10.16,390328864.0,386587.14
10.16,10.39,10.13,10.21,394080512.0,384608.14
10.290000000000001,10.31,10.13,10.21,344708160.0,337688.88
10.25,10.3,10.08,10.27,426549440.0,416632.18
10.32,10.450000000000001,10.23,10.370000000000001,388948256.0,374426.22000000003
10.36,10.48,10.27,10.370000000000001,320946720.0,308521.34
10.33,10.38,10.01,10.03,589944640.0,583742.06
10.11,10.370000000000001,10.06,10.31,670951808.0,655806.92
10.26,10.49,10.17,10.39,752560128.0,724638.34
10.42,10.700000000000001,10.4,10.65,632694592.0,594882.08
10.66,10.69,10.4,10.41,542382272.0,517234.55
10.38,10.5,10.3,10.43,400818912.0,385984.31
10.43,10.450000000000001,10.3,10.34,472723872.0,456001.19
10.32,10.44,10.23,10.27,426297952.0,412346.71
10.290000000000001,10.38,10.23,10.3,356843456.0,346517.27
10.32,10.42,10.24,10.41,342797088.0,331003.08
10.39,10.44,10.3,10.31,501218496.0,484543.42
10.35,10.43,10.25,10.41,581842496.0,563005.81
10.44,10.46,10.200000000000001,10.27,538356352.0,523111.32
10.26,10.540000000000001,10.21,10.5,654395136.0,627839.88
10.450000000000001,10.59,10.42,10.44,444710368.0,423643.39
10.42,10.49,10.34,10.39,283297504.0,272235.99
10.39,10.43,10.23,10.290000000000001,519161888.0,503915.37
10.27,10.31,10.19,10.21,447600704.0,437414.15
10.200000000000001,10.25,10.07,10.1,377213152.0,371598.66000000003
10.15,10.32,10.120000000000001,10.18,567601088.0,555367.05
10.22,10.26,10.11,10.24,387232896.0,379991.69
10.23,10.3,10.17,10.17,457102784.0,446511.0
10.19,10.22,10.08,10.15,436849856.0,430108.99
10.1,10.19,10.1,10.1,301634432.0,297697.82
10.14,10.26,10.05,10.25,424730048.0,416863.57
10.25,10.26,10.08,10.13,441681600.0,434994.24
10.15,10.19,10.06,10.14,374991808.0,370058.82
10.1,10.14,10.01,10.1,438534240.0,435944.96
10.040000000000001,10.120000000000001,10.03,10.120000000000001,354675232.0,352081.98
10.120000000000001,10.18,10.01,10.120000000000001,433414432.0,428689.2
10.16,10.25,10.120000000000001,10.22,476613664.0,467143.51
10.28,10.49,10.24,10.42,815108928.0,784221.38
10.55,10.66,10.39,10.6,626647168.0,592514.16
10.63,10.72,10.52,10.64,436226240.0,409705.82
10.59,10.68,10.56,10.65,367827200.0,346048.3
10.64,10.69,10.6,10.66,314685888.0,295485.07
10.63,10.72,10.41,10.47,594649856.0,563441.63
10.42,10.63,10.42,10.61,489527168.0,464496.59
10.65,10.69,10.5,10.61,401332736.0,378754.16000000003
10.6,10.61,10.450000000000001,10.47,385049568.0,366609.81
10.5,10.66,10.47,10.55,449288512.0,425086.71
10.53,10.57,10.41,10.44,382165248.0,365729.44
10.47,10.63,10.35,10.43,518371936.0,493606.87
10.43,10.46,10.22,10.35,659250560.0,639203.48
10.290000000000001,10.56,10.290000000000001,10.46,477144608.0,456256.73
10.290000000000001,10.5,10.290000000000001,10.48,384886880.0,369193.13
10.27,10.28,9.46,9.65,1395103360.0,1423996.46
9.77,10.290000000000001,9.75,10.200000000000001,1501459328.0,1494229.1500000001
10.19,10.19,9.86,10.01,997750464.0,997145.63
10.18,10.18,9.91,10.0,781663680.0,781080.87
10.06,10.120000000000001,9.92,10.07,564930752.0,562461.96
10.040000000000001,10.22,10.0,10.18,629562560.0,621541.63
10.18,10.48,10.17,10.47,712990080.0,685563.08
10.450000000000001,10.6,10.35,10.6,777378624.0,740945.2000000001
10.6,10.75,10.43,10.75,748750208.0,704202.91
10.700000000000001,10.870000000000001,10.66,10.81,518493344.0,480241.69
10.78,10.88,10.56,10.57,533248960.0,500534.75
10.56,10.74,10.55,10.71,491852192.0,460472.23
10.71,10.75,10.58,10.67,362271168.0,339927.33
10.69,10.85,10.67,10.74,428435904.0,397541.64
10.75,10.8,10.57,10.59,483223744.0,454471.79000000004
10.6,10.74,10.59,10.74,517574624.0,483821.97000000003
10.66,10.870000000000001,10.65,10.83,562869888.0,521126.83
10.82,11.03,10.6,10.96,1011035968.0,928380.22
11.0,11.19,10.8,11.17,1076041088.0,972646.2000000001
11.36,11.38,11.08,11.370000000000001,811933120.0,719160.86
11.35,11.69,11.33,11.63,899909952.0,775985.43
11.65,11.88,11.620000000000001,11.8,967087808.0,821480.77
11.83,11.98,11.65,11.71,1258603136.0,1064365.92
11.73,12.15,11.67,12.08,1017847168.0,850380.09
11.99,12.19,11.96,12.15,873575360.0,721833.53
12.17,12.35,12.09,12.290000000000001,796202048.0,649898.61
12.31,12.38,12.05,12.1,742473920.0,610496.71
12.200000000000001,12.25,11.97,12.0,762689344.0,631373.97
12.02,12.34,12.01,12.27,976894464.0,800134.53
12.27,12.42,12.200000000000001,12.27,513339136.0,416720.64
12.22,12.530000000000001,12.19,12.43,792331648.0,638950.89
12.39,12.48,12.22,12.23,712934912.0,579615.97
12.19,12.25,11.99,12.05,1043951424.0,863758.1
12.11,12.25,12.05,12.19,622457344.0,511701.23000000004
12.200000000000001,12.33,12.13,12.22,559946048.0,457631.83
12.21,12.27,12.17,12.17,483788800.0,396041.39
12.200000000000001,12.41,12.17,12.33,912668288.0,741739.1900000001
12.31,12.57,12.23,12.540000000000001,1038149376.0,834353.0800000001
12.48,12.530000000000001,12.33,12.38,677861312.0,546851.33
12.42,12.450000000000001,12.280000000000001,12.32,456671680.0,370145.23
12.33,12.39,12.21,12.32,531488384.0,432402.03
12.31,12.34,12.1,12.31,691788928.0,565781.4400000001
12.280000000000001,12.450000000000001,12.26,12.36,616254400.0,498797.32
12.36,12.42,12.24,12.35,544126464.0,441140.64
12.35,12.5,12.23,12.46,592474560.0,476766.53
12.5,12.55,12.280000000000001,12.34,764861376.0,618449.35
12.34,12.6,12.21,12.58,635504896.0,510853.89
12.58,12.65,12.450000000000001,12.540000000000001,468354080.0,373698.06
12.56,12.83,12.51,12.780000000000001,890776704.0,698539.54
12.780000000000001,12.84,12.64,12.74,557599616.0,437680.5
12.780000000000001,13.02,12.73,13.02,903428608.0,697934.26
12.98,13.36,12.88,13.31,1067412032.0,810591.93
13.31,13.540000000000001,13.16,13.31,1123477760.0,842875.65
13.31,13.52,13.200000000000001,13.46,752682240.0,563299.11
13.4,13.65,13.3,13.620000000000001,895310720.0,663328.8200000001
13.63,13.99,13.44,13.55,1990098944.0,1451126.86
13.4,13.98,13.25,13.88,1297775488.0,950515.0
13.88,14.33,13.870000000000001,14.18,1242184704.0,877070.54
14.200000000000001,14.4,14.1,14.200000000000001,977656384.0,684841.99
14.21,14.280000000000001,14.09,14.18,722233408.0,509655.51
14.15,14.75,14.14,14.58,1359237760.0,935678.7000000001
14.66,14.8,14.51,14.6,951840320.0,649704.74
14.58,14.620000000000001,14.15,14.23,1624827392.0,1139145.56
14.200000000000001,14.3,14.120000000000001,14.17,1162380672.0,817629.55
14.17,14.34,14.13,14.200000000000001,1652800768.0,1159683.28
14.17,14.24,13.8,13.8,2258575104.0,1616836.77
13.75,14.15,13.75,14.11,1614456064.0,1149772.76
14.15,14.200000000000001,13.83,13.93,1073790976.0,766732.4500000001
13.540000000000001,13.6,13.26,13.48,1092141824.0,814269.35
13.48,13.58,13.4,13.44,633619328.0,470807.5
13.47,13.65,13.39,13.46,758987584.0,561747.33
13.46,13.540000000000001,13.36,13.48,751457600.0,558816.59
13.46,13.51,13.200000000000001,13.23,1212020096.0,911905.02
13.200000000000001,13.49,13.200000000000001,13.33,904049600.0,676733.56
13.370000000000001,13.370000000000001,13.05,13.06,1280091392.0,973433.11
13.030000000000001,13.23,13.030000000000001,13.07,860317440.0,656217.88
13.120000000000001,13.200000000000001,13.030000000000001,13.08,1002195904.0,762974.74
13.07,13.120000000000001,12.780000000000001,12.790000000000001,1017206016.0,789199.64
12.84,12.93,12.73,12.88,928059520.0,721581.48
12.870000000000001,12.9,12.71,12.81,875810496.0,685387.01
12.82,12.98,12.58,12.92,1018578944.0,793861.02
12.9,13.450000000000001,12.9,13.13,1321632128.0,997827.28
13.15,13.780000000000001,13.14,13.75,1812400000.0,1336465.94
13.75,13.85,13.63,13.790000000000001,1170588544.0,848917.98
14.08,14.08,13.66,13.93,1337645696.0,965581.41
13.96,14.290000000000001,13.91,14.17,1367882496.0,967428.84
14.1,14.200000000000001,13.85,13.98,1249751424.0,895104.37
13.97,14.120000000000001,13.870000000000001,13.89,1072660864.0,766282.34
13.98,14.030000000000001,13.8,13.83,1097891584.0,790396.1900000001
13.83,13.98,13.790000000000001,13.870000000000001,990881024.0,712799.49
13.85,13.950000000000001,13.55,13.59,1271714048.0,930678.09
13.530000000000001,13.72,13.47,13.64,1134949248.0,835799.11
13.64,13.76,13.58,13.69,678047552.0,494972.53
13.69,13.870000000000001,13.6,13.72,829302720.0,603222.43
13.700000000000001,13.86,13.59,13.780000000000001,791948352.0,574685.16
13.81,13.950000000000001,13.77,13.94,888813248.0,640980.54
13.9,14.05,13.76,14.030000000000001,877162432.0,631372.08
14.0,14.15,13.82,14.030000000000001,831883200.0,593658.4500000001
13.950000000000001,14.0,13.700000000000001,13.75,1065617600.0,769754.0700000001
13.65,13.94,13.44,13.86,1314340480.0,956181.4400000001
13.81,13.99,13.63,13.63,1769228032.0,1282763.84
13.68,13.9,13.450000000000001,13.49,1584600448.0,1161316.4000000001
13.43,13.75,13.39,13.73,1078332672.0,795271.27
13.73,13.870000000000001,13.61,13.780000000000001,1039563264.0,754188.75
13.700000000000001,13.85,13.5,13.77,1382067072.0,1012140.1900000001
13.74,13.780000000000001,13.47,13.69,1081534592.0,790386.36
13.69,13.98,13.530000000000001,13.58,1702186496.0,1235534.72
13.69,14.02,13.620000000000001,14.02,1622965760.0,1170672.4000000001
14.06,14.07,13.83,13.97,1169472128.0,836177.88
13.93,14.17,13.88,14.120000000000001,1168876288.0,832592.71
14.14,14.25,13.450000000000001,13.6,1890112512.0,1377973.97
13.51,13.69,13.370000000000001,13.43,1136419840.0,840608.35
13.41,13.44,13.13,13.16,1171744768.0,885057.8
13.15,13.25,12.950000000000001,12.96,869297920.0,666218.05
12.96,13.01,12.68,12.75,1365758720.0,1065072.76
12.69,12.9,12.56,12.81,1015780800.0,796382.9500000001
12.780000000000001,12.8,12.5,12.540000000000001,620006464.0,491805.87
12.51,12.65,12.36,12.450000000000001,962632064.0,771591.09
12.450000000000001,12.540000000000001,12.06,12.22,1255684224.0,1027558.61
12.23,12.55,12.13,12.43,1599981440.0,1288851.02
12.370000000000001,12.48,11.9,12.25,1024777728.0,841710.99
12.25,12.26,11.950000000000001,12.06,1041131904.0,861117.35
12.07,12.11,11.81,11.9,1077479680.0,903836.09
11.75,11.870000000000001,11.63,11.8,957141440.0,812790.59
11.790000000000001,12.030000000000001,11.68,11.84,1113065216.0,937574.29
11.97,12.6,11.78,12.51,2580353792.0,2095882.23
12.450000000000001,12.870000000000001,12.31,12.77,1860041600.0,1463993.73
12.75,13.24,12.63,13.17,1591811200.0,1226252.6500000001
13.16,13.530000000000001,13.11,13.32,1328610560.0,998385.9
13.290000000000001,13.44,13.11,13.32,1084436736.0,816932.18
13.27,13.27,12.93,12.99,1053892608.0,806787.74
12.99,13.3,12.92,12.99,2026895616.0,1544032.06
12.97,13.15,12.81,13.030000000000001,1553039616.0,1196217.45
13.030000000000001,13.1,12.84,12.97,1045171776.0,806522.6
12.99,13.1,12.83,12.98,2383331328.0,1833428.6300000001
12.92,13.06,12.83,12.97,1964302336.0,1516659.6300000001
13.01,13.07,12.23,12.39,1992336128.0,1598663.1500000001
12.31,12.36,11.75,11.81,1970345856.0,1656197.8
11.790000000000001,11.83,11.620000000000001,11.64,1430066816.0,1223757.84
11.72,11.74,11.49,11.49,1657883776.0,1435342.03
11.49,11.64,11.370000000000001,11.41,1414090240.0,1233841.69
11.4,11.63,11.36,11.620000000000001,1553428224.0,1349643.4000000001
11.64,11.96,11.58,11.86,1915573376.0,1621865.6
11.8,11.8,11.59,11.66,1491236096.0,1278673.43
11.64,11.75,11.59,11.700000000000001,1088148736.0,931251.52
11.65,11.8,11.61,11.69,1060061824.0,906157.9
11.67,11.73,11.6,11.67,920057984.0,789106.62
11.69,11.92,11.66,11.68,1773400064.0,1509376.3
11.66,11.72,11.51,11.66,1414343296.0,1217695.23
11.61,11.77,11.61,11.620000000000001,1326048640.0,1135432.45
11.6,11.65,11.35,11.370000000000001,1127109376.0,984855.26
11.35,11.450000000000001,11.25,11.450000000000001,642965696.0,565031.39
11.43,11.620000000000001,11.4,11.56,1078378240.0,932643.86
11.540000000000001,11.81,11.49,11.700000000000001,1361974272.0,1161250.07
11.700000000000001,11.74,11.5,11.52,1161931520.0,1002487.09
11.540000000000001,11.65,11.49,11.53,1097744256.0,948153.63
11.53,11.64,11.450000000000001,11.61,643212928.0,557094.5700000001
11.63,11.67,11.450000000000001,11.48,702261824.0,608769.72
11.42,11.78,11.31,11.620000000000001,1086584192.0,936986.11
11.6,11.700000000000001,11.46,11.48,921539840.0,796827.06
11.41,11.55,11.370000000000001,11.540000000000001,779356736.0,680002.14
11.51,11.58,11.43,11.450000000000001,577904064.0,503314.01
11.42,11.5,11.3,11.3,751358272.0,659166.85
11.33,11.33,11.15,11.25,506206464.0,450668.5
11.23,11.32,11.14,11.26,637399488.0,567707.1
11.26,11.43,11.23,11.39,1017232448.0,894183.86
11.41,11.43,11.31,11.32,664542016.0,585859.3
11.32,11.33,11.14,11.28,794675008.0,708314.11
11.3,11.450000000000001,11.22,11.44,1222579712.0,1075867.43
11.41,11.61,11.35,11.61,1672795392.0,1453726.58
11.59,11.75,11.5,11.66,1302167040.0,1115081.5
11.67,11.72,11.42,11.55,1000970368.0,867334.17
11.540000000000001,11.67,11.450000000000001,11.540000000000001,704546752.0,608947.91
11.59,11.790000000000001,11.48,11.78,809469504.0,692010.06
11.72,11.8,11.65,11.69,794336384.0,678151.1900000001
11.65,11.69,11.540000000000001,11.64,580340544.0,499072.69
11.67,11.88,11.620000000000001,11.83,724111808.0,614882.73
11.83,11.9,11.75,11.81,550611136.0,465106.27
11.8,11.86,11.74,11.77,357369152.0,303262.71
11.77,11.82,11.71,11.72,350344928.0,298169.27
11.74,12.22,11.68,12.17,1055110784.0,878757.72
12.17,12.41,12.1,12.39,910372288.0,740510.75
12.35,12.450000000000001,12.14,12.44,1016605888.0,824459.09
